0;0;0;0;land;false;unknown;0
1;68;251;228;land;false;hills;1
2;91;236;194;land;false;mountain;1
3;234;224;199;land;false;plains;1
4;210;198;243;land;true;urban;1
5;89;242;171;land;false;forest;1
6;199;193;245;land;false;plains;1
7;217;215;234;land;false;mountain;1
8;246;77;244;land;false;hills;1
9;249;181;153;land;false;urban;1
10;250;62;200;land;false;forest;1
11;245;100;235;land;false;urban;1
12;179;145;204;land;false;forest;1
13;153;136;239;land;false;plains;1
14;172;252;194;land;false;mountain;1
15;211;185;181;land;false;forest;1
16;166;155;180;land;true;plains;1
17;208;205;156;land;false;hills;1
18;208;239;107;land;false;hills;1
19;222;83;246;land;false;hills;1
20;208;222;132;land;false;hills;1
21;69;246;187;land;false;mountain;1
22;235;167;132;land;false;plains;1
23;85;241;204;land;false;plains;1
24;52;240;215;land;false;hills;1
25;206;63;239;land;false;forest;1
26;215;239;134;land;false;plains;1
27;194;245;210;land;false;plains;1
28;138;142;224;land;true;forest;1
29;233;121;180;land;false;hills;1
30;226;232;250;land;false;hills;1
31;226;252;106;land;false;mountain;1
32;165;201;254;land;false;urban;1
33;225;234;122;land;false;hills;1
34;235;196;166;land;false;plains;1
35;253;159;214;land;false;hills;1
36;186;199;239;land;false;plains;1
37;248;96;197;land;false;hills;1
38;138;144;247;land;false;plains;1
39;230;235;102;land;false;hills;1
40;204;178;226;land;false;plains;1
41;222;174;109;land;false;hills;1
42;247;197;234;land;false;forest;1
43;104;161;239;land;false;plains;1
44;190;99;227;land;false;urban;1
45;121;192;195;land;false;urban;1
46;217;107;188;land;false;forest;1
47;216;249;73;land;false;plains;1
48;132;235;169;land;false;plains;1
49;147;180;233;land;false;forest;1
50;207;191;109;land;false;mountain;1
51;196;160;215;land;false;plains;1
52;190;128;196;land;false;hills;1
53;217;241;93;land;true;forest;1
54;233;234;90;land;false;forest;1
55;170;140;229;land;false;plains;1
56;238;211;91;land;false;plains;1
57;213;210;156;land;false;plains;1
58;73;248;227;land;false;hills;1
59;242;197;164;land;false;urban;1
60;184;236;227;land;false;plains;1
61;197;203;223;land;false;mountain;1
62;210;166;183;land;false;forest;1
63;231;247;237;land;false;urban;1
64;220;203;200;land;false;plains;1
65;243;193;200;land;false;forest;1
66;249;179;125;land;false;mountain;1
67;248;230;82;land;false;hills;1
68;136;218;231;land;false;mountain;1
69;250;81;240;land;false;hills;1
70;234;247;78;land;false;hills;1
71;236;155;148;land;false;hills;1
72;100;250;226;land;true;hills;1
73;248;233;226;land;false;forest;1
74;173;179;190;land;false;mountain;1
75;162;250;159;land;false;plains;1
76;228;161;195;land;false;forest;1
77;231;120;248;land;false;hills;1
78;223;224;57;land;false;plains;1
79;239;238;33;land;false;hills;1
80;174;210;171;land;false;plains;1
81;214;187;199;land;false;plains;1
82;246;84;243;land;false;hills;1
83;243;222;73;land;false;plains;1
84;219;140;241;land;false;forest;1
85;211;207;204;land;false;hills;1
86;213;234;147;land;false;plains;1
87;243;133;125;land;false;plains;1
88;243;177;128;land;false;plains;1
89;179;188;242;land;false;forest;1
90;204;191;119;land;false;mountain;1
91;192;227;103;land;false;hills;1
92;251;58;249;land;false;mountain;1
93;99;208;231;land;false;hills;1
94;193;175;185;land;false;hills;1
95;221;235;76;land;false;forest;1
96;109;195;211;land;false;hills;1
97;236;233;141;land;false;mountain;1
98;219;190;192;land;false;plains;1
99;235;194;200;land;false;plains;1
100;246;177;143;land;false;plains;1
101;171;149;253;land;false;hills;1
102;120;197;227;land;false;hills;1
103;106;229;186;land;false;plains;1
104;237;244;47;land;false;forest;1
105;207;192;163;land;false;hills;1
106;250;227;190;land;false;hills;1
107;236;63;224;land;false;hills;1
108;91;227;251;land;true;urban;1
109;154;251;164;land;false;plains;1
110;121;248;249;land;false;plains;1
111;163;189;183;land;false;hills;1
112;217;232;116;land;false;plains;1
113;199;226;124;land;false;plains;1
114;172;172;189;land;true;urban;1
115;221;130;222;land;false;hills;1
116;172;223;231;land;false;mountain;1
117;244;209;156;land;false;plains;1
118;207;173;213;land;false;mountain;1
119;176;182;191;land;false;plains;1
120;223;90;219;land;false;plains;1
121;233;175;106;land;false;mountain;1
122;176;219;196;land;false;mountain;1
123;161;215;250;land;false;forest;1
124;197;179;199;land;false;mountain;1
125;146;217;237;land;false;hills;1
126;219;238;188;land;true;plains;1
127;159;238;152;land;false;plains;1
128;222;249;234;land;false;forest;1
129;223;54;246;land;false;plains;1
130;206;215;160;land;false;forest;1
131;236;250;108;land;false;hills;1
132;226;129;222;land;false;forest;1
133;192;197;209;land;false;hills;1
134;245;102;222;land;false;forest;1
135;246;124;184;land;false;forest;1
136;207;248;194;land;false;hills;1
137;157;224;240;land;false;forest;1
138;215;142;202;land;false;urban;1
139;219;140;254;land;false;forest;1
140;250;206;125;land;false;mountain;1
141;136;230;250;land;false;hills;1
142;247;238;174;land;false;plains;1
143;201;65;252;land;false;plains;1
144;74;196;242;land;false;hills;1
145;154;150;251;land;false;plains;1
146;217;185;173;land;false;plains;1
147;112;214;233;land;false;hills;1
148;142;120;253;land;false;hills;1
149;164;202;199;land;false;mountain;1
150;98;197;241;land;false;plains;1
151;173;214;174;land;false;forest;1
152;233;181;135;land;false;hills;1
153;240;72;231;land;false;plains;1
154;199;123;224;land;false;urban;1
155;246;184;224;land;false;hills;1
156;208;129;247;land;false;plains;1
157;210;220;160;land;false;forest;1
158;231;192;216;land;false;plains;1
159;249;237;71;land;false;mountain;1
160;123;222;169;land;false;plains;1
161;248;135;134;land;false;mountain;1
162;91;189;221;land;false;plains;1
163;235;101;182;land;false;plains;1
164;229;233;180;land;false;plains;1
165;155;202;182;land;false;mountain;1
166;159;215;152;land;false;plains;1
167;245;34;234;land;false;forest;1
168;244;162;117;land;false;hills;1
169;241;122;243;land;false;hills;1
170;195;220;143;land;false;hills;1
171;166;225;112;land;false;mountain;1
172;210;222;153;land;false;hills;1
173;199;234;79;land;false;hills;1
174;204;211;177;land;false;plains;1
175;164;191;176;land;false;forest;1
176;207;62;249;land;false;forest;1
177;174;151;194;land;false;plains;1
178;208;137;174;land;false;forest;1
179;201;188;140;land;false;hills;1
180;245;229;124;land;false;mountain;1
181;147;194;213;land;false;plains;1
182;85;234;199;land;false;plains;1
183;231;240;245;land;false;plains;1
184;214;133;250;land;false;hills;1
185;208;144;156;land;false;plains;1
186;49;246;214;land;false;plains;1
187;160;243;242;land;true;urban;1
188;254;243;248;land;false;forest;1
189;226;157;185;land;false;plains;1
190;187;251;68;land;false;forest;1
191;141;239;229;land;false;mountain;1
192;115;225;226;land;false;plains;1
193;227;180;101;land;false;hills;1
194;131;246;194;land;false;hills;1
195;240;191;201;land;false;hills;1
196;118;250;244;land;false;plains;1
197;185;167;230;land;false;forest;1
198;145;182;211;land;false;plains;1
199;158;249;181;land;false;mountain;1
200;183;219;161;land;false;forest;1
201;245;45;212;land;false;hills;1
202;208;194;124;land;true;plains;1
203;252;249;75;land;false;mountain;1
204;115;156;232;land;false;plains;1
205;174;196;219;land;false;plains;1
206;170;157;234;land;false;plains;1
207;254;240;100;land;false;hills;1
208;179;192;139;land;false;plains;1
209;226;221;200;land;false;mountain;1
210;244;190;220;land;false;plains;1
211;157;246;129;land;false;forest;1
212;195;164;219;land;false;hills;1
213;230;116;193;land;false;urban;1
214;154;139;230;land;false;plains;1
215;220;218;131;land;false;forest;1
216;139;238;191;land;false;mountain;1
217;187;253;246;land;false;plains;1
218;251;236;118;land;false;forest;1
219;209;247;52;land;false;urban;1
220;246;200;246;land;false;forest;1
221;162;227;203;land;false;hills;1
222;219;160;183;land;false;forest;1
223;144;206;204;land;false;forest;1
224;244;163;247;land;false;urban;1
225;152;248;209;land;true;forest;1
226;35;243;236;land;false;hills;1
227;134;187;209;land;false;hills;1
228;177;184;247;land;false;mountain;1
229;61;214;228;land;false;urban;1
230;215;62;253;land;false;plains;1
231;245;170;141;land;false;plains;1
232;144;169;202;land;false;forest;1
233;139;221;221;land;false;hills;1
234;234;118;204;land;false;hills;1
235;129;221;170;land;false;hills;1
236;103;252;253;land;false;plains;1
237;125;155;242;land;false;forest;1
238;134;249;172;land;false;plains;1
239;244;73;213;land;false;hills;1
240;138;201;236;land;false;forest;1
241;221;224;118;land;false;forest;1
242;115;191;231;land;false;forest;1
243;200;226;113;land;false;forest;1
244;146;249;224;land;false;forest;1
245;219;80;250;land;false;plains;1
246;253;43;212;land;false;plains;1
247;136;209;251;land;false;mountain;1
248;241;153;184;land;false;mountain;1
249;244;64;211;land;true;urban;1
250;251;221;29;land;false;hills;1
251;245;135;130;land;false;plains;1
252;214;216;137;land;false;urban;1
253;214;191;238;land;false;forest;1
254;223;235;238;land;false;hills;1
255;187;71;244;land;false;urban;1
256;223;135;228;land;false;forest;1
257;201;215;93;land;false;hills;1
258;229;100;227;land;false;hills;1
259;211;221;85;land;false;forest;1
260;178;219;201;land;false;forest;1
261;185;205;236;land;false;mountain;1
262;219;114;242;land;false;plains;1
263;252;170;89;land;false;forest;1
264;187;228;129;land;false;hills;1
265;157;221;127;land;false;forest;1
266;232;161;244;land;true;plains;1
267;127;145;229;land;false;mountain;1
268;177;161;206;land;false;plains;1
269;246;166;187;land;false;forest;1
270;108;210;224;land;false;plains;1
271;94;246;245;land;false;plains;1
272;139;191;214;land;false;plains;1
273;134;139;248;land;false;mountain;1
274;196;247;173;land;false;mountain;1
275;70;218;225;land;false;plains;1
276;85;239;213;land;false;mountain;1
277;232;207;99;land;false;plains;1
278;172;214;199;land;false;plains;1
279;233;129;153;land;false;mountain;1
280;111;252;234;land;false;urban;1
281;239;180;133;land;false;forest;1
282;114;243;248;land;false;forest;1
283;235;55;214;land;false;plains;1
284;254;210;149;land;false;forest;1
285;145;229;173;land;false;forest;1
286;236;254;11;land;false;forest;1
287;217;172;179;land;true;hills;1
288;251;164;181;land;false;plains;1
289;228;220;85;land;false;forest;1
290;219;67;225;land;false;forest;1
291;119;208;209;land;false;hills;1
292;222;115;180;land;false;hills;1
293;236;236;150;land;false;urban;1
294;210;239;247;land;false;forest;1
295;173;188;167;land;false;forest;1
296;244;22;248;land;false;plains;1
297;226;62;242;land;false;plains;1
298;201;175;251;land;false;plains;1
299;202;107;245;land;false;hills;1
300;219;111;173;land;false;forest;1
301;225;102;193;land;false;hills;1
302;203;254;46;land;false;forest;1
303;130;207;171;land;false;hills;1
304;247;203;110;land;false;plains;1
305;209;247;106;land;false;plains;1
306;237;181;129;land;true;urban;1
307;228;186;96;land;true;forest;1
308;166;243;143;land;false;hills;1
309;224;231;122;land;false;plains;1
310;94;241;240;land;false;mountain;1
311;152;176;207;land;false;plains;1
312;229;138;208;land;false;plains;1
313;190;107;248;land;false;mountain;1
314;215;163;192;land;false;mountain;1
315;216;151;209;land;false;plains;1
316;223;97;236;land;false;plains;1
317;209;171;208;land;false;urban;1
318;227;248;205;land;false;hills;1
319;205;180;122;land;false;hills;1
320;202;170;253;land;false;plains;1
321;182;162;174;land;false;plains;1
322;110;227;244;land;false;plains;1
323;218;243;206;land;false;plains;1
324;212;200;244;land;false;hills;1
325;235;172;123;land;false;hills;1
326;244;252;166;land;false;plains;1
327;240;230;103;land;false;plains;1
328;241;246;163;land;false;mountain;1
329;212;194;152;land;false;hills;1
330;233;151;211;land;false;hills;1
331;112;236;192;land;false;forest;1
332;198;173;164;land;false;mountain;1
333;89;202;234;land;false;hills;1
334;206;175;234;land;false;plains;1
335;218;114;240;land;false;plains;1
336;208;227;210;land;false;mountain;1
337;225;98;198;land;false;forest;1
338;239;125;233;land;false;mountain;1
339;140;176;227;land;false;urban;1
340;242;215;241;land;false;plains;1
341;182;227;171;land;false;plains;1
342;222;219;186;land;false;plains;1
343;168;247;221;land;false;hills;1
344;178;171;222;land;false;mountain;1
345;243;193;136;land;true;forest;1
346;133;211;181;land;false;forest;1
347;190;248;202;land;false;forest;1
348;164;177;175;land;false;forest;1
349;254;248;223;land;false;plains;1
350;212;242;150;land;false;hills;1
351;215;235;133;land;false;plains;1
352;77;234;209;land;false;forest;1
353;223;163;191;land;false;hills;1
354;249;83;226;land;false;forest;1
355;55;209;253;land;false;plains;1
356;180;247;195;land;false;mountain;1
357;143;234;229;land;false;plains;1
358;224;214;75;land;false;plains;1
359;108;218;179;land;false;hills;1
360;198;143;240;land;false;plains;1
361;237;187;152;land;false;plains;1
362;149;229;172;land;false;forest;1
363;229;250;158;land;false;hills;1
364;221;162;195;land;false;mountain;1
365;249;208;175;land;false;forest;1
366;251;173;186;land;false;hills;1
367;193;208;181;land;false;mountain;1
368;216;237;54;land;false;plains;1
369;185;159;237;land;false;plains;1
370;252;194;65;land;false;forest;1
371;211;78;246;land;false;forest;1
372;204;158;169;land;false;hills;1
373;253;144;163;land;false;hills;1
374;241;245;21;land;false;forest;1
375;143;205;158;land;false;plains;1
376;165;215;238;land;false;hills;1
377;204;175;254;land;false;hills;1
378;159;239;190;land;false;mountain;1
379;200;211;253;land;false;hills;1
380;171;249;93;land;false;hills;1
381;42;247;217;land;false;hills;1
382;135;201;184;land;false;plains;1
383;71;249;202;land;false;mountain;1
384;210;218;209;land;false;plains;1
385;226;153;180;land;false;forest;1
386;75;215;231;land;false;hills;1
387;84;217;243;land;false;plains;1
388;237;208;150;land;false;hills;1
389;191;72;249;land;false;plains;1
390;229;48;226;land;false;urban;1
391;246;175;159;land;false;hills;1
392;134;222;202;land;false;plains;1
393;93;246;198;land;false;forest;1
394;229;229;133;land;false;hills;1
395;233;250;84;land;false;forest;1
396;224;165;213;land;true;plains;1
397;241;118;223;land;false;hills;1
398;189;159;165;land;false;forest;1
399;155;193;239;land;false;plains;1
400;226;189;96;land;false;mountain;1
401;126;204;213;land;false;mountain;1
402;95;227;240;land;false;hills;1
403;139;254;244;land;false;mountain;1
404;172;215;150;land;false;plains;1
405;214;117;186;land;false;plains;1
406;225;242;101;land;false;forest;1
407;143;240;223;land;false;hills;1
408;225;167;124;land;false;forest;1
409;143;233;128;land;false;plains;1
410;195;127;247;land;false;forest;1
411;237;160;168;land;false;hills;1
412;247;239;233;land;false;forest;1
413;225;132;196;land;false;forest;1
414;196;238;137;land;false;forest;1
415;195;219;174;land;false;plains;1
416;164;173;226;land;false;mountain;1
417;142;254;211;land;false;mountain;1
418;203;99;225;land;false;hills;1
419;244;252;21;land;false;hills;1
420;241;199;126;land;false;mountain;1
421;254;241;28;land;false;plains;1
422;108;197;247;land;false;forest;1
423;204;138;170;land;false;plains;1
424;100;222;186;land;false;plains;1
425;240;253;171;land;false;forest;1
426;196;151;171;land;false;hills;1
427;242;158;202;land;false;plains;1
428;230;194;112;land;false;forest;1
429;113;241;156;land;false;plains;1
430;85;240;216;land;false;plains;1
431;128;153;237;land;false;plains;1
432;232;110;238;land;false;plains;1
433;182;247;92;land;false;mountain;1
434;201;226;103;land;false;hills;1
435;192;99;224;land;false;mountain;1
436;183;177;241;land;false;plains;1
437;219;225;210;land;false;plains;1
438;207;193;115;land;false;hills;1
439;204;174;157;land;false;forest;1
440;235;252;162;land;false;hills;1
441;234;130;232;land;false;plains;1
442;96;226;193;land;false;hills;1
443;129;222;180;land;false;forest;1
444;189;206;165;land;false;forest;1
445;128;245;191;land;true;plains;1
446;216;162;177;land;false;urban;1
447;161;220;167;land;false;hills;1
448;155;218;134;land;false;plains;1
449;168;205;240;land;false;urban;1
450;124;244;193;land;false;mountain;1
451;222;174;192;land;false;forest;1
452;213;109;193;land;false;plains;1
453;142;243;179;land;false;forest;1
454;204;133;176;land;false;mountain;1
455;168;172;181;land;false;hills;1
456;247;172;238;land;false;forest;1
457;247;149;244;land;false;plains;1
458;148;149;211;land;false;hills;1
459;245;100;242;land;false;mountain;1
460;208;168;125;land;false;plains;1
461;231;135;155;land;false;hills;1
462;237;155;160;land;false;hills;1
463;153;176;209;land;false;hills;1
464;113;213;238;land;false;mountain;1
465;223;134;169;land;false;forest;1
466;66;219;216;land;false;plains;1
467;229;189;98;land;false;forest;1
468;224;227;146;land;false;hills;1
469;211;153;242;land;false;hills;1
470;239;251;155;land;false;plains;1
471;194;242;104;land;false;hills;1
472;193;228;226;land;false;hills;1
473;147;178;199;land;false;plains;1
474;175;191;166;land;false;plains;1
475;232;137;145;land;false;mountain;1
476;108;252;173;land;false;plains;1
477;226;170;178;land;false;mountain;1
478;158;189;163;land;false;forest;1
479;138;217;232;land;false;mountain;1
480;222;202;121;land;false;plains;1
481;161;224;137;land;false;hills;1
482;248;227;155;land;false;urban;1
483;227;201;81;land;false;forest;1
484;182;187;191;land;false;plains;1
485;175;148;201;land;false;plains;1
486;236;208;141;land;true;plains;1
487;244;187;169;land;false;plains;1
488;165;183;234;land;true;plains;1
489;231;246;231;land;false;plains;1
490;252;233;247;land;false;mountain;1
491;253;144;193;land;false;hills;1
492;227;106;236;land;false;plains;1
493;210;130;209;land;false;plains;1
494;176;243;140;land;false;hills;1
495;206;131;242;land;false;plains;1
496;176;178;217;land;false;plains;1
497;217;160;220;land;false;hills;1
498;51;247;247;land;false;hills;1
499;215;205;254;land;false;hills;1
500;167;237;107;land;false;hills;1
501;181;219;175;land;false;forest;1
502;246;90;245;land;false;forest;1
503;43;252;226;land;false;hills;1
504;179;237;96;land;false;forest;1
505;189;254;77;land;false;forest;1
506;222;229;191;land;false;forest;1
507;233;178;127;land;false;mountain;1
508;241;194;215;land;false;plains;1
509;169;174;222;land;false;mountain;1
510;125;172;250;land;false;forest;1
511;197;146;193;land;false;plains;1
512;195;190;177;land;false;plains;1
513;104;249;197;land;false;urban;1
514;192;205;173;land;false;hills;1
515;138;211;206;land;false;mountain;1
516;202;232;104;land;false;plains;1
517;221;234;109;land;false;plains;1
518;200;224;212;land;false;forest;1
519;253;227;253;land;false;hills;1
520;202;244;82;land;false;hills;1
521;176;223;200;land;false;forest;1
522;231;118;227;land;false;hills;1
523;239;59;251;land;false;forest;1
524;158;173;254;land;false;hills;1
525;134;131;237;land;false;plains;1
526;241;175;174;land;false;hills;1
527;251;149;101;land;false;urban;1
528;218;188;119;land;false;urban;1
529;114;236;217;land;false;hills;1
530;234;224;212;land;false;plains;1
531;228;186;145;land;false;plains;1
532;250;180;240;land;false;plains;1
533;242;69;216;land;false;plains;1
534;138;226;213;land;false;forest;1
535;175;124;209;land;false;forest;1
536;213;221;77;land;false;hills;1
537;253;248;92;land;false;mountain;1
538;208;218;233;land;false;hills;1
539;134;219;174;land;false;hills;1
540;146;147;223;land;false;hills;1
541;87;219;200;land;false;hills;1
542;215;215;229;land;false;forest;1
543;232;226;135;land;false;forest;1
544;161;130;233;land;false;plains;1
545;232;138;154;land;false;plains;1
546;102;243;194;land;false;plains;1
547;244;21;253;land;false;plains;1
548;105;243;244;land;false;forest;1
549;89;176;238;land;false;plains;1
550;75;247;228;land;false;plains;1
551;194;165;239;land;false;plains;1
552;118;164;228;land;true;forest;1
553;218;154;155;land;true;plains;1
554;194;179;222;land;false;urban;1
555;198;245;133;land;false;plains;1
556;192;226;198;land;true;plains;1
557;238;145;224;land;false;mountain;1
558;245;231;246;land;false;forest;1
559;133;152;222;land;false;hills;1
560;223;160;222;land;false;plains;1
561;203;215;111;land;false;forest;1
562;139;247;197;land;false;mountain;1
563;223;223;128;land;false;mountain;1
564;203;195;218;land;false;plains;1
565;104;193;250;land;false;forest;1
566;233;104;208;land;false;plains;1
567;243;195;242;land;false;urban;1
568;222;243;159;land;false;mountain;1
569;106;206;189;land;false;forest;1
570;248;125;173;land;false;hills;1
571;143;196;167;land;false;forest;1
572;59;251;244;land;false;plains;1
573;209;54;242;land;false;forest;1
574;143;210;177;land;false;plains;1
575;232;250;101;land;false;plains;1
576;97;219;221;land;false;plains;1
577;76;250;232;land;false;hills;1
578;234;227;50;land;false;hills;1
579;195;192;143;land;false;hills;1
580;197;177;146;land;false;plains;1
581;135;243;229;land;false;plains;1
582;237;139;164;land;false;plains;1
583;131;207;194;land;false;plains;1
584;115;234;189;land;false;forest;1
585;246;193;89;land;false;mountain;1
586;101;164;239;land;false;hills;1
587;111;203;205;land;false;urban;1
588;144;207;172;land;false;plains;1
589;226;234;61;land;false;hills;1
590;192;227;111;land;false;forest;1
591;237;247;169;land;false;forest;1
592;189;210;227;land;false;plains;1
593;236;124;164;land;false;plains;1
594;231;183;154;land;false;forest;1
595;212;156;204;land;false;urban;1
596;192;180;137;land;false;hills;1
597;250;204;106;land;false;mountain;1
598;230;224;127;land;false;forest;1
599;149;240;113;land;false;urban;1
600;140;254;226;land;false;plains;1
601;188;188;184;land;false;urban;1
602;242;236;129;land;false;mountain;1
603;178;242;240;land;false;hills;1
604;223;123;235;land;false;hills;1
605;167;252;90;land;false;plains;1
606;166;138;219;land;false;urban;1
607;227;150;196;land;false;plains;1
608;202;160;185;land;false;plains;1
609;200;178;172;land;false;mountain;1
610;195;117;244;land;false;forest;1
611;189;108;253;land;false;mountain;1
612;223;245;251;land;false;forest;1
613;254;126;241;land;false;forest;1
614;242;231;190;land;false;hills;1
615;131;170;209;land;false;mountain;1
616;194;147;223;land;false;hills;1
617;247;192;106;land;false;mountain;1
618;176;246;243;land;false;hills;1
619;185;250;138;land;false;hills;1
620;254;96;238;land;false;plains;1
621;219;157;210;land;false;forest;1
622;94;248;189;land;false;hills;1
623;233;142;163;land;false;forest;1
624;183;231;209;land;false;mountain;1
625;144;218;178;land;false;forest;1
626;198;222;215;land;false;hills;1
627;155;165;217;land;false;forest;1
628;72;249;243;land;false;plains;1
629;188;168;219;land;true;hills;1
630;219;216;155;land;true;forest;1
631;234;68;242;land;false;forest;1
632;234;174;199;land;false;forest;1
633;157;178;179;land;false;hills;1
634;160;229;218;land;false;hills;1
635;192;121;209;land;false;hills;1
636;251;200;118;land;false;forest;1
637;125;205;224;land;false;hills;1
638;231;196;123;land;false;mountain;1
639;186;238;123;land;false;forest;1
640;186;213;116;land;false;urban;1
641;244;144;197;land;true;forest;1
642;208;233;111;land;false;plains;1
643;131;244;192;land;false;mountain;1
644;227;146;181;land;false;hills;1
645;157;188;211;land;true;forest;1
646;232;209;149;land;false;hills;1
647;180;206;164;land;false;forest;1
648;62;249;205;land;false;plains;1
649;137;196;228;land;false;hills;1
650;204;126;179;land;false;forest;1
651;171;254;137;land;false;hills;1
652;241;97;251;land;false;forest;1
653;195;137;217;land;false;hills;1
654;173;206;227;land;false;plains;1
655;167;128;226;land;false;urban;1
656;167;230;220;land;false;forest;1
657;145;176;210;land;false;hills;1
658;251;126;236;land;false;plains;1
659;213;143;200;land;false;plains;1
660;252;226;69;land;false;mountain;1
661;238;239;173;land;false;hills;1
662;214;102;195;land;false;hills;1
663;208;231;120;land;false;hills;1
664;145;249;145;land;false;plains;1
665;238;193;159;land;false;forest;1
666;253;172;144;land;false;forest;1
667;178;230;102;land;false;mountain;1
668;190;204;111;land;false;hills;1
669;181;157;186;land;false;hills;1
670;244;132;190;land;false;plains;1
671;250;183;228;land;true;plains;1
672;83;235;192;land;false;hills;1
673;101;244;186;land;false;plains;1
674;237;215;122;land;false;plains;1
675;218;135;191;land;false;urban;1
676;147;137;251;land;false;hills;1
677;159;174;240;land;false;hills;1
678;181;123;207;land;false;hills;1
679;244;198;202;land;false;plains;1
680;225;166;228;land;false;forest;1
681;195;139;204;land;false;plains;1
682;193;250;88;land;false;hills;1
683;206;183;175;land;true;plains;1
684;247;89;186;land;false;hills;1
685;232;189;124;land;false;plains;1
686;42;242;236;land;false;plains;1
687;197;205;117;land;false;plains;1
688;192;150;220;land;false;forest;1
689;125;208;222;land;false;mountain;1
690;198;200;124;land;false;mountain;1
691;190;153;219;land;false;hills;1
692;171;181;244;land;false;plains;1
693;47;253;205;land;true;plains;1
694;226;191;167;land;false;hills;1
695;100;201;241;land;false;plains;1
696;189;237;253;land;false;forest;1
697;143;223;207;land;false;plains;1
698;215;131;223;land;false;hills;1
699;167;163;202;land;false;plains;1
700;240;200;178;land;false;hills;1
701;162;164;176;land;false;mountain;1
702;186;118;204;land;false;forest;1
703;241;48;216;land;false;mountain;1
704;228;66;243;land;false;forest;1
705;168;83;253;land;false;forest;1
706;154;177;176;land;false;hills;1
707;203;209;193;land;false;hills;1
708;57;243;233;land;false;hills;1
709;223;249;150;land;false;forest;1
710;198;166;240;land;false;mountain;1
711;92;246;169;land;false;hills;1
712;208;220;86;land;false;hills;1
713;243;240;40;land;false;forest;1
714;157;251;118;land;false;plains;1
715;245;146;205;land;false;plains;1
716;213;217;142;land;false;mountain;1
717;215;93;231;land;false;plains;1
718;114;178;212;land;false;mountain;1
719;245;132;172;land;false;plains;1
720;170;163;183;land;false;hills;1
721;241;234;126;land;false;hills;1
722;254;184;124;land;false;forest;1
723;244;244;53;land;false;hills;1
724;252;196;153;land;false;hills;1
725;189;128;209;land;false;hills;1
726;204;147;230;land;false;forest;1
727;254;109;152;land;false;mountain;1
728;114;195;243;land;false;hills;1
729;86;249;178;land;false;hills;1
730;185;191;188;land;false;plains;1
731;72;211;218;land;false;forest;1
732;215;232;64;land;false;plains;1
733;49;227;232;land;false;plains;1
734;253;110;182;land;false;urban;1
735;209;243;88;land;false;forest;1
736;93;211;247;land;false;forest;1
737;139;240;183;land;false;hills;1
738;241;196;204;land;false;hills;1
739;64;246;198;land;false;mountain;1
740;241;177;198;land;false;hills;1
741;213;230;156;land;false;plains;1
742;156;212;235;land;false;forest;1
743;222;99;185;land;false;urban;1
744;114;248;227;land;false;hills;1
745;250;199;193;land;false;plains;1
746;225;194;249;land;false;forest;1
747;175;215;209;land;false;hills;1
748;236;141;174;land;false;urban;1
749;253;221;193;land;false;urban;1
750;147;248;209;land;false;plains;1
751;139;205;229;land;false;hills;1
752;212;214;133;land;false;mountain;1
753;161;228;236;land;false;hills;1
754;234;164;159;land;false;plains;1
755;237;214;233;land;false;plains;1
756;225;102;190;land;false;plains;1
757;231;142;129;land;false;hills;1
758;99;210;240;land;false;hills;1
759;231;247;120;land;false;forest;1
760;79;228;239;land;false;hills;1
761;222;131;202;land;false;hills;1
762;167;251;142;land;false;mountain;1
763;189;233;144;land;true;hills;1
764;166;194;243;land;false;hills;1
765;164;230;177;land;false;hills;1
766;166;115;229;land;false;forest;1
767;171;185;216;land;false;mountain;1
768;252;63;220;land;false;forest;1
769;222;244;168;land;false;plains;1
770;240;151;208;land;false;plains;1
771;82;237;248;land;false;hills;1
772;167;203;134;land;false;forest;1
773;152;206;199;land;false;hills;1
774;223;56;253;land;false;plains;1
775;172;254;149;land;false;hills;1
776;163;185;195;land;false;plains;1
777;216;139;225;land;false;hills;1
778;234;223;234;land;false;forest;1
779;216;135;188;land;false;forest;1
780;196;139;188;land;false;hills;1
781;205;254;100;land;false;plains;1
782;70;251;212;land;false;hills;1
783;85;243;189;land;false;urban;1
784;235;138;176;land;false;plains;1
785;251;131;159;land;false;plains;1
786;169;209;162;land;false;hills;1
787;240;125;182;land;false;hills;1
788;150;227;164;land;false;plains;1
789;123;212;193;land;false;hills;1
790;228;169;166;land;false;forest;1
791;176;208;136;land;false;forest;1
792;252;63;191;land;false;mountain;1
793;227;79;247;land;true;plains;1
794;99;184;220;land;false;plains;1
795;185;78;240;land;false;urban;1
796;182;133;202;land;false;hills;1
797;77;246;229;land;false;forest;1
798;198;240;108;land;false;urban;1
799;207;122;194;land;false;forest;1
800;144;248;184;land;false;plains;1
801;179;165;206;land;false;hills;1
802;201;184;253;land;false;plains;1
803;115;221;168;land;false;hills;1
804;238;164;154;land;false;hills;1
805;231;246;104;land;false;hills;1
806;246;246;208;land;false;hills;1
807;244;130;235;land;false;hills;1
808;183;240;194;land;false;hills;1
809;218;164;188;land;false;plains;1
810;197;188;195;land;false;mountain;1
811;232;132;240;land;false;plains;1
812;228;245;131;land;false;hills;1
813;207;119;242;land;false;mountain;1
814;93;230;237;land;false;hills;1
815;167;213;122;land;false;plains;1
816;224;254;44;land;false;hills;1
817;103;251;187;land;false;forest;1
818;161;157;227;land;false;plains;1
819;160;199;182;land;false;plains;1
820;178;199;238;land;false;urban;1
821;145;236;151;land;false;plains;1
822;226;92;209;land;false;urban;1
823;156;183;218;land;false;forest;1
824;250;216;61;land;false;hills;1
825;108;244;227;land;false;plains;1
826;135;127;247;land;false;forest;1
827;226;205;234;land;false;plains;1
828;206;214;98;land;false;forest;1
829;231;186;89;land;true;urban;1
830;208;245;50;land;false;plains;1
831;215;216;240;land;false;hills;1
832;185;207;239;land;false;hills;1
833;187;221;134;land;false;hills;1
834;227;172;249;land;false;plains;1
835;244;149;137;land;false;mountain;1
836;189;140;178;land;false;hills;1
837;244;244;47;land;false;plains;1
838;107;206;253;land;false;plains;1
839;105;245;182;land;false;hills;1
840;222;240;82;land;false;hills;1
841;70;210;253;land;false;forest;1
842;203;179;127;land;false;hills;1
843;200;228;134;land;false;urban;1
844;192;227;101;land;false;hills;1
845;107;232;206;land;false;forest;1
846;252;244;13;land;false;forest;1
847;223;88;244;land;false;mountain;1
848;143;197;169;land;false;plains;1
849;250;247;88;land;false;forest;1
850;198;234;224;land;false;hills;1
851;178;232;123;land;false;mountain;1
852;150;176;196;land;false;plains;1
853;205;227;146;land;false;forest;1
854;249;24;235;land;false;plains;1
855;163;216;175;land;false;urban;1
856;185;112;212;land;false;mountain;1
857;214;196;155;land;false;hills;1
858;236;195;214;land;false;plains;1
859;236;116;188;land;false;hills;1
860;147;222;235;land;false;plains;1
861;184;137;201;land;false;hills;1
862;233;155;165;land;false;plains;1
863;175;162;239;land;false;hills;1
864;97;223;217;land;true;plains;1
865;186;227;131;land;false;hills;1
866;119;212;198;land;false;forest;1
867;129;219;248;land;false;plains;1
868;86;235;217;land;false;plains;1
869;208;247;188;land;false;plains;1
870;247;96;213;land;false;plains;1
871;235;242;253;land;false;mountain;1
872;131;217;188;land;false;plains;1
873;51;246;254;land;false;plains;1
874;246;162;222;land;false;hills;1
875;223;188;91;land;false;mountain;1
876;150;219;251;land;false;plains;1
877;218;169;215;land;false;plains;1
878;147;176;246;land;false;hills;1
879;253;131;157;land;false;hills;1
880;237;226;113;land;false;urban;1
881;219;95;208;land;false;urban;1
882;50;225;235;land;false;plains;1
883;109;179;246;land;false;hills;1
884;225;249;208;land;false;plains;1
885;185;87;230;land;false;urban;1
886;151;228;138;land;false;forest;1
887;147;229;134;land;false;forest;1
888;244;90;235;land;false;urban;1
889;230;236;82;land;false;forest;1
890;216;175;179;land;false;plains;1
891;195;189;188;land;false;hills;1
892;163;193;207;land;false;urban;1
893;248;124;252;land;false;hills;1
894;245;177;219;land;false;hills;1
895;138;216;175;land;false;mountain;1
896;226;150;151;land;false;plains;1
897;204;157;146;land;false;mountain;1
898;233;160;220;land;false;forest;1
899;141;198;249;land;false;hills;1
900;250;151;143;land;false;plains;1
901;217;224;193;land;false;plains;1
902;99;245;243;land;false;urban;1
903;79;228;216;land;false;mountain;1
904;127;128;254;land;false;mountain;1
905;251;87;205;land;false;plains;1
906;230;177;131;land;false;forest;1
907;242;151;180;land;false;plains;1
908;130;239;241;land;false;hills;1
909;252;238;205;land;false;hills;1
910;208;211;245;land;false;hills;1
911;213;224;141;land;false;forest;1
912;232;213;197;land;false;hills;1
913;163;216;225;land;false;plains;1
914;144;205;210;land;false;mountain;1
915;141;236;237;land;false;forest;1
916;104;204;218;land;false;mountain;1
917;225;121;226;land;false;forest;1
918;205;226;235;land;false;forest;1
919;167;247;151;land;false;mountain;1
920;227;191;187;land;false;hills;1
921;216;200;226;land;false;hills;1
922;233;161;143;land;false;plains;1
923;196;239;182;land;false;mountain;1
924;158;182;233;land;false;urban;1
925;121;207;210;land;false;hills;1
926;249;242;129;land;false;urban;1
927;94;224;213;land;false;hills;1
928;108;199;209;land;false;hills;1
929;138;182;253;land;true;urban;1
930;71;249;182;land;false;plains;1
931;82;222;198;land;false;urban;1
932;220;235;47;land;false;plains;1
933;155;177;194;land;false;forest;1
934;205;119;248;land;false;forest;1
935;247;213;147;land;false;forest;1
936;87;173;248;land;false;mountain;1
937;149;166;218;land;false;urban;1
938;247;179;92;land;true;hills;1
939;195;111;236;land;false;forest;1
940;200;176;142;land;false;forest;1
941;212;90;233;land;false;plains;1
942;136;119;248;land;false;plains;1
943;203;215;167;land;true;plains;1
944;102;218;241;land;false;mountain;1
945;209;66;238;land;false;plains;1
946;218;253;114;land;false;urban;1
947;140;185;189;land;false;forest;1
948;232;140;142;land;false;hills;1
949;246;237;42;land;false;plains;1
950;234;164;146;land;false;urban;1
951;218;101;193;land;false;plains;1
952;153;162;252;land;false;plains;1
953;146;194;188;land;true;hills;1
954;223;130;215;land;false;plains;1
955;138;203;188;land;false;plains;1
956;172;207;159;land;false;hills;1
957;141;250;243;land;false;plains;1
958;184;181;172;land;false;mountain;1
959;233;86;191;land;false;forest;1
960;225;226;178;land;false;mountain;1
961;215;150;248;land;false;hills;1
962;228;116;239;land;false;mountain;1
963;166;239;242;land;false;forest;1
964;227;234;151;land;false;plains;1
965;162;224;158;land;false;forest;1
966;231;136;197;land;false;forest;1
967;223;227;161;land;false;mountain;1
968;221;185;251;land;false;mountain;1
969;174;130;241;land;false;hills;1
970;218;242;55;land;false;hills;1
971;219;160;217;land;false;plains;1
972;218;212;108;land;false;urban;1
973;157;253;145;land;false;hills;1
974;207;117;222;land;false;mountain;1
975;201;248;77;land;false;plains;1
976;192;108;206;land;false;plains;1
977;210;229;208;land;false;plains;1
978;238;223;203;land;false;plains;1
979;149;188;223;land;false;hills;1
980;243;75;227;land;false;forest;1
981;228;177;109;land;false;plains;1
982;250;251;4;land;false;plains;1
983;69;244;225;land;false;hills;1
984;199;146;196;land;false;forest;1
985;219;209;207;land;false;forest;1
986;245;219;218;land;false;plains;1
987;224;239;99;land;false;forest;1
988;60;230;219;land;false;plains;1
989;196;247;136;land;false;hills;1
990;240;132;162;land;false;hills;1
991;141;227;169;land;false;plains;1
992;248;233;237;land;false;hills;1
993;215;194;107;land;false;forest;1
994;178;217;120;land;false;hills;1
995;159;154;242;land;false;plains;1
996;182;128;206;land;false;hills;1
997;244;86;174;land;false;hills;1
998;141;214;207;land;false;hills;1
999;142;161;249;land;false;plains;1
1000;232;237;203;land;false;hills;1
1001;183;188;174;land;false;forest;1
1002;253;242;194;land;false;hills;1
1003;227;241;200;land;false;plains;1
1004;206;254;96;land;false;hills;1
1005;166;205;163;land;false;plains;1
1006;215;231;158;land;false;plains;1
1007;246;173;148;land;true;plains;1
1008;247;176;169;land;false;forest;1
1009;128;231;151;land;false;mountain;1
1010;228;203;223;land;false;urban;1
1011;144;175;226;land;false;plains;1
1012;122;249;141;land;false;plains;1
1013;219;119;221;land;false;forest;1
1014;220;157;218;land;false;mountain;1
1015;200;242;69;land;false;hills;1
1016;103;246;171;land;false;plains;1
1017;211;76;226;land;false;plains;1
1018;236;234;245;land;false;hills;1
1019;21;239;252;land;false;mountain;1
1020;191;166;215;land;false;hills;1
1021;247;227;250;land;false;hills;1
1022;242;208;194;land;false;hills;1
1023;237;194;150;land;false;urban;1
1024;237;52;218;land;false;forest;1
1025;246;120;241;land;false;plains;1
1026;197;219;231;land;false;plains;1
1027;200;221;254;land;false;forest;1
1028;157;230;132;land;false;hills;1
1029;170;246;137;land;false;forest;1
1030;253;200;175;land;true;hills;1
1031;178;198;194;land;false;plains;1
1032;206;61;244;land;false;forest;1
1033;226;162;210;land;false;plains;1
1034;172;223;205;land;false;mountain;1
1035;247;183;235;land;false;hills;1
1036;132;144;236;land;false;hills;1
1037;186;231;116;land;true;urban;1
1038;120;189;243;land;false;forest;1
1039;226;159;131;land;false;plains;1
1040;246;181;151;land;false;plains;1
1041;247;242;55;land;false;plains;1
1042;188;184;152;land;false;plains;1
1043;233;204;163;land;false;hills;1
1044;225;226;250;land;false;forest;1
1045;170;243;138;land;false;mountain;1
1046;222;192;94;land;false;hills;1
1047;198;187;142;land;false;plains;1
1048;112;163;250;land;false;forest;1
1049;103;212;199;land;false;plains;1
1050;241;222;133;land;false;plains;1
1051;226;170;230;land;false;plains;1
1052;117;193;221;land;false;hills;1
1053;233;182;113;land;false;plains;1
1054;147;148;238;land;false;plains;1
1055;132;240;142;land;true;urban;1
1056;163;143;206;land;false;mountain;1
1057;110;249;232;land;false;mountain;1
1058;244;170;216;land;false;plains;1
1059;63;230;232;land;false;plains;1
1060;183;227;159;land;false;urban;1
1061;224;230;52;land;false;plains;1
1062;205;138;186;land;false;hills;1
1063;200;183;218;land;false;plains;1
1064;230;246;144;land;false;plains;1
1065;63;244;236;land;false;mountain;1
1066;202;153;225;land;false;hills;1
1067;156;191;250;land;false;urban;1
1068;175;91;236;land;false;plains;1
1069;173;252;218;land;false;plains;1
1070;217;215;179;land;false;forest;1
1071;253;160;182;land;false;plains;1
1072;243;213;201;land;false;mountain;1
1073;211;113;222;land;false;plains;1
1074;247;107;238;land;false;forest;1
1075;198;252;170;land;false;hills;1
1076;232;100;189;land;false;mountain;1
1077;155;196;198;land;false;hills;1
1078;224;252;67;land;false;hills;1
1079;197;160;207;land;false;plains;1
1080;246;243;209;land;false;urban;1
1081;249;244;13;land;false;hills;1
1082;206;217;93;land;false;hills;1
1083;199;155;189;land;false;hills;1
1084;214;252;226;land;false;hills;1
1085;125;234;212;land;false;plains;1
1086;213;114;210;land;false;forest;1
1087;215;140;168;land;false;hills;1
1088;131;239;153;land;false;hills;1
1089;147;244;129;land;false;forest;1
1090;254;62;224;land;false;forest;1
1091;104;226;184;land;false;hills;1
1092;239;228;111;land;false;hills;1
1093;163;130;235;land;false;forest;1
1094;175;108;219;land;false;mountain;1
1095;232;161;159;land;false;hills;1
1096;165;162;254;land;false;plains;1
1097;200;229;217;land;false;forest;1
1098;190;219;99;land;false;urban;1
1099;90;198;218;land;false;plains;1
1100;208;111;212;land;false;hills;1
1101;122;180;224;land;false;forest;1
1102;96;251;210;land;false;hills;1
1103;24;250;235;land;false;plains;1
1104;230;99;214;land;false;plains;1
1105;211;198;142;land;false;plains;1
1106;181;92;238;land;false;urban;1
1107;240;172;231;land;false;hills;1
1108;112;243;225;land;false;forest;1
1109;230;226;88;land;false;mountain;1
1110;207;199;179;land;false;plains;1
1111;99;239;235;land;false;hills;1
1112;196;199;165;land;false;plains;1
1113;206;221;89;land;false;mountain;1
1114;90;232;240;land;false;plains;1
1115;36;248;230;land;false;forest;1
1116;242;203;156;land;false;mountain;1
1117;186;223;248;land;true;plains;1
1118;204;194;219;land;false;forest;1
1119;243;212;53;land;false;urban;1
1120;224;234;237;land;false;forest;1
1121;235;59;226;land;false;hills;1
1122;244;112;231;land;false;plains;1
1123;217;110;174;land;false;plains;1
1124;240;135;152;land;false;forest;1
1125;176;245;228;land;false;plains;1
1126;209;217;155;land;false;mountain;1
1127;253;180;219;land;false;urban;1
1128;155;138;208;land;false;hills;1
1129;230;122;150;land;false;forest;1
1130;217;221;227;land;false;hills;1
1131;191;128;236;land;false;hills;1
1132;196;189;156;land;false;urban;1
1133;154;149;227;land;false;plains;1
1134;208;154;230;land;false;mountain;1
1135;107;166;228;land;false;hills;1
1136;246;238;225;land;false;hills;1
1137;166;106;239;land;false;hills;1
1138;224;180;112;land;false;mountain;1
1139;175;183;211;land;false;hills;1
1140;146;191;188;land;false;mountain;1
1141;214;173;194;land;false;hills;1
1142;243;108;171;land;false;plains;1
1143;81;172;252;land;false;hills;1
1144;238;177;99;land;false;hills;1
1145;253;25;235;land;false;mountain;1
1146;197;223;111;land;false;forest;1
1147;252;152;196;land;false;plains;1
1148;238;64;201;land;false;forest;1
1149;182;91;240;land;false;forest;1
1150;92;217;248;land;false;forest;1
1151;215;205;241;land;false;hills;1
1152;91;253;189;land;false;hills;1
1153;212;190;235;land;false;hills;1
1154;213;212;163;land;false;plains;1
1155;157;211;197;land;false;forest;1
1156;195;177;198;land;false;plains;1
1157;189;188;143;land;false;mountain;1
1158;226;225;95;land;false;hills;1
1159;217;239;208;land;false;hills;1
1160;70;228;231;land;false;mountain;1
1161;67;211;251;land;false;hills;1
1162;161;247;223;land;false;hills;1
1163;230;250;174;land;true;plains;1
1164;159;163;193;land;false;plains;1
1165;100;227;184;land;false;plains;1
1166;176;126;231;land;false;mountain;1
1167;146;226;193;land;false;plains;1
1168;150;236;134;land;false;plains;1
1169;194;69;251;land;false;plains;1
1170;173;173;237;land;false;hills;1
1171;253;250;167;land;false;hills;1
1172;122;224;220;land;true;plains;1
1173;151;248;116;land;false;mountain;1
1174;113;191;247;land;false;mountain;1
1175;148;253;186;land;false;plains;1
1176;193;209;121;land;false;plains;1
1177;217;54;246;land;false;plains;1
1178;229;69;231;land;false;forest;1
1179;180;250;216;land;false;hills;1
1180;196;247;78;land;false;hills;1
1181;107;217;189;land;false;plains;1
1182;211;228;189;land;false;plains;1
1183;236;133;182;land;false;hills;1
1184;233;241;41;land;false;plains;1
1185;203;94;232;land;false;plains;1
1186;224;154;195;land;true;plains;1
1187;183;248;87;land;false;plains;1
1188;235;242;153;land;false;forest;1
1189;252;207;211;land;false;plains;1
1190;37;242;246;land;false;plains;1
1191;170;186;249;land;false;plains;1
1192;125;215;210;land;false;forest;1
1193;232;187;245;land;false;plains;1
1194;217;175;184;land;false;plains;1
1195;195;212;194;land;false;plains;1
1196;102;226;229;land;false;hills;1
1197;177;183;186;land;false;plains;1
1198;114;191;219;land;false;hills;1
1199;226;247;71;land;false;plains;1
1200;130;182;234;land;false;forest;1
1201;232;173;182;land;false;plains;1
1202;203;164;149;land;false;plains;1
1203;234;234;151;land;false;mountain;1
1204;170;228;120;land;false;mountain;1
1205;227;158;165;land;false;forest;1
1206;206;247;156;land;false;hills;1
1207;181;187;167;land;false;plains;1
1208;194;243;221;land;false;mountain;1
1209;98;182;237;land;false;plains;1
1210;120;214;224;land;false;plains;1
1211;193;112;240;land;false;forest;1
1212;121;206;246;land;false;mountain;1
1213;236;138;148;land;false;plains;1
1214;232;144;229;land;false;plains;1
1215;235;117;224;land;false;hills;1
1216;234;236;156;land;false;hills;1
1217;176;156;182;land;false;hills;1
1218;233;222;149;land;false;forest;1
1219;121;197;254;land;false;mountain;1
1220;230;156;224;land;false;plains;1
1221;133;215;173;land;false;plains;1
1222;214;209;146;land;false;plains;1
1223;229;217;186;land;false;plains;1
1224;72;234;248;land;false;forest;1
1225;214;170;196;land;false;plains;1
1226;186;84;248;land;false;forest;1
1227;214;210;245;land;false;plains;1
1228;252;202;184;land;false;plains;1
1229;244;232;189;land;false;plains;1
1230;216;69;228;land;false;plains;1
1231;245;253;104;land;false;forest;1
1232;165;175;177;land;false;forest;1
1233;237;136;139;land;false;plains;1
1234;200;187;125;land;false;plains;1
1235;253;248;40;land;false;urban;1
1236;48;252;205;land;false;plains;1
1237;200;139;227;land;false;plains;1
1238;252;233;178;land;false;hills;1
1239;173;231;159;land;false;forest;1
1240;102;217;196;land;false;hills;1
1241;159;204;156;land;false;forest;1
1242;177;145;225;land;false;mountain;1
1243;245;227;57;land;false;plains;1
1244;249;223;139;land;false;forest;1
1245;242;244;17;land;false;plains;1
1246;163;192;229;land;false;hills;1
1247;167;145;204;land;false;plains;1
1248;199;165;155;land;false;mountain;1
1249;213;153;191;land;false;hills;1
1250;237;149;136;land;false;hills;1
1251;206;225;88;land;false;plains;1
1252;240;231;168;land;false;hills;1
1253;77;249;193;land;false;plains;1
1254;94;217;193;land;false;mountain;1
1255;176;117;253;land;false;hills;1
1256;111;192;242;land;false;plains;1
1257;82;230;194;land;false;plains;1
1258;241;188;74;land;false;hills;1
1259;201;208;155;land;false;mountain;1
1260;238;229;175;land;false;forest;1
1261;136;151;235;land;false;hills;1
1262;207;166;159;land;true;plains;1
1263;204;163;248;land;false;hills;1
1264;84;235;186;land;false;hills;1
1265;234;94;197;land;false;mountain;1
1266;136;232;231;land;false;hills;1
1267;118;254;248;land;false;hills;1
1268;187;143;200;land;false;plains;1
1269;145;211;164;land;false;urban;1
1270;198;109;202;land;false;plains;1
1271;142;199;160;land;false;mountain;1
1272;234;173;119;land;false;hills;1
1273;157;181;170;land;false;forest;1
1274;164;215;196;land;false;forest;1
1275;246;136;205;land;true;plains;1
1276;244;191;166;land;false;hills;1
1277;110;242;232;land;false;plains;1
1278;87;173;254;land;false;hills;1
1279;202;222;103;land;true;forest;1
1280;239;235;83;land;false;forest;1
1281;121;207;208;land;false;mountain;1
1282;241;244;103;land;false;forest;1
1283;170;233;192;land;false;plains;1
1284;95;243;177;land;false;hills;1
1285;237;198;89;land;false;hills;1
1286;199;141;196;land;false;hills;1
1287;92;243;216;land;false;forest;1
1288;193;253;118;land;false;plains;1
1289;182;191;250;land;false;mountain;1
1290;71;217;217;land;false;hills;1
1291;80;250;221;land;false;plains;1
1292;209;186;215;land;true;urban;1
1293;235;88;218;land;false;mountain;1
1294;237;225;136;land;false;plains;1
1295;160;218;154;land;false;urban;1
1296;233;180;222;land;false;plains;1
1297;254;132;168;land;false;plains;1
1298;181;232;188;land;false;hills;1
1299;167;207;170;land;false;forest;1
1300;246;178;186;land;false;urban;1
1301;178;215;193;land;false;hills;1
1302;240;232;76;land;false;plains;1
1303;242;64;240;land;false;hills;1
1304;246;145;222;land;false;forest;1
1305;138;171;214;land;false;hills;1
1306;177;233;243;land;false;mountain;1
1307;135;247;163;land;false;plains;1
1308;232;205;132;land;false;forest;1
1309;182;166;218;land;false;hills;1
1310;250;195;64;land;false;urban;1
1311;103;248;199;land;false;mountain;1
1312;215;109;225;land;false;hills;1
1313;228;211;126;land;false;plains;1
1314;87;234;247;land;false;hills;1
1315;239;254;207;land;false;plains;1
1316;157;231;190;land;false;hills;1
1317;231;78;203;land;false;hills;1
1318;245;225;93;land;false;hills;1
1319;215;190;150;land;false;hills;1
1320;219;122;231;land;false;hills;1
1321;120;245;200;land;true;hills;1
1322;229;146;220;land;false;hills;1
1323;231;116;157;land;false;plains;1
1324;244;102;194;land;false;plains;1
1325;217;107;189;land;false;mountain;1
1326;209;143;191;land;false;plains;1
1327;228;182;254;land;false;plains;1
1328;212;105;246;land;false;hills;1
1329;241;196;124;land;false;mountain;1
1330;45;244;224;land;false;plains;1
1331;254;211;62;land;false;plains;1
1332;160;199;206;land;false;forest;1
1333;152;217;186;land;false;forest;1
1334;244;146;159;land;false;forest;1
1335;217;207;225;land;false;hills;1
1336;188;243;201;land;false;hills;1
1337;155;237;242;land;false;plains;1
1338;110;250;200;land;false;forest;1
1339;238;49;241;land;false;mountain;1
1340;134;194;212;land;false;mountain;1
1341;138;205;219;land;false;hills;1
1342;104;237;245;land;false;forest;1
1343;217;202;237;land;false;plains;1
1344;248;229;155;land;false;forest;1
1345;173;251;118;land;false;mountain;1
1346;253;222;49;land;false;plains;1
1347;191;101;251;land;false;hills;1
1348;82;244;225;land;false;forest;1
1349;241;131;254;land;false;hills;1
1350;239;140;220;land;false;hills;1
1351;71;196;236;land;false;mountain;1
1352;154;224;253;land;false;plains;1
1353;211;155;218;land;false;forest;1
1354;216;121;166;land;false;plains;1
1355;216;241;223;land;false;forest;1
1356;208;230;77;land;false;urban;1
1357;217;254;180;land;false;plains;1
1358;254;85;225;land;false;forest;1
1359;183;252;73;land;false;plains;1
1360;112;195;224;land;false;plains;1
1361;92;220;243;land;false;forest;1
1362;166;242;245;land;false;plains;1
1363;204;218;95;land;false;plains;1
1364;147;223;140;land;false;plains;1
1365;240;160;221;land;false;plains;1
1366;109;197;219;land;false;mountain;1
1367;249;80;196;land;false;urban;1
1368;180;101;229;land;false;hills;1
1369;170;217;132;land;false;hills;1
1370;195;202;138;land;false;mountain;1
1371;167;233;226;land;false;mountain;1
1372;218;99;189;land;false;hills;1
1373;172;173;180;land;false;hills;1
1374;218;180;122;land;false;urban;1
1375;245;150;181;land;false;forest;1
1376;223;153;228;land;false;plains;1
1377;218;245;155;land;false;plains;1
1378;237;124;243;land;false;hills;1
1379;241;130;223;land;false;hills;1
1380;193;227;226;land;false;mountain;1
1381;245;116;250;land;false;hills;1
1382;229;96;196;land;false;hills;1
1383;231;222;92;land;false;hills;1
1384;245;198;233;land;false;forest;1
1385;242;40;219;land;false;hills;1
1386;231;160;125;land;false;hills;1
1387;188;102;250;land;false;plains;1
1388;66;246;223;land;false;forest;1
1389;220;231;250;land;false;hills;1
1390;224;156;145;land;false;plains;1
1391;146;253;152;land;false;hills;1
1392;65;205;253;land;false;urban;1
1393;242;214;117;land;false;hills;1
1394;254;206;68;land;false;hills;1
1395;184;145;199;land;false;plains;1
1396;96;182;242;land;false;hills;1
1397;200;207;195;land;false;plains;1
1398;187;77;251;land;false;plains;1
1399;249;84;197;land;false;plains;1
1400;240;80;187;land;false;hills;1
1401;98;164;250;land;false;mountain;1
1402;241;238;202;land;false;urban;1
1403;160;159;196;land;false;forest;1
1404;219;104;189;land;false;forest;1
1405;238;239;186;land;false;hills;1
1406;103;233;254;land;true;forest;1
1407;231;193;135;land;false;urban;1
1408;171;199;149;land;false;plains;1
1409;239;139;216;land;false;plains;1
1410;183;200;139;land;false;urban;1
1411;215;226;177;land;true;plains;1
1412;221;154;238;land;false;forest;1
1413;176;210;247;land;false;hills;1
1414;252;110;254;land;false;urban;1
1415;121;233;247;land;false;forest;1
1416;194;204;109;land;false;plains;1
1417;171;237;178;land;false;forest;1
1418;201;251;117;land;false;hills;1
1419;138;235;234;land;false;urban;1
1420;134;215;209;land;false;hills;1
1421;143;207;173;land;false;hills;1
1422;205;194;195;land;false;hills;1
1423;201;150;200;land;false;urban;1
1424;242;245;20;land;false;hills;1
1425;231;124;215;land;false;plains;1
1426;227;62;242;land;false;forest;1
1427;246;220;207;land;false;plains;1
1428;170;116;251;land;false;forest;1
1429;153;206;251;land;false;plains;1
1430;219;237;212;land;false;plains;1
1431;231;174;189;land;false;forest;1
1432;227;162;250;land;false;urban;1
1433;94;187;243;land;false;forest;1
1434;246;252;131;land;false;urban;1
1435;155;166;202;land;false;plains;1
1436;140;210;167;land;false;mountain;1
1437;202;213;123;land;false;plains;1
1438;186;210;143;land;false;forest;1
1439;234;66;233;land;false;hills;1
1440;198;224;86;land;false;forest;1
1441;154;180;220;land;false;forest;1
1442;252;227;108;land;false;plains;1
1443;240;94;230;land;false;forest;1
1444;159;250;112;land;false;forest;1
1445;217;176;237;land;false;plains;1
1446;87;192;224;land;false;hills;1
1447;206;168;137;land;false;forest;1
1448;168;183;195;land;false;forest;1
1449;233;171;154;land;false;plains;1
1450;123;244;209;land;false;plains;1
1451;241;191;117;land;false;hills;1
1452;215;222;104;land;false;forest;1
1453;246;234;149;land;false;hills;1
1454;216;206;84;land;false;plains;1
1455;153;178;195;land;false;urban;1
1456;86;249;239;land;false;forest;1
1457;185;117;254;land;false;hills;1
1458;129;212;193;land;false;mountain;1
1459;253;100;224;land;false;hills;1
1460;211;245;229;land;false;forest;1
1461;102;231;194;land;true;plains;1
1462;239;222;75;land;false;hills;1
1463;243;210;132;land;true;urban;1
1464;89;221;207;land;false;hills;1
1465;215;91;230;land;false;plains;1
1466;206;222;234;land;false;plains;1
1467;225;82;198;land;false;mountain;1
1468;127;189;245;land;false;hills;1
1469;103;231;249;land;false;forest;1
1470;190;173;164;land;false;hills;1
1471;137;236;172;land;false;forest;1
1472;92;237;185;land;false;plains;1
1473;248;110;146;land;false;hills;1
1474;187;196;228;land;false;forest;1
1475;123;192;211;land;false;urban;1
1476;122;249;191;land;false;forest;1
1477;209;102;196;land;false;hills;1
1478;240;105;179;land;false;mountain;1
1479;241;242;247;land;false;mountain;1
1480;239;179;231;land;false;forest;1
1481;219;114;219;land;false;hills;1
1482;172;220;173;land;false;plains;1
1483;102;247;197;land;false;plains;1
1484;131;253;139;land;false;plains;1
1485;115;203;217;land;false;mountain;1
1486;121;239;150;land;false;plains;1
1487;104;251;197;land;false;plains;1
1488;218;122;220;land;false;plains;1
1489;171;251;178;land;false;plains;1
1490;178;126;230;land;false;mountain;1
1491;213;187;168;land;false;hills;1
1492;192;203;187;land;false;forest;1
1493;240;42;236;land;false;plains;1
1494;211;195;104;land;false;hills;1
1495;203;101;227;land;false;plains;1
1496;225;254;33;land;false;hills;1
1497;232;248;236;land;false;hills;1
1498;172;131;244;land;false;mountain;1
1499;72;242;230;land;false;forest;1
1500;244;198;64;land;false;mountain;1
1501;102;223;176;land;false;plains;1
1502;124;196;252;land;false;mountain;1
1503;242;169;235;land;false;hills;1
1504;247;244;215;land;false;forest;1
1505;148;139;254;land;false;urban;1
1506;247;219;99;land;false;mountain;1
1507;195;147;247;land;false;mountain;1
1508;248;194;246;land;false;hills;1
1509;200;121;193;land;false;hills;1
1510;165;226;149;land;false;forest;1
1511;242;223;49;land;false;mountain;1
1512;227;178;125;land;true;forest;1
1513;120;241;195;land;false;mountain;1
1514;250;218;116;land;false;hills;1
1515;238;165;124;land;false;hills;1
1516;240;206;225;land;false;forest;1
1517;163;226;180;land;false;plains;1
1518;193;221;251;land;false;hills;1
1519;168;250;154;land;false;mountain;1
1520;198;142;200;land;false;mountain;1
1521;248;121;188;land;false;mountain;1
1522;211;185;198;land;false;plains;1
1523;205;116;220;land;false;forest;1
1524;199;240;87;land;false;mountain;1
1525;188;126;238;land;false;forest;1
1526;125;204;174;land;false;plains;1
1527;52;244;235;land;false;hills;1
1528;184;152;194;land;false;plains;1
1529;183;215;184;land;false;hills;1
1530;174;192;187;land;false;forest;1
1531;175;241;102;land;false;hills;1
1532;226;124;216;land;false;forest;1
1533;236;242;118;land;false;plains;1
1534;208;245;216;land;false;forest;1
1535;173;247;223;land;false;plains;1
1536;215;247;165;land;false;plains;1
1537;70;196;247;land;false;plains;1
1538;238;185;214;land;false;hills;1
1539;200;101;220;land;false;hills;1
1540;84;237;249;land;false;hills;1
1541;242;153;170;land;false;plains;1
1542;90;234;213;land;false;hills;1
1543;207;186;186;land;false;plains;1
1544;196;212;185;land;false;mountain;1
1545;75;233;237;land;false;plains;1
1546;224;98;223;land;false;forest;1
1547;233;161;124;land;false;forest;1
1548;123;250;128;land;true;plains;1
1549;230;250;218;land;false;hills;1
1550;185;175;153;land;false;plains;1
1551;228;201;81;land;false;plains;1
1552;67;217;238;land;false;mountain;1
1553;242;142;145;land;false;forest;1
1554;167;122;233;land;false;plains;1
1555;206;220;90;land;false;plains;1
1556;208;195;198;land;false;hills;1
1557;136;222;159;land;false;plains;1
1558;198;209;117;land;false;plains;1
1559;226;213;251;land;false;plains;1
1560;214;166;192;land;false;forest;1
1561;174;234;232;land;false;hills;1
1562;168;146;221;land;false;plains;1
1563;125;232;152;land;false;plains;1
1564;204;147;193;land;false;hills;1
1565;132;147;245;land;false;forest;1
1566;215;253;125;land;false;plains;1
1567;124;250;201;land;false;hills;1
1568;199;236;146;land;false;forest;1
1569;91;230;242;land;false;plains;1
1570;226;202;211;land;false;forest;1
1571;104;250;214;land;false;plains;1
1572;13;244;247;land;false;forest;1
1573;241;117;229;land;false;plains;1
1574;63;220;220;land;false;plains;1
1575;247;86;209;land;false;mountain;1
1576;158;243;237;land;false;hills;1
1577;32;231;240;land;false;mountain;1
1578;164;235;236;land;false;plains;1
1579;231;172;202;land;false;mountain;1
1580;240;69;198;land;false;plains;1
1581;242;167;102;land;false;plains;1
1582;254;143;157;land;false;plains;1
1583;154;204;165;land;false;plains;1
1584;156;197;157;land;false;hills;1
1585;131;224;174;land;false;plains;1
1586;190;172;157;land;false;plains;1
1587;249;253;13;land;false;forest;1
1588;174;191;234;land;false;mountain;1
1589;90;182;252;land;false;mountain;1
1590;251;67;229;land;false;plains;1
1591;210;222;79;land;false;hills;1
1592;242;126;233;land;false;hills;1
1593;243;217;123;land;false;hills;1
1594;247;95;249;land;false;plains;1
1595;121;243;237;land;false;hills;1
1596;250;99;162;land;false;forest;1
1597;219;133;160;land;false;hills;1
1598;100;247;212;land;false;forest;1
1599;235;231;103;land;false;forest;1
1600;248;234;90;land;false;plains;1
1601;249;253;103;land;false;mountain;1
1602;240;245;140;land;false;mountain;1
1603;233;205;72;land;true;forest;1
1604;192;206;125;land;false;plains;1
1605;75;202;227;land;false;plains;1
1606;176;79;251;land;false;hills;1
1607;121;227;199;land;false;hills;1
1608;209;244;254;land;false;plains;1
1609;246;240;236;land;false;mountain;1
1610;172;112;226;land;false;forest;1
1611;221;70;230;land;true;forest;1
1612;217;154;189;land;false;mountain;1
1613;176;223;247;land;false;plains;1
1614;209;217;143;land;false;forest;1
1615;252;212;86;land;false;hills;1
1616;189;227;243;land;false;plains;1
1617;218;223;145;land;false;plains;1
1618;244;205;175;land;false;urban;1
1619;145;212;218;land;false;hills;1
1620;133;221;205;land;false;hills;1
1621;206;172;177;land;false;plains;1
1622;235;130;144;land;false;forest;1
1623;193;139;193;land;false;plains;1
1624;202;120;240;land;true;urban;1
1625;248;114;244;land;false;plains;1
1626;242;130;253;land;false;plains;1
1627;168;170;166;land;false;hills;1
1628;206;147;247;land;false;plains;1
1629;254;170;204;land;false;hills;1
1630;213;224;171;land;false;mountain;1
1631;196;221;146;land;false;plains;1
1632;68;212;234;land;false;forest;1
1633;184;208;224;land;false;urban;1
1634;250;153;210;land;false;urban;1
1635;243;177;121;land;false;mountain;1
1636;147;123;248;land;false;plains;1
1637;121;195;219;land;false;plains;1
1638;135;224;252;land;false;urban;1
1639;239;159;132;land;false;plains;1
1640;202;196;230;land;false;forest;1
1641;169;160;225;land;false;hills;1
1642;223;154;248;land;false;forest;1
1643;235;144;137;land;false;hills;1
1644;199;236;246;land;false;urban;1
1645;250;207;182;land;false;mountain;1
1646;152;251;223;land;false;mountain;1
1647;211;169;161;land;false;urban;1
1648;215;217;168;land;false;plains;1
1649;253;142;164;land;false;plains;1
1650;170;184;217;land;false;hills;1
1651;106;226;190;land;false;hills;1
1652;228;164;238;land;true;mountain;1
1653;153;220;179;land;false;plains;1
1654;181;145;214;land;false;plains;1
1655;140;252;131;land;false;mountain;1
1656;186;191;134;land;false;mountain;1
1657;249;252;227;land;false;hills;1
1658;248;252;8;land;false;urban;1
1659;207;181;154;land;false;forest;1
1660;179;132;227;land;false;mountain;1
1661;201;180;250;land;false;mountain;1
1662;182;100;235;land;false;mountain;1
1663;201;135;249;land;false;forest;1
1664;252;163;100;land;false;plains;1
1665;219;242;112;land;false;plains;1
1666;250;146;127;land;false;plains;1
1667;247;29;238;land;false;urban;1
1668;244;179;134;land;false;forest;1
1669;247;137;177;land;false;hills;1
1670;227;105;224;land;false;hills;1
1671;185;254;220;land;false;plains;1
1672;253;201;205;land;false;forest;1
1673;176;158;247;land;false;forest;1
1674;231;246;173;land;false;hills;1
1675;97;230;190;land;false;forest;1
1676;185;253;68;land;false;forest;1
1677;208;122;185;land;true;forest;1
1678;252;204;75;land;false;mountain;1
1679;174;203;231;land;false;forest;1
1680;252;207;115;land;false;forest;1
1681;229;180;106;land;true;urban;1
1682;72;245;223;land;false;plains;1
1683;159;176;208;land;false;mountain;1
1684;223;216;68;land;false;forest;1
1685;209;99;195;land;false;forest;1
1686;174;78;254;land;false;urban;1
1687;140;181;251;land;false;forest;1
1688;202;193;190;land;false;forest;1
1689;126;217;222;land;false;plains;1
1690;81;245;190;land;false;plains;1
1691;226;247;100;land;false;hills;1
1692;199;239;171;land;false;hills;1
1693;213;172;193;land;false;forest;1
1694;244;251;69;land;false;mountain;1
1695;198;245;201;land;false;forest;1
1696;240;119;200;land;false;hills;1
1697;163;139;207;land;false;mountain;1
1698;244;166;110;land;false;plains;1
1699;245;118;219;land;false;forest;1
1700;120;149;234;land;false;hills;1
1701;212;91;205;land;false;urban;1
1702;131;249;128;land;false;hills;1
1703;92;252;210;land;false;forest;1
1704;207;249;128;land;false;plains;1
1705;247;182;236;land;false;hills;1
1706;153;220;237;land;false;forest;1
1707;188;235;110;land;false;plains;1
1708;93;233;184;land;false;forest;1
1709;245;165;151;land;false;plains;1
1710;68;243;210;land;false;plains;1
1711;134;246;205;land;true;forest;1
1712;118;148;240;land;false;urban;1
1713;205;113;225;land;false;mountain;1
1714;208;253;229;land;false;plains;1
1715;203;229;184;land;false;plains;1
1716;138;179;214;land;false;urban;1
1717;177;237;249;land;false;plains;1
1718;102;252;156;land;false;plains;1
1719;154;185;231;land;false;mountain;1
1720;180;232;109;land;false;hills;1
1721;254;251;42;land;false;mountain;1
1722;199;192;209;land;false;plains;1
1723;181;244;159;land;false;hills;1
1724;105;173;237;land;false;hills;1
1725;248;156;232;land;false;urban;1
1726;100;203;241;land;false;plains;1
1727;216;200;232;land;false;urban;1
1728;247;249;79;land;false;plains;1
1729;89;183;240;land;false;plains;1
1730;221;242;148;land;false;plains;1
1731;178;230;220;land;false;plains;1
1732;214;225;241;land;false;hills;1
1733;209;235;166;land;false;forest;1
1734;174;235;138;land;false;forest;1
1735;217;201;129;land;false;forest;1
1736;209;147;250;land;true;hills;1
1737;206;164;136;land;false;plains;1
1738;152;158;204;land;false;plains;1
1739;235;149;211;land;false;mountain;1
1740;241;226;214;land;false;hills;1
1741;204;169;146;land;false;forest;1
1742;189;205;252;land;true;forest;1
1743;220;147;213;land;true;urban;1
1744;224;248;154;land;false;plains;1
1745;174;92;246;land;false;urban;1
1746;155;180;201;land;false;forest;1
1747;235;233;196;land;false;plains;1
1748;248;248;203;land;false;plains;1
1749;214;224;132;land;false;forest;1
1750;155;195;226;land;false;plains;1
1751;134;240;234;land;false;urban;1
1752;226;251;231;land;false;hills;1
1753;253;197;81;land;false;hills;1
1754;200;147;204;land;false;mountain;1
1755;211;244;194;land;false;plains;1
1756;119;157;243;land;false;mountain;1
1757;196;136;182;land;false;plains;1
1758;231;161;109;land;false;plains;1
1759;163;173;221;land;false;plains;1
1760;151;244;146;land;false;forest;1
1761;168;102;235;land;false;mountain;1
1762;78;220;220;land;false;plains;1
1763;126;225;191;land;false;plains;1
1764;182;113;241;land;false;mountain;1
1765;182;152;217;land;false;hills;1
1766;193;224;212;land;false;plains;1
1767;146;157;206;land;false;forest;1
1768;158;225;176;land;true;urban;1
1769;99;241;237;land;false;hills;1
1770;232;238;198;land;false;mountain;1
1771;203;224;218;land;false;forest;1
1772;94;189;248;land;false;plains;1
1773;253;254;98;land;false;plains;1
1774;135;184;187;land;false;urban;1
1775;238;207;243;land;false;plains;1
1776;105;233;169;land;false;plains;1
1777;213;173;162;land;false;plains;1
1778;142;229;198;land;false;plains;1
1779;252;160;187;land;false;hills;1
1780;227;36;244;land;false;hills;1
1781;149;137;235;land;false;hills;1
1782;187;169;203;land;false;plains;1
1783;231;134;189;land;false;plains;1
1784;196;196;175;land;false;forest;1
1785;203;170;246;land;false;plains;1
1786;179;248;114;land;false;forest;1
1787;168;245;92;land;false;plains;1
1788;185;254;165;land;false;plains;1
1789;149;116;241;land;false;hills;1
1790;164;226;154;land;true;forest;1
1791;222;220;60;land;false;plains;1
1792;202;163;245;land;false;plains;1
1793;152;195;159;land;true;forest;1
1794;226;248;115;land;true;hills;1
1795;209;160;149;land;false;hills;1
1796;200;238;228;land;false;hills;1
1797;90;224;245;land;false;plains;1
1798;211;222;121;land;false;forest;1
1799;177;225;102;land;false;hills;1
1800;171;246;230;land;false;forest;1
1801;220;223;148;land;false;plains;1
1802;204;128;204;land;false;plains;1
1803;254;158;230;land;false;plains;1
1804;71;207;250;land;false;forest;1
1805;195;248;222;land;false;hills;1
1806;213;164;149;land;false;mountain;1
1807;230;205;136;land;false;hills;1
1808;116;204;228;land;false;plains;1
1809;174;243;93;land;false;mountain;1
1810;211;221;108;land;false;forest;1
1811;89;233;208;land;false;plains;1
1812;69;215;235;land;false;plains;1
1813;219;164;187;land;false;plains;1
1814;230;188;133;land;false;forest;1
1815;96;192;214;land;false;hills;1
1816;106;175;242;land;false;mountain;1
1817;141;234;203;land;false;urban;1
1818;222;230;239;land;false;plains;1
1819;177;196;238;land;false;mountain;1
1820;239;121;220;land;false;hills;1
1821;205;206;182;land;false;hills;1
1822;64;210;247;land;false;forest;1
1823;245;95;164;land;false;hills;1
1824;138;217;189;land;false;forest;1
1825;239;164;131;land;false;plains;1
1826;188;226;232;land;false;plains;1
1827;252;166;152;land;false;hills;1
1828;143;128;233;land;false;plains;1
1829;202;232;152;land;false;hills;1
1830;224;120;164;land;false;hills;1
1831;233;144;171;land;false;hills;1
1832;182;240;235;land;false;urban;1
1833;193;246;160;land;false;plains;1
1834;158;247;238;land;true;urban;1
1835;251;236;55;land;false;forest;1
1836;252;221;191;land;true;forest;1
1837;94;173;250;land;false;forest;1
1838;190;79;254;land;false;hills;1
1839;249;203;59;land;false;plains;1
1840;238;253;233;land;false;plains;1
1841;134;206;231;land;false;plains;1
1842;237;205;169;land;false;plains;1
1843;238;230;80;land;false;plains;1
1844;175;252;119;land;false;plains;1
1845;193;250;161;land;true;urban;1
1846;245;137;254;land;false;plains;1
1847;228;183;149;land;false;mountain;1
1848;178;189;143;land;false;plains;1
1849;45;240;240;land;false;plains;1
1850;242;247;233;land;false;plains;1
1851;166;183;191;land;false;plains;1
1852;110;199;235;land;false;forest;1
1853;122;151;244;land;false;hills;1
1854;191;223;140;land;false;plains;1
1855;239;215;225;land;false;urban;1
1856;203;165;249;land;false;plains;1
1857;239;129;151;land;false;plains;1
1858;206;202;232;land;false;forest;1
1859;239;253;148;land;false;urban;1
1860;147;171;254;land;false;plains;1
1861;253;228;28;land;false;urban;1
1862;253;104;172;land;true;plains;1
1863;241;169;174;land;false;forest;1
1864;200;221;85;land;false;hills;1
1865;249;195;92;land;false;plains;1
1866;202;216;164;land;false;plains;1
1867;86;223;246;land;false;hills;1
1868;251;194;213;land;false;plains;1
1869;208;69;236;land;false;plains;1
1870;194;213;170;land;false;plains;1
1871;248;199;223;land;false;plains;1
1872;200;231;187;land;false;forest;1
1873;241;215;80;land;false;mountain;1
1874;201;88;236;land;false;forest;1
1875;130;216;222;land;false;forest;1
1876;219;254;208;land;false;hills;1
1877;173;230;127;land;false;mountain;1
1878;170;193;214;land;false;forest;1
1879;242;117;245;land;false;mountain;1
1880;169;184;247;land;false;hills;1
1881;129;224;230;land;false;forest;1
1882;100;216;247;land;false;plains;1
1883;197;212;240;land;false;plains;1
1884;212;162;208;land;false;forest;1
1885;205;107;240;land;false;urban;1
1886;167;228;198;land;false;forest;1
1887;172;103;241;land;false;hills;1
1888;232;244;253;land;false;forest;1
1889;217;110;181;land;false;hills;1
1890;132;186;230;land;false;forest;1
1891;226;193;147;land;false;forest;1
1892;103;190;212;land;false;plains;1
1893;219;160;188;land;false;plains;1
1894;177;134;235;land;false;hills;1
1895;195;215;205;land;false;plains;1
1896;72;228;237;land;false;forest;1
1897;163;116;247;land;false;plains;1
1898;191;227;101;land;false;plains;1
1899;135;167;206;land;false;plains;1
1900;200;233;206;land;false;mountain;1
1901;223;233;60;land;false;hills;1
1902;251;141;254;land;false;hills;1
1903;215;66;226;land;false;forest;1
1904;59;239;222;land;false;mountain;1
1905;192;174;235;land;false;hills;1
1906;210;222;127;land;false;mountain;1
1907;247;82;225;land;false;plains;1
1908;219;204;116;land;false;plains;1
1909;139;182;245;land;false;hills;1
1910;174;236;97;land;false;hills;1
1911;228;100;244;land;false;plains;1
1912;231;25;254;land;false;plains;1
1913;61;206;237;land;false;hills;1
1914;211;124;185;land;false;forest;1
1915;237;189;112;land;false;plains;1
1916;253;245;217;land;false;urban;1
1917;238;77;251;land;false;urban;1
1918;240;213;229;land;false;hills;1
1919;200;188;201;land;false;hills;1
1920;221;219;234;land;false;mountain;1
1921;184;211;149;land;false;hills;1
1922;234;206;122;land;false;forest;1
1923;126;213;184;land;true;urban;1
1924;235;120;171;land;false;plains;1
1925;119;176;245;land;false;forest;1
1926;227;231;185;land;true;forest;1
1927;170;151;201;land;false;forest;1
1928;232;175;178;land;false;plains;1
1929;246;251;176;land;false;hills;1
1930;226;166;242;land;false;hills;1
1931;151;230;126;land;false;hills;1
1932;137;240;228;land;false;plains;1
1933;215;175;131;land;false;urban;1
1934;101;249;205;land;false;hills;1
1935;175;194;186;land;false;plains;1
1936;230;202;204;land;false;plains;1
1937;225;213;69;land;false;plains;1
1938;224;103;246;land;false;forest;1
1939;246;187;244;land;false;hills;1
1940;220;108;247;land;false;hills;1
1941;220;220;189;land;false;plains;1
1942;209;58;234;land;true;hills;1
1943;130;240;149;land;false;forest;1
1944;228;220;176;land;false;plains;1
1945;221;210;152;land;false;mountain;1
1946;104;168;247;land;false;hills;1
1947;216;224;252;land;false;urban;1
1948;193;238;217;land;false;mountain;1
1949;121;165;240;land;false;plains;1
1950;116;231;225;land;false;hills;1
1951;242;180;118;land;false;mountain;1
1952;239;94;168;land;false;hills;1
1953;252;102;225;land;false;plains;1
1954;232;216;165;land;true;forest;1
1955;148;242;188;land;false;plains;1
1956;213;176;124;land;false;urban;1
1957;113;219;199;land;false;hills;1
1958;98;194;254;land;false;plains;1
1959;219;212;86;land;false;plains;1
1960;127;245;146;land;false;plains;1
1961;188;208;225;land;false;hills;1
1962;245;238;80;land;false;mountain;1
1963;249;234;151;land;false;forest;1
1964;130;218;166;land;false;urban;1
1965;148;208;189;land;false;mountain;1
1966;222;160;125;land;false;plains;1
1967;170;110;245;land;false;hills;1
1968;133;230;193;land;false;hills;1
1969;128;253;129;land;false;hills;1
1970;252;212;154;land;false;forest;1
1971;168;243;93;land;false;mountain;1
1972;222;187;150;land;false;mountain;1
1973;247;201;233;land;false;forest;1
1974;234;162;242;land;false;hills;1
1975;252;188;206;land;false;plains;1
1976;187;121;195;land;false;mountain;1
1977;106;253;170;land;false;plains;1
1978;237;185;171;land;false;plains;1
1979;249;53;221;land;true;hills;1
1980;226;37;253;land;false;forest;1
1981;253;66;254;land;false;hills;1
1982;98;174;233;land;false;hills;1
1983;180;192;246;land;false;forest;1
1984;247;59;212;land;false;hills;1
1985;234;126;203;land;false;plains;1
1986;147;202;216;land;false;hills;1
1987;204;151;239;land;false;forest;1
1988;195;148;192;land;false;plains;1
1989;213;195;253;land;false;plains;1
1990;211;132;246;land;false;forest;1
1991;150;234;180;land;false;plains;1
1992;154;168;240;land;false;mountain;1
1993;202;197;190;land;false;forest;1
1994;135;152;222;land;false;hills;1
1995;218;150;170;land;false;forest;1
1996;252;101;180;land;false;hills;1
1997;103;236;170;land;false;plains;1
1998;232;112;186;land;false;mountain;1
1999;234;200;201;land;false;hills;1
2000;104;239;187;land;false;plains;1
2001;196;245;129;land;false;plains;1
2002;199;205;232;land;false;mountain;1
2003;203;249;153;land;false;forest;1
2004;232;224;189;land;false;forest;1
2005;181;119;212;land;false;mountain;1
2006;210;250;57;land;false;hills;1
2007;155;180;235;land;true;urban;1
2008;215;239;129;land;false;plains;1
2009;181;110;239;land;false;mountain;1
2010;202;206;129;land;false;forest;1
2011;242;196;221;land;false;mountain;1
2012;214;142;185;land;false;plains;1
2013;252;189;99;land;false;plains;1
2014;212;158;236;land;false;hills;1
2015;143;251;133;land;false;plains;1
2016;211;101;192;land;false;mountain;1
2017;174;251;205;land;false;plains;1
2018;146;240;222;land;false;hills;1
2019;195;160;184;land;false;plains;1
2020;170;185;253;land;false;plains;1
2021;143;162;252;land;true;plains;1
2022;187;246;182;land;false;plains;1
2023;158;192;249;land;false;hills;1
2024;207;156;204;land;false;plains;1
2025;244;231;149;land;false;plains;1
2026;217;108;195;land;false;plains;1
2027;191;233;77;land;false;forest;1
2028;146;232;165;land;false;hills;1
2029;188;96;227;land;false;hills;1
2030;253;97;210;land;false;plains;1
2031;246;215;99;land;false;forest;1
2032;212;228;230;land;false;plains;1
2033;223;159;250;land;false;plains;1
2034;220;89;249;land;false;plains;1
2035;253;157;140;land;false;plains;1
2036;203;218;205;land;false;hills;1
2037;241;116;174;land;false;forest;1
2038;244;250;197;land;false;forest;1
2039;218;220;226;land;false;hills;1
2040;190;110;249;land;false;plains;1
2041;188;248;191;land;false;plains;1
2042;177;238;160;land;false;forest;1
2043;237;158;239;land;false;hills;1
2044;210;171;168;land;false;plains;1
2045;184;196;173;land;false;urban;1
2046;229;77;211;land;false;plains;1
2047;212;143;202;land;true;plains;1
2048;237;215;182;land;false;mountain;1
2049;201;222;108;land;false;hills;1
2050;215;240;83;land;false;plains;1
2051;238;146;118;land;false;plains;1
2052;224;190;133;land;false;forest;1
2053;240;236;180;land;false;hills;1
2054;146;130;249;land;false;mountain;1
2055;207;173;171;land;false;forest;1
2056;243;244;184;land;false;urban;1
2057;224;190;165;land;false;plains;1
2058;170;132;248;land;false;forest;1
2059;244;203;101;land;false;forest;1
2060;254;145;252;land;false;plains;1
2061;223;164;167;land;false;hills;1
2062;145;190;195;land;false;mountain;1
2063;149;197;244;land;false;forest;1
2064;231;85;243;land;false;plains;1
2065;124;171;236;land;false;forest;1
2066;113;245;161;land;false;plains;1
2067;133;227;147;land;false;plains;1
2068;223;238;179;land;false;plains;1
2069;198;160;172;land;false;plains;1
2070;197;180;145;land;false;hills;1
2071;224;69;210;land;true;plains;1
2072;191;206;171;land;true;plains;1
2073;252;231;134;land;false;plains;1
2074;243;232;171;land;false;plains;1
2075;183;95;249;land;false;forest;1
2076;191;113;254;land;false;hills;1
2077;190;234;120;land;false;mountain;1
2078;254;124;192;land;false;mountain;1
2079;228;127;219;land;false;hills;1
2080;191;150;249;land;false;plains;1
2081;250;116;203;land;false;hills;1
2082;253;224;50;land;false;hills;1
2083;213;239;100;land;false;hills;1
2084;243;192;137;land;false;plains;1
2085;148;129;242;land;false;mountain;1
2086;210;167;133;land;false;forest;1
2087;252;64;208;land;false;plains;1
2088;231;147;123;land;false;mountain;1
2089;155;223;138;land;false;forest;1
2090;183;182;190;land;true;hills;1
2091;198;187;191;land;false;hills;1
2092;240;189;220;land;false;forest;1
2093;226;206;129;land;false;mountain;1
2094;188;230;137;land;false;hills;1
2095;220;101;242;land;false;forest;1
2096;223;221;179;land;false;plains;1
2097;240;154;173;land;false;urban;1
2098;159;108;247;land;false;urban;1
2099;235;180;159;land;false;plains;1
2100;187;118;240;land;false;forest;1
2101;128;178;196;land;false;plains;1
2102;244;174;160;land;false;hills;1
2103;201;64;243;land;false;forest;1
2104;177;223;183;land;false;plains;1
2105;143;138;221;land;false;hills;1
2106;247;69;235;land;false;plains;1
2107;170;152;221;land;false;urban;1
2108;233;220;80;land;false;hills;1
2109;254;231;228;land;false;hills;1
2110;191;110;231;land;false;forest;1
2111;174;194;230;land;false;plains;1
2112;238;181;196;land;false;hills;1
2113;196;137;193;land;false;hills;1
2114;206;222;182;land;false;hills;1
2115;209;177;119;land;false;plains;1
2116;85;245;213;land;false;forest;1
2117;195;76;253;land;false;forest;1
2118;216;244;166;land;true;forest;1
2119;224;65;228;land;true;urban;1
2120;141;184;183;land;false;hills;1
2121;190;187;242;land;false;plains;1
2122;233;213;76;land;false;plains;1
2123;148;233;204;land;false;mountain;1
2124;212;144;239;land;false;hills;1
2125;178;204;163;land;false;plains;1
2126;158;198;168;land;false;plains;1
2127;145;128;244;land;false;urban;1
2128;174;188;245;land;false;forest;1
2129;154;163;246;land;true;hills;1
2130;192;142;233;land;false;plains;1
2131;214;253;170;land;false;forest;1
2132;208;143;191;land;false;mountain;1
2133;99;212;234;land;false;hills;1
2134;241;126;228;land;false;hills;1
2135;49;254;233;land;false;hills;1
2136;230;117;177;land;false;hills;1
2137;127;207;248;land;false;hills;1
2138;227;152;176;land;false;plains;1
2139;206;179;164;land;false;hills;1
2140;206;118;247;land;false;mountain;1
2141;251;200;94;land;false;plains;1
2142;181;238;171;land;false;plains;1
2143;151;208;241;land;false;forest;1
2144;95;228;241;land;false;plains;1
2145;215;169;129;land;false;hills;1
2146;230;94;229;land;false;forest;1
2147;133;229;202;land;false;plains;1
2148;171;224;119;land;false;urban;1
2149;236;226;247;land;false;plains;1
2150;143;199;159;land;false;mountain;1
2151;179;216;158;land;false;forest;1
2152;223;254;56;land;true;plains;1
2153;141;156;224;land;false;hills;1
2154;239;173;143;land;false;mountain;1
2155;227;159;143;land;false;hills;1
2156;155;213;210;land;false;plains;1
2157;246;145;119;land;false;hills;1
2158;145;132;227;land;false;plains;1
2159;253;223;225;land;false;hills;1
2160;146;140;217;land;false;plains;1
2161;116;249;198;land;false;urban;1
2162;169;229;163;land;false;plains;1
2163;224;241;194;land;false;plains;1
2164;250;242;196;land;false;mountain;1
2165;231;224;72;land;false;mountain;1
2166;239;159;158;land;false;forest;1
2167;241;164;119;land;false;plains;1
2168;147;220;244;land;false;plains;1
2169;245;24;245;land;false;hills;1
2170;225;161;230;land;false;plains;1
2171;194;249;87;land;false;hills;1
2172;230;252;58;land;false;plains;1
2173;212;228;69;land;false;hills;1
2174;241;230;76;land;false;hills;1
2175;226;194;199;land;false;forest;1
2176;157;224;169;land;false;forest;1
2177;250;198;114;land;false;forest;1
2178;225;124;159;land;false;forest;1
2179;237;141;180;land;false;plains;1
2180;219;232;170;land;false;hills;1
2181;64;211;234;land;false;plains;1
2182;159;228;184;land;false;hills;1
2183;210;189;115;land;false;plains;1
2184;156;245;233;land;false;forest;1
2185;172;152;185;land;false;plains;1
2186;179;245;193;land;false;forest;1
2187;228;249;230;land;false;urban;1
2188;247;236;219;land;false;hills;1
2189;250;241;23;land;true;plains;1
2190;218;231;107;land;false;forest;1
2191;50;235;249;land;false;hills;1
2192;228;92;200;land;false;plains;1
2193;112;248;177;land;false;plains;1
2194;208;152;227;land;false;plains;1
2195;208;78;219;land;false;forest;1
2196;72;196;253;land;false;mountain;1
2197;140;232;142;land;false;mountain;1
2198;191;250;192;land;false;urban;1
2199;142;248;206;land;false;plains;1
2200;207;250;216;land;false;forest;1
2201;120;213;181;land;false;plains;1
2202;226;248;160;land;false;mountain;1
2203;173;231;195;land;false;forest;1
2204;154;168;234;land;false;forest;1
2205;94;219;222;land;false;plains;1
2206;180;175;165;land;false;forest;1
2207;187;174;220;land;false;forest;1
2208;245;151;123;land;false;mountain;1
2209;218;178;239;land;false;plains;1
2210;132;180;244;land;false;hills;1
2211;182;97;247;land;false;hills;1
2212;150;202;159;land;false;plains;1
2213;239;204;243;land;false;plains;1
2214;248;242;106;land;false;hills;1
2215;208;190;164;land;false;urban;1
2216;172;140;254;land;false;plains;1
2217;245;21;252;land;false;plains;1
2218;251;189;169;land;false;hills;1
2219;245;230;87;land;false;mountain;1
2220;243;17;253;land;false;plains;1
2221;71;184;248;land;true;forest;1
2222;231;140;215;land;false;urban;1
2223;145;171;252;land;false;hills;1
2224;133;211;200;land;false;hills;1
2225;153;193;220;land;false;plains;1
2226;50;236;220;land;false;mountain;1
2227;199;127;188;land;false;hills;1
2228;161;224;207;land;false;hills;1
2229;214;254;222;land;false;mountain;1
2230;204;221;80;land;false;plains;1
2231;239;114;173;land;false;hills;1
2232;7;250;250;land;false;forest;1
2233;84;226;239;land;false;forest;1
2234;209;174;199;land;false;hills;1
2235;252;57;229;land;false;hills;1
2236;120;254;128;land;false;hills;1
2237;147;176;241;land;false;hills;1
2238;207;207;124;land;false;plains;1
2239;222;164;243;land;false;plains;1
2240;244;189;78;land;false;forest;1
2241;209;129;223;land;false;plains;1
2242;174;244;234;land;false;plains;1
2243;177;252;230;land;false;plains;1
2244;60;192;252;land;false;hills;1
2245;182;225;190;land;false;plains;1
2246;55;245;235;land;false;plains;1
2247;161;170;196;land;false;mountain;1
2248;149;223;202;land;false;forest;1
2249;244;232;145;land;false;plains;1
2250;251;143;136;land;false;hills;1
2251;206;184;143;land;false;mountain;1
2252;214;169;244;land;false;urban;1
2253;250;128;211;land;false;plains;1
2254;215;252;210;land;false;plains;1
2255;238;205;148;land;false;mountain;1
2256;251;248;77;land;false;hills;1
2257;224;109;241;land;false;hills;1
2258;140;240;229;land;false;plains;1
2259;246;78;220;land;false;mountain;1
2260;232;136;192;land;false;plains;1
2261;216;165;163;land;false;mountain;1
2262;132;254;155;land;false;plains;1
2263;214;152;161;land;false;hills;1
2264;150;170;196;land;false;mountain;1
2265;233;145;228;land;false;plains;1
2266;247;62;226;land;true;plains;1
2267;227;243;238;land;false;forest;1
2268;211;190;208;land;false;forest;1
2269;229;133;147;land;false;hills;1
2270;244;170;209;land;false;plains;1
2271;123;155;251;land;false;plains;1
2272;177;217;152;land;false;plains;1
2273;148;213;147;land;false;forest;1
2274;198;145;163;land;false;mountain;1
2275;212;250;193;land;false;mountain;1
2276;231;160;163;land;false;forest;1
2277;188;168;221;land;false;forest;1
2278;218;192;151;land;false;urban;1
2279;27;249;245;land;false;plains;1
2280;173;254;181;land;true;forest;1
2281;241;168;186;land;false;forest;1
2282;129;250;155;land;false;hills;1
2283;161;220;156;land;false;mountain;1
2284;166;240;107;land;false;forest;1
2285;191;192;125;land;false;plains;1
2286;251;212;81;land;true;hills;1
2287;243;173;226;land;false;plains;1
2288;243;216;114;land;false;hills;1
2289;236;154;118;land;false;plains;1
2290;183;217;197;land;false;hills;1
2291;229;98;202;land;false;urban;1
2292;140;247;227;land;false;urban;1
2293;194;161;163;land;false;forest;1
2294;148;236;130;land;false;plains;1
2295;244;244;163;land;false;hills;1
2296;236;253;253;land;false;hills;1
2297;147;163;197;land;false;forest;1
2298;51;226;243;land;false;mountain;1
2299;190;223;200;land;false;forest;1
2300;231;181;250;land;false;plains;1
2301;150;243;214;land;false;plains;1
2302;253;144;237;land;false;plains;1
2303;160;187;173;land;false;mountain;1
2304;211;243;69;land;false;hills;1
2305;210;135;228;land;false;hills;1
2306;247;146;211;land;false;forest;1
2307;160;174;187;land;false;plains;1
2308;151;240;114;land;false;hills;1
2309;241;121;189;land;false;urban;1
2310;236;184;116;land;false;forest;1
2311;130;138;240;land;false;forest;1
2312;170;199;228;land;false;mountain;1
2313;218;86;218;land;false;hills;1
2314;150;142;209;land;false;mountain;1
2315;190;244;172;land;false;hills;1
2316;242;109;191;land;false;plains;1
2317;157;108;241;land;false;forest;1
2318;208;149;165;land;false;forest;1
2319;220;87;207;land;true;plains;1
2320;139;206;165;land;false;urban;1
2321;204;110;198;land;true;urban;1
2322;219;50;247;land;false;urban;1
2323;225;215;84;land;true;urban;1
2324;178;149;209;land;true;plains;1
2325;241;108;199;land;false;plains;1
2326;165;184;170;land;false;plains;1
2327;248;81;195;land;false;hills;1
2328;237;170;138;land;false;mountain;1
2329;211;176;199;land;true;plains;1
2330;209;210;114;land;false;plains;1
2331;234;220;202;land;false;forest;1
2332;48;239;233;land;false;plains;1
2333;176;228;206;land;false;plains;1
2334;167;159;186;land;false;forest;1
2335;241;249;36;land;false;plains;1
2336;206;81;253;land;false;mountain;1
2337;220;144;173;land;false;plains;1
2338;234;81;246;land;false;forest;1
2339;198;192;114;land;false;plains;1
2340;5;253;243;land;true;plains;1
2341;237;228;232;land;false;forest;1
2342;132;158;212;land;false;forest;1
2343;46;237;251;land;false;hills;1
2344;234;89;250;land;false;plains;1
2345;217;214;136;land;false;hills;1
2346;192;227;174;land;false;plains;1
2347;236;198;187;land;false;plains;1
2348;205;245;194;land;false;forest;1
2349;229;74;244;land;false;mountain;1
2350;148;236;250;land;true;forest;1
2351;224;243;141;land;false;urban;1
2352;182;240;241;land;false;urban;1
2353;138;250;220;land;false;forest;1
2354;161;215;219;land;false;plains;1
2355;239;166;147;land;false;forest;1
2356;196;174;152;land;false;forest;1
2357;218;210;121;land;true;plains;1
2358;209;221;114;land;false;plains;1
2359;108;198;251;land;false;forest;1
2360;158;246;236;land;false;forest;1
2361;220;147;219;land;false;urban;1
2362;138;252;245;land;false;plains;1
2363;232;192;213;land;false;forest;1
2364;79;238;212;land;false;forest;1
2365;186;238;198;land;false;plains;1
2366;140;238;246;land;false;plains;1
2367;196;236;95;land;false;plains;1
2368;244;100;158;land;false;forest;1
2369;240;219;206;land;false;forest;1
2370;242;79;194;land;false;mountain;1
2371;235;192;115;land;false;forest;1
2372;172;241;98;land;false;mountain;1
2373;238;123;224;land;false;plains;1
2374;135;226;182;land;false;forest;1
2375;175;251;78;land;false;plains;1
2376;221;171;249;land;false;forest;1
2377;246;249;26;land;false;forest;1
2378;242;117;222;land;false;plains;1
2379;235;231;80;land;false;plains;1
2380;232;25;251;land;false;mountain;1
2381;245;197;103;land;false;forest;1
2382;244;251;42;land;false;plains;1
2383;186;158;182;land;false;hills;1
2384;240;161;114;land;false;forest;1
2385;131;190;238;land;false;plains;1
2386;90;210;248;land;false;hills;1
2387;248;194;116;land;false;forest;1
2388;232;244;134;land;false;hills;1
2389;198;74;246;land;false;plains;1
2390;123;227;174;land;false;hills;1
2391;181;186;165;land;false;plains;1
2392;178;156;236;land;false;forest;1
2393;208;230;158;land;false;hills;1
2394;184;110;242;land;false;mountain;1
2395;241;113;250;land;false;hills;1
2396;252;239;92;land;false;forest;1
2397;229;195;97;land;false;plains;1
2398;247;36;243;land;false;hills;1
2399;235;206;220;land;false;hills;1
2400;239;199;77;land;false;plains;1
2401;251;207;70;land;false;mountain;1
2402;131;210;204;land;false;plains;1
2403;186;251;242;land;false;hills;1
2404;165;203;239;land;false;plains;1
2405;236;169;210;land;false;plains;1
2406;222;228;169;land;false;hills;1
2407;233;150;180;land;false;forest;1
2408;228;78;232;land;false;hills;1
2409;73;252;201;land;false;urban;1
2410;248;125;164;land;false;plains;1
2411;225;184;160;land;false;plains;1
2412;129;129;254;land;false;plains;1
2413;164;116;243;land;false;plains;1
2414;205;133;214;land;false;plains;1
2415;166;179;231;land;false;plains;1
2416;199;235;189;land;false;mountain;1
2417;197;166;179;land;false;plains;1
2418;217;239;209;land;false;plains;1
2419;208;248;141;land;false;hills;1
2420;202;179;129;land;false;mountain;1
2421;140;148;224;land;false;hills;1
2422;233;183;248;land;false;plains;1
2423;197;232;158;land;false;forest;1
2424;244;133;230;land;false;hills;1
2425;198;212;241;land;false;forest;1
2426;80;221;207;land;false;forest;1
2427;202;216;242;land;false;mountain;1
2428;213;117;184;land;false;forest;1
2429;229;250;132;land;false;hills;1
2430;232;230;48;land;false;plains;1
2431;160;209;145;land;false;forest;1
2432;250;190;85;land;false;mountain;1
2433;251;194;166;land;false;forest;1
2434;252;249;139;land;false;hills;1
2435;203;198;222;land;false;plains;1
2436;245;150;222;land;false;mountain;1
2437;189;219;136;land;false;mountain;1
2438;237;235;67;land;false;forest;1
2439;136;151;242;land;false;mountain;1
2440;173;177;206;land;false;plains;1
2441;232;183;139;land;false;urban;1
2442;196;222;249;land;false;hills;1
2443;238;208;59;land;false;mountain;1
2444;146;222;151;land;false;hills;1
2445;208;160;153;land;false;plains;1
2446;229;200;241;land;false;plains;1
2447;120;248;213;land;false;hills;1
2448;216;229;158;land;false;plains;1
2449;243;208;109;land;false;plains;1
2450;251;147;146;land;false;forest;1
2451;81;213;236;land;false;hills;1
2452;169;219;249;land;false;hills;1
2453;178;230;153;land;false;mountain;1
2454;215;238;157;land;false;hills;1
2455;230;123;240;land;false;plains;1
2456;187;247;99;land;false;forest;1
2457;177;214;189;land;false;hills;1
2458;252;155;222;land;false;plains;1
2459;134;186;191;land;false;hills;1
2460;228;160;199;land;false;hills;1
2461;200;129;212;land;false;plains;1
2462;230;254;23;land;false;plains;1
2463;194;156;222;land;false;hills;1
2464;161;203;237;land;false;forest;1
2465;170;185;169;land;false;plains;1
2466;124;221;223;land;false;hills;1
2467;172;194;177;land;false;hills;1
2468;186;244;90;land;false;forest;1
2469;175;228;214;land;false;plains;1
2470;149;178;196;land;false;forest;1
2471;94;221;243;land;false;mountain;1
2472;246;229;58;land;false;forest;1
2473;156;117;244;land;false;plains;1
2474;241;203;198;land;false;plains;1
2475;253;104;232;land;false;forest;1
2476;240;181;177;land;false;plains;1
2477;223;127;228;land;false;mountain;1
2478;179;99;225;land;false;hills;1
2479;114;244;165;land;false;plains;1
2480;229;170;177;land;false;plains;1
2481;234;209;191;land;false;plains;1
2482;83;222;221;land;false;urban;1
2483;210;169;154;land;false;forest;1
2484;158;246;125;land;false;plains;1
2485;214;49;248;land;false;forest;1
2486;184;200;117;land;false;plains;1
2487;232;198;157;land;false;plains;1
2488;190;207;130;land;false;mountain;1
2489;241;87;220;land;false;mountain;1
2490;45;219;246;land;false;hills;1
2491;226;204;242;land;false;mountain;1
2492;174;246;215;land;false;mountain;1
2493;249;166;173;land;false;hills;1
2494;248;243;149;land;false;hills;1
2495;235;52;233;land;false;hills;1
2496;137;192;209;land;false;hills;1
2497;160;200;202;land;false;plains;1
2498;143;223;246;land;false;mountain;1
2499;124;238;148;land;false;plains;1
2500;229;241;156;land;false;mountain;1
2501;154;233;145;land;false;plains;1
2502;41;238;246;land;true;plains;1
2503;189;253;248;land;true;plains;1
2504;252;108;238;land;false;plains;1
2505;226;63;241;land;false;plains;1
2506;219;174;178;land;false;hills;1
2507;155;182;242;land;false;plains;1
2508;235;229;218;land;false;plains;1
2509;90;209;235;land;false;forest;1
2510;215;116;209;land;false;hills;1
2511;222;224;59;land;false;plains;1
2512;240;153;113;land;false;urban;1
2513;142;237;197;land;false;mountain;1
2514;158;162;239;land;false;forest;1
2515;221;227;141;land;false;hills;1
2516;223;219;192;land;false;mountain;1
2517;78;217;218;land;false;hills;1
2518;129;203;206;land;false;mountain;1
2519;240;147;218;land;false;mountain;1
2520;199;163;147;land;false;hills;1
2521;179;125;232;land;false;forest;1
2522;167;171;246;land;false;forest;1
2523;252;253;165;land;false;plains;1
2524;245;241;91;land;false;plains;1
2525;225;245;36;land;false;plains;1
2526;189;181;245;land;false;hills;1
2527;195;194;203;land;false;plains;1
2528;231;141;235;land;false;hills;1
2529;145;225;138;land;false;mountain;1
2530;211;248;42;land;false;urban;1
2531;146;186;177;land;false;plains;1
2532;161;204;209;land;false;plains;1
2533;151;240;141;land;false;plains;1
2534;216;49;243;land;false;mountain;1
2535;218;188;185;land;false;hills;1
2536;232;114;220;land;false;plains;1
2537;247;112;211;land;false;plains;1
2538;147;161;206;land;false;urban;1
2539;150;222;230;land;false;plains;1
2540;61;252;235;land;false;plains;1
2541;150;239;245;land;false;forest;1
2542;185;158;223;land;false;hills;1
2543;120;224;245;land;false;plains;1
2544;146;203;223;land;false;forest;1
2545;236;179;101;land;false;plains;1
2546;196;247;90;land;false;forest;1
2547;138;209;213;land;false;mountain;1
2548;187;197;163;land;false;hills;1
2549;245;131;243;land;false;mountain;1
2550;222;195;208;land;false;mountain;1
2551;243;249;215;land;false;plains;1
2552;193;252;121;land;false;forest;1
2553;167;235;162;land;false;forest;1
2554;197;244;151;land;false;hills;1
2555;163;145;241;land;false;hills;1
2556;207;240;178;land;false;hills;1
2557;228;249;31;land;true;forest;1
2558;66;242;227;land;false;forest;1
2559;169;226;197;land;false;plains;1
2560;97;205;218;land;false;forest;1
2561;87;222;225;land;false;mountain;1
2562;197;192;229;land;false;hills;1
2563;239;216;190;land;false;hills;1
2564;242;238;86;land;false;forest;1
2565;142;249;120;land;false;plains;1
2566;74;225;203;land;false;mountain;1
2567;88;228;221;land;false;plains;1
2568;129;218;156;land;false;hills;1
2569;181;136;231;land;false;urban;1
2570;233;127;143;land;false;hills;1
2571;118;247;195;land;false;plains;1
2572;193;134;196;land;false;plains;1
2573;182;198;157;land;false;mountain;1
2574;240;254;17;land;false;plains;1
2575;212;234;241;land;false;plains;1
2576;118;220;182;land;false;forest;1
2577;237;196;235;land;false;forest;1
2578;189;191;164;land;false;forest;1
2579;160;185;163;land;false;hills;1
2580;237;225;127;land;false;forest;1
2581;143;210;200;land;false;urban;1
2582;228;224;86;land;false;forest;1
2583;251;212;221;land;false;plains;1
2584;222;214;252;land;false;hills;1
2585;187;124;208;land;false;hills;1
2586;184;133;189;land;false;mountain;1
2587;232;213;110;land;false;hills;1
2588;234;230;160;land;true;urban;1
2589;207;120;212;land;false;plains;1
2590;249;81;229;land;false;mountain;1
2591;249;92;179;land;false;mountain;1
2592;185;146;252;land;false;plains;1
2593;214;151;252;land;false;plains;1
2594;243;178;151;land;false;forest;1
2595;211;98;198;land;false;hills;1
2596;208;114;232;land;false;hills;1
2597;206;251;183;land;false;urban;1
2598;85;215;217;land;false;plains;1
2599;248;129;212;land;false;plains;1
2600;217;245;40;land;false;forest;1
2601;251;85;193;land;false;plains;1
2602;216;237;226;land;false;hills;1
2603;251;212;125;land;true;urban;1
2604;249;211;181;land;false;forest;1
2605;222;184;249;land;false;plains;1
2606;187;119;223;land;false;plains;1
2607;191;207;202;land;false;hills;1
2608;247;245;176;land;false;hills;1
2609;167;235;239;land;false;urban;1
2610;210;156;226;land;false;plains;1
2611;241;114;155;land;false;forest;1
2612;79;220;253;land;false;plains;1
2613;72;193;251;land;false;mountain;1
2614;220;142;161;land;false;forest;1
2615;207;223;107;land;false;hills;1
2616;223;208;233;land;false;hills;1
2617;240;130;217;land;false;plains;1
2618;253;212;44;land;false;forest;1
2619;125;212;217;land;false;plains;1
2620;205;132;247;land;false;plains;1
2621;248;153;188;land;false;forest;1
2622;127;206;189;land;false;plains;1
2623;238;237;35;land;false;plains;1
2624;134;192;209;land;false;hills;1
2625;218;113;192;land;false;plains;1
2626;123;160;228;land;false;plains;1
2627;226;214;133;land;false;hills;1
2628;254;44;253;land;true;plains;1
2629;234;216;176;land;false;urban;1
2630;237;67;221;land;false;plains;1
2631;159;184;220;land;false;hills;1
2632;77;249;192;land;false;plains;1
2633;198;200;147;land;false;forest;1
2634;223;80;249;land;false;hills;1
2635;227;154;137;land;false;forest;1
2636;146;234;155;land;false;forest;1
2637;163;152;192;land;false;plains;1
2638;189;195;242;land;false;plains;1
2639;238;79;251;land;false;plains;1
2640;214;70;243;land;false;mountain;1
2641;151;243;227;land;false;hills;1
2642;177;137;203;land;false;hills;1
2643;170;153;218;land;false;forest;1
2644;244;225;187;land;false;plains;1
2645;206;138;232;land;false;plains;1
2646;169;149;198;land;false;urban;1
2647;244;202;202;land;false;forest;1
2648;229;136;138;land;false;hills;1
2649;245;221;94;land;false;plains;1
2650;145;253;179;land;false;plains;1
2651;252;134;122;land;false;plains;1
2652;140;197;205;land;false;plains;1
2653;232;223;219;land;false;plains;1
2654;186;238;111;land;false;forest;1
2655;137;210;201;land;false;forest;1
2656;226;226;116;land;false;hills;1
2657;217;76;208;land;false;plains;1
2658;96;178;232;land;false;plains;1
2659;199;202;181;land;false;plains;1
2660;251;244;142;land;false;mountain;1
2661;193;174;207;land;false;urban;1
2662;245;207;157;land;false;plains;1
2663;201;235;189;land;false;forest;1
2664;80;241;210;land;false;forest;1
2665;106;208;221;land;false;plains;1
2666;72;222;241;land;false;plains;1
2667;220;213;123;land;false;plains;1
2668;247;107;245;land;false;plains;1
2669;251;105;157;land;false;hills;1
2670;147;219;241;land;false;hills;1
2671;206;98;212;land;false;forest;1
2672;50;244;213;land;false;forest;1
2673;248;83;180;land;false;hills;1
2674;223;146;176;land;false;plains;1
2675;173;234;161;land;false;plains;1
2676;199;242;235;land;false;mountain;1
2677;215;245;66;land;true;forest;1
2678;199;193;189;land;false;hills;1
2679;246;148;121;land;false;forest;1
2680;138;155;217;land;false;plains;1
2681;54;217;236;land;false;plains;1
2682;237;190;175;land;false;mountain;1
2683;203;198;185;land;false;forest;1
2684;178;134;250;land;false;plains;1
2685;231;234;199;land;false;plains;1
2686;199;171;163;land;false;forest;1
2687;147;145;233;land;false;hills;1
2688;84;199;237;land;false;plains;1
2689;102;232;191;land;false;plains;1
2690;159;223;244;land;false;hills;1
2691;213;224;254;land;false;forest;1
2692;212;223;149;land;false;hills;1
2693;191;230;214;land;false;forest;1
2694;51;234;234;land;false;hills;1
2695;172;220;182;land;true;urban;1
2696;230;92;201;land;false;forest;1
2697;103;158;244;land;false;hills;1
2698;201;205;237;land;false;mountain;1
2699;244;202;109;land;false;mountain;1
2700;211;148;211;land;false;hills;1
2701;165;162;226;land;true;plains;1
2702;141;204;186;land;false;plains;1
2703;229;212;168;land;true;hills;1
2704;86;227;221;land;false;mountain;1
2705;222;195;154;land;false;mountain;1
2706;217;224;247;land;true;plains;1
2707;190;224;173;land;false;urban;1
2708;197;100;214;land;false;plains;1
2709;222;217;251;land;false;plains;1
2710;231;205;192;land;false;forest;1
2711;215;242;65;land;false;mountain;1
2712;239;144;230;land;false;hills;1
2713;208;203;164;land;true;forest;1
2714;207;197;117;land;false;mountain;1
2715;170;197;246;land;false;mountain;1
2716;216;146;179;land;false;plains;1
2717;241;99;170;land;false;hills;1
2718;135;156;228;land;true;hills;1
2719;240;115;191;land;false;forest;1
2720;197;129;249;land;false;plains;1
2721;230;112;202;land;false;plains;1
2722;170;254;219;land;false;plains;1
2723;73;195;241;land;false;hills;1
2724;232;110;239;land;false;plains;1
2725;230;172;179;land;false;forest;1
2726;96;229;210;land;false;hills;1
2727;169;212;214;land;true;forest;1
2728;195;216;198;land;false;urban;1
2729;126;245;173;land;false;hills;1
2730;175;88;239;land;false;mountain;1
2731;185;192;194;land;false;forest;1
2732;161;226;221;land;false;plains;1
2733;254;125;176;land;false;plains;1
2734;216;253;67;land;false;plains;1
2735;228;181;201;land;false;forest;1
2736;153;181;242;land;false;hills;1
2737;132;169;205;land;false;forest;1
2738;181;140;192;land;false;urban;1
2739;193;104;209;land;false;forest;1
2740;228;94;195;land;false;urban;1
2741;169;114;229;land;false;hills;1
2742;226;54;226;land;false;hills;1
2743;222;244;251;land;false;plains;1
2744;235;91;178;land;false;forest;1
2745;133;174;238;land;false;plains;1
2746;222;179;110;land;false;plains;1
2747;203;155;219;land;false;forest;1
2748;208;84;227;land;false;plains;1
2749;239;87;220;land;false;plains;1
2750;248;128;155;land;false;hills;1
2751;184;155;174;land;true;hills;1
2752;243;101;208;land;false;hills;1
2753;79;204;251;land;false;plains;1
2754;154;163;204;land;false;forest;1
2755;88;191;241;land;false;hills;1
2756;245;121;167;land;false;plains;1
2757;176;149;199;land;false;hills;1
2758;191;185;169;land;false;hills;1
2759;220;155;173;land;false;plains;1
2760;247;244;152;land;false;plains;1
2761;235;186;118;land;false;forest;1
2762;127;209;197;land;false;plains;1
2763;101;225;214;land;false;hills;1
2764;207;101;237;land;false;hills;1
2765;88;230;252;land;false;mountain;1
2766;144;152;206;land;false;plains;1
2767;220;178;163;land;true;forest;1
2768;157;141;244;land;false;hills;1
2769;249;38;251;land;false;forest;1
2770;146;193;219;land;false;forest;1
2771;242;224;90;land;false;forest;1
2772;172;151;203;land;false;plains;1
2773;227;147;222;land;false;plains;1
2774;87;231;198;land;true;urban;1
2775;184;181;204;land;false;plains;1
2776;32;241;233;land;false;forest;1
2777;241;237;159;land;false;hills;1
2778;243;206;104;land;false;hills;1
2779;99;229;194;land;false;hills;1
2780;226;168;123;land;false;forest;1
2781;175;219;145;land;false;hills;1
2782;248;217;44;land;false;plains;1
2783;245;131;166;land;false;plains;1
2784;58;253;208;land;false;hills;1
2785;166;200;180;land;false;mountain;1
2786;216;203;187;land;false;plains;1
2787;209;147;233;land;false;mountain;1
2788;238;94;203;land;false;forest;1
2789;225;220;101;land;false;forest;1
2790;253;117;174;land;false;hills;1
2791;175;223;246;land;false;hills;1
2792;195;235;184;land;false;forest;1
2793;254;134;227;land;false;plains;1
2794;233;174;166;land;false;hills;1
2795;237;101;189;land;false;plains;1
2796;216;214;116;land;false;forest;1
2797;244;224;145;land;false;plains;1
2798;196;166;186;land;false;plains;1
2799;122;246;158;land;false;plains;1
2800;224;106;196;land;false;plains;1
2801;224;112;206;land;false;mountain;1
2802;80;226;234;land;false;hills;1
2803;106;218;195;land;false;forest;1
2804;249;132;253;land;false;plains;1
2805;212;251;110;land;false;forest;1
2806;210;246;208;land;false;hills;1
2807;145;177;216;land;false;plains;1
2808;68;238;239;land;false;mountain;1
2809;233;238;35;land;false;forest;1
2810;231;250;121;land;false;mountain;1
2811;206;110;210;land;false;hills;1
2812;219;228;100;land;false;hills;1
2813;253;125;207;land;false;forest;1
2814;97;220;219;land;false;plains;1
2815;236;75;210;land;false;forest;1
2816;244;203;234;land;false;plains;1
2817;229;184;138;land;false;forest;1
2818;223;211;112;land;false;plains;1
2819;184;232;244;land;true;plains;1
2820;248;249;218;land;false;hills;1
2821;110;228;234;land;false;plains;1
2822;248;148;234;land;false;plains;1
2823;243;85;252;land;false;hills;1
2824;208;99;212;land;true;hills;1
2825;191;144;206;land;true;forest;1
2826;97;244;235;land;false;plains;1
2827;250;137;139;land;false;plains;1
2828;251;204;117;land;false;hills;1
2829;164;214;146;land;false;forest;1
2830;246;200;117;land;false;forest;1
2831;238;186;188;land;false;hills;1
2832;236;174;94;land;false;hills;1
2833;109;247;235;land;false;hills;1
2834;184;179;149;land;false;hills;1
2835;237;176;117;land;false;forest;1
2836;230;92;234;land;false;plains;1
2837;236;47;244;land;false;hills;1
2838;219;127;169;land;false;plains;1
2839;98;202;253;land;false;hills;1
2840;207;187;157;land;false;urban;1
2841;245;227;102;land;false;urban;1
2842;177;117;214;land;false;plains;1
2843;237;227;116;land;false;plains;1
2844;217;61;232;land;false;hills;1
2845;241;75;186;land;false;plains;1
2846;155;174;226;land;false;plains;1
2847;204;157;191;land;false;forest;1
2848;190;232;88;land;false;forest;1
2849;123;168;241;land;false;hills;1
2850;174;119;240;land;false;hills;1
2851;229;182;238;land;false;forest;1
2852;241;241;170;land;false;forest;1
2853;171;212;159;land;false;hills;1
2854;197;208;223;land;false;hills;1
2855;200;226;206;land;false;mountain;1
2856;90;207;245;land;false;plains;1
2857;245;116;185;land;false;urban;1
2858;53;240;228;land;false;hills;1
2859;234;212;181;land;false;forest;1
2860;215;234;156;land;false;plains;1
2861;238;177;161;land;false;hills;1
2862;203;251;251;land;false;plains;1
2863;248;193;63;land;false;hills;1
2864;189;212;130;land;false;plains;1
2865;196;216;211;land;false;hills;1
2866;230;239;140;land;false;hills;1
2867;189;189;135;land;false;hills;1
2868;241;237;243;land;false;urban;1
2869;196;211;253;land;false;hills;1
2870;52;218;245;land;false;forest;1
2871;230;77;230;land;false;forest;1
2872;240;119;227;land;false;plains;1
2873;196;226;98;land;false;plains;1
2874;169;251;101;land;false;forest;1
2875;76;217;247;land;false;hills;1
2876;176;220;246;land;false;plains;1
2877;119;204;196;land;false;hills;1
2878;138;157;225;land;false;forest;1
2879;218;133;223;land;false;hills;1
2880;192;165;178;land;false;hills;1
2881;165;251;227;land;false;hills;1
2882;245;72;247;land;false;hills;1
2883;229;209;152;land;false;mountain;1
2884;164;225;117;land;false;forest;1
2885;189;200;118;land;false;hills;1
2886;158;219;128;land;true;plains;1
2887;179;250;161;land;false;hills;1
2888;127;221;164;land;false;plains;1
2889;249;239;229;land;false;mountain;1
2890;167;151;206;land;true;hills;1
2891;221;215;235;land;false;forest;1
2892;246;250;42;land;false;hills;1
2893;174;198;196;land;false;forest;1
2894;214;220;230;land;false;hills;1
2895;245;178;114;land;false;plains;1
2896;225;162;240;land;false;forest;1
2897;201;189;156;land;false;mountain;1
2898;241;252;103;land;false;plains;1
2899;253;240;39;land;false;plains;1
2900;248;186;109;land;false;forest;1
2901;219;244;86;land;false;hills;1
2902;181;200;202;land;false;plains;1
2903;228;179;130;land;false;urban;1
2904;230;240;77;land;false;hills;1
2905;172;177;159;land;false;forest;1
2906;95;241;231;land;true;plains;1
2907;194;175;213;land;false;forest;1
2908;213;88;231;land;false;plains;1
2909;169;163;239;land;false;hills;1
2910;239;231;53;land;false;hills;1
2911;219;186;213;land;false;forest;1
2912;244;115;237;land;false;plains;1
2913;99;235;233;land;false;forest;1
2914;228;207;132;land;false;hills;1
2915;239;185;216;land;false;mountain;1
2916;192;128;219;land;false;plains;1
2917;200;112;220;land;false;urban;1
2918;250;53;208;land;false;plains;1
2919;76;211;231;land;false;hills;1
2920;57;249;249;land;false;hills;1
2921;235;123;186;land;false;hills;1
2922;252;175;96;land;false;mountain;1
2923;163;186;192;land;false;forest;1
2924;180;212;151;land;false;urban;1
2925;150;211;223;land;false;forest;1
2926;252;232;154;land;false;plains;1
2927;215;171;206;land;false;plains;1
2928;219;138;190;land;false;plains;1
2929;231;55;243;land;false;plains;1
2930;222;101;254;land;false;forest;1
2931;182;158;198;land;false;forest;1
2932;49;234;241;land;false;plains;1
2933;250;165;141;land;false;mountain;1
2934;207;134;203;land;false;plains;1
2935;148;253;212;land;false;mountain;1
2936;248;144;204;land;false;forest;1
2937;236;201;207;land;false;forest;1
2938;209;240;146;land;false;forest;1
2939;228;222;86;land;false;plains;1
2940;188;149;179;land;false;plains;1
2941;201;129;184;land;false;forest;1
2942;228;245;166;land;false;plains;1
2943;203;216;237;land;false;urban;1
2944;187;138;195;land;true;plains;1
2945;153;241;239;land;false;forest;1
2946;110;200;201;land;true;plains;1
2947;199;199;174;land;true;hills;1
2948;215;244;201;land;false;forest;1
2949;204;131;214;land;false;hills;1
2950;178;119;236;land;false;mountain;1
2951;246;66;191;land;false;plains;1
2952;236;234;48;land;false;forest;1
2953;219;161;138;land;false;plains;1
2954;252;97;227;land;false;hills;1
2955;244;220;179;land;false;forest;1
2956;157;225;181;land;false;plains;1
2957;247;176;229;land;false;plains;1
2958;206;239;200;land;false;plains;1
2959;231;120;154;land;false;plains;1
2960;229;238;191;land;false;urban;1
2961;170;199;227;land;false;plains;1
2962;206;194;180;land;false;mountain;1
2963;229;128;244;land;false;forest;1
2964;98;205;243;land;false;forest;1
2965;245;116;160;land;false;plains;1
2966;237;207;94;land;false;forest;1
2967;59;248;248;land;false;hills;1
2968;174;148;186;land;false;plains;1
2969;232;176;237;land;false;plains;1
2970;119;181;239;land;false;hills;1
2971;214;182;243;land;false;plains;1
2972;229;216;89;land;false;forest;1
2973;221;176;197;land;false;plains;1
2974;97;209;237;land;false;forest;1
2975;207;248;65;land;false;forest;1
2976;227;211;165;land;false;plains;1
2977;226;159;223;land;false;urban;1
2978;166;181;229;land;false;mountain;1
2979;150;182;211;land;false;forest;1
2980;214;119;204;land;false;hills;1
2981;210;161;252;land;false;mountain;1
2982;191;222;181;land;false;plains;1
2983;199;91;237;land;false;forest;1
2984;176;241;132;land;false;forest;1
2985;191;251;75;land;false;mountain;1
2986;211;196;212;land;false;mountain;1
2987;227;194;95;land;false;plains;1
2988;243;249;119;land;false;forest;1
2989;232;26;244;land;false;plains;1
2990;166;216;125;land;false;forest;1
2991;145;254;250;land;false;plains;1
2992;243;169;163;land;false;forest;1
2993;68;217;239;land;false;plains;1
2994;237;118;225;land;false;plains;1
2995;207;200;228;land;false;plains;1
2996;234;95;202;land;false;forest;1
2997;243;171;209;land;true;forest;1
2998;218;227;199;land;false;mountain;1
2999;228;246;212;land;false;hills;1
3000;121;239;247;land;false;forest;1
3001;202;167;137;land;false;urban;1
3002;64;253;233;land;false;forest;1
3003;145;253;180;land;false;hills;1
3004;231;240;240;land;false;plains;1
3005;239;108;206;land;false;forest;1
3006;230;221;125;land;false;plains;1
3007;134;244;171;land;false;mountain;1
3008;169;242;128;land;false;urban;1
3009;127;210;246;land;false;forest;1
3010;183;253;189;land;false;plains;1
3011;223;239;246;land;false;plains;1
3012;224;119;245;land;false;plains;1
3013;227;225;199;land;false;plains;1
3014;229;174;238;land;false;plains;1
3015;229;64;214;land;false;hills;1
3016;140;221;191;land;false;plains;1
3017;165;236;209;land;false;plains;1
3018;245;167;200;land;false;urban;1
3019;242;81;205;land;false;forest;1
3020;237;146;231;land;false;forest;1
3021;216;245;220;land;true;plains;1
3022;58;231;249;land;false;forest;1
3023;206;215;230;land;false;hills;1
3024;118;250;133;land;false;forest;1
3025;205;165;141;land;false;urban;1
3026;209;119;214;land;false;urban;1
3027;227;120;249;land;false;hills;1
3028;110;253;161;land;false;forest;1
3029;149;229;207;land;false;hills;1
3030;174;122;253;land;false;plains;1
3031;243;198;215;land;false;plains;1
3032;220;217;64;land;false;hills;1
3033;217;153;174;land;false;hills;1
3034;163;232;214;land;false;plains;1
3035;197;243;225;land;false;hills;1
3036;203;111;252;land;false;hills;1
3037;240;242;97;land;false;hills;1
3038;161;205;215;land;false;hills;1
3039;233;79;192;land;false;plains;1
3040;121;210;247;land;false;plains;1
3041;237;207;184;land;false;plains;1
3042;249;135;160;land;false;forest;1
3043;171;213;187;land;false;mountain;1
3044;167;222;223;land;false;plains;1
3045;153;250;230;land;false;forest;1
3046;224;208;231;land;false;forest;1
3047;101;247;212;land;false;hills;1
3048;86;220;226;land;false;hills;1
3049;245;212;238;land;false;mountain;1
3050;230;177;196;land;false;hills;1
3051;245;148;211;land;false;forest;1
3052;204;226;170;land;false;plains;1
3053;175;187;219;land;false;plains;1
3054;193;246;170;land;false;hills;1
3055;213;250;201;land;false;hills;1
3056;26;254;248;land;false;plains;1
3057;205;246;229;land;false;plains;1
3058;78;212;227;land;false;plains;1
3059;169;188;155;land;false;mountain;1
3060;252;193;229;land;false;urban;1
3061;240;148;253;land;false;forest;1
3062;228;149;197;land;false;forest;1
3063;168;147;228;land;false;urban;1
3064;224;186;197;land;false;plains;1
3065;246;213;98;land;false;urban;1
3066;190;147;207;land;false;plains;1
3067;252;206;163;land;true;urban;1
3068;36;237;243;land;false;hills;1
3069;230;147;129;land;false;plains;1
3070;202;112;232;land;false;mountain;1
3071;154;212;182;land;false;hills;1
3072;178;108;236;land;false;plains;1
3073;237;59;222;land;false;forest;1
3074;232;201;175;land;false;hills;1
3075;208;198;230;land;true;urban;1
3076;117;250;231;land;false;plains;1
3077;222;220;165;land;false;hills;1
3078;215;146;161;land;false;plains;1
3079;221;182;214;land;false;plains;1
3080;204;234;65;land;false;forest;1
3081;122;139;241;land;false;forest;1
3082;212;171;139;land;false;plains;1
3083;243;173;100;land;false;plains;1
3084;83;241;204;land;false;hills;1
3085;221;168;138;land;false;forest;1
3086;248;235;151;land;false;plains;1
3087;224;131;155;land;false;plains;1
3088;158;207;185;land;false;plains;1
3089;138;234;245;land;false;plains;1
3090;178;210;252;land;false;hills;1
3091;217;219;108;land;false;hills;1
3092;196;104;226;land;false;plains;1
3093;203;205;187;land;false;forest;1
3094;220;240;116;land;false;plains;1
3095;165;175;246;land;false;forest;1
3096;191;241;78;land;false;urban;1
3097;241;108;179;land;false;plains;1
3098;252;231;103;land;false;plains;1
3099;202;86;237;land;false;plains;1
3100;239;111;225;land;false;plains;1
3101;253;33;253;land;false;plains;1
3102;217;157;148;land;false;hills;1
3103;222;247;154;land;false;hills;1
3104;177;208;165;land;false;plains;1
3105;93;169;239;land;false;hills;1
3106;241;215;211;land;false;plains;1
3107;193;187;223;land;false;plains;1
3108;152;238;168;land;false;plains;1
3109;222;157;234;land;false;forest;1
3110;243;204;190;land;false;plains;1
3111;226;246;76;land;false;mountain;1
3112;209;236;212;land;false;plains;1
3113;233;230;231;land;false;mountain;1
3114;146;192;188;land;false;plains;1
3115;91;235;193;land;false;urban;1
3116;133;227;208;land;false;plains;1
3117;88;206;220;land;false;forest;1
3118;225;158;245;land;false;hills;1
3119;209;130;227;land;false;plains;1
3120;240;149;197;land;false;hills;1
3121;141;209;187;land;false;hills;1
3122;250;159;134;land;false;plains;1
3123;253;36;253;land;false;forest;1
3124;180;219;152;land;false;mountain;1
3125;221;215;228;land;false;forest;1
3126;216;132;239;land;false;hills;1
3127;227;132;174;land;false;hills;1
3128;122;211;209;land;false;plains;1
3129;130;178;197;land;false;hills;1
3130;118;164;224;land;false;forest;1
3131;213;213;243;land;false;plains;1
3132;244;101;167;land;false;hills;1
3133;127;174;208;land;false;plains;1
3134;252;206;63;land;false;forest;1
3135;184;172;216;land;false;mountain;1
3136;206;233;194;land;false;hills;1
3137;152;106;243;land;false;forest;1
3138;229;81;234;land;false;urban;1
3139;148;197;176;land;false;plains;1
3140;243;69;240;land;false;hills;1
3141;102;248;167;land;false;forest;1
3142;205;190;242;land;false;urban;1
3143;217;123;240;land;false;plains;1
3144;216;253;226;land;false;plains;1
3145;125;188;199;land;false;mountain;1
3146;101;154;254;land;false;hills;1
3147;149;189;171;land;false;plains;1
3148;72;192;249;land;false;hills;1
3149;206;226;127;land;false;plains;1
3150;168;212;158;land;false;forest;1
3151;185;150;232;land;false;forest;1
3152;204;73;232;land;false;hills;1
3153;234;213;188;land;false;mountain;1
3154;243;253;121;land;false;forest;1
3155;248;199;184;land;false;hills;1
3156;140;238;204;land;false;plains;1
3157;159;235;247;land;false;mountain;1
3158;206;218;84;land;false;plains;1
3159;171;224;169;land;false;mountain;1
3160;216;250;137;land;false;forest;1
3161;155;180;251;land;false;plains;1
3162;184;251;160;land;false;forest;1
3163;121;200;185;land;false;plains;1
3164;174;250;143;land;false;urban;1
3165;174;177;228;land;false;hills;1
3166;238;97;238;land;false;plains;1
3167;139;218;201;land;false;forest;1
3168;194;184;141;land;false;plains;1
3169;126;214;170;land;false;hills;1
3170;166;218;145;land;false;forest;1
3171;231;242;161;land;false;plains;1
3172;186;125;197;land;false;forest;1
3173;160;167;213;land;false;forest;1
3174;151;206;212;land;false;hills;1
3175;215;98;234;land;false;forest;1
3176;125;212;192;land;false;plains;1
3177;180;99;241;land;false;mountain;1
3178;166;176;185;land;false;forest;1
3179;201;131;209;land;false;hills;1
3180;162;173;170;land;false;urban;1
3181;221;253;54;land;false;forest;1
3182;248;233;78;land;false;hills;1
3183;203;216;104;land;false;hills;1
3184;136;248;143;land;false;plains;1
3185;215;147;205;land;false;mountain;1
3186;240;123;230;land;false;hills;1
3187;120;227;222;land;true;forest;1
3188;223;100;245;land;false;plains;1
3189;111;232;178;land;false;urban;1
3190;214;184;154;land;false;forest;1
3191;216;144;220;land;false;plains;1
3192;220;216;91;land;false;forest;1
3193;236;138;160;land;false;forest;1
3194;156;243;161;land;false;forest;1
3195;203;208;122;land;false;plains;1
3196;244;15;250;land;false;urban;1
3197;31;248;240;land;false;forest;1
3198;83;241;191;land;false;hills;1
3199;242;241;160;land;false;hills;1
3200;214;243;108;land;false;plains;1
3201;140;229;170;land;true;plains;1
3202;238;219;190;land;false;mountain;1
3203;171;104;235;land;false;forest;1
3204;194;219;202;land;false;plains;1
3205;194;215;120;land;false;hills;1
3206;188;250;174;land;false;plains;1
3207;223;109;212;land;false;plains;1
3208;195;234;226;land;false;plains;1
3209;122;223;175;land;false;mountain;1
3210;195;115;242;land;false;hills;1
3211;231;249;172;land;false;mountain;1
3212;244;232;196;land;false;plains;1
3213;247;232;205;land;false;forest;1
3214;252;222;235;land;false;plains;1
3215;143;224;177;land;false;forest;1
3216;184;198;181;land;false;urban;1
3217;240;87;200;land;false;hills;1
3218;204;112;205;land;true;plains;1
3219;92;221;242;land;false;hills;1
3220;173;136;249;land;false;plains;1
3221;229;139;220;land;false;forest;1
3222;241;129;205;land;false;plains;1
3223;219;169;182;land;false;forest;1
3224;160;239;130;land;false;mountain;1
3225;228;207;98;land;false;urban;1
3226;140;241;140;land;false;forest;1
3227;212;251;102;land;true;plains;1
3228;168;168;235;land;false;hills;1
3229;91;221;238;land;false;hills;1
3230;136;201;217;land;false;plains;1
3231;226;253;210;land;false;hills;1
3232;83;240;204;land;false;hills;1
3233;204;233;159;land;false;forest;1
3234;152;155;235;land;false;hills;1
3235;244;87;226;land;false;plains;1
3236;228;238;161;land;false;plains;1
3237;248;90;202;land;false;forest;1
3238;224;249;93;land;false;forest;1
3239;177;248;245;land;false;hills;1
3240;230;238;76;land;false;hills;1
3241;243;209;212;land;false;plains;1
3242;126;204;216;land;false;plains;1
3243;184;173;253;land;false;hills;1
3244;183;213;149;land;false;plains;1
3245;252;220;160;land;false;forest;1
3246;236;238;40;land;false;forest;1
3247;161;221;170;land;false;urban;1
3248;241;55;241;land;false;plains;1
3249;110;243;162;land;false;hills;1
3250;211;168;162;land;false;plains;1
3251;243;208;218;land;false;plains;1
3252;238;222;227;land;false;urban;1
3253;184;230;110;land;false;forest;1
3254;250;115;219;land;false;hills;1
3255;169;209;225;land;false;hills;1
3256;250;17;235;land;false;plains;1
3257;113;171;252;land;false;mountain;1
3258;105;253;199;land;false;plains;1
3259;213;220;186;land;false;mountain;1
3260;218;251;170;land;false;hills;1
3261;235;181;183;land;false;hills;1
3262;212;205;107;land;false;urban;1
3263;234;56;251;land;false;forest;1
3264;228;185;187;land;false;mountain;1
3265;93;171;244;land;false;hills;1
3266;221;71;234;land;false;forest;1
3267;182;181;251;land;false;plains;1
3268;130;247;160;land;false;hills;1
3269;173;242;209;land;false;forest;1
3270;230;82;197;land;false;plains;1
3271;176;252;103;land;false;plains;1
3272;142;232;218;land;false;urban;1
3273;85;221;249;land;false;forest;1
3274;206;113;243;land;false;plains;1
3275;189;209;219;land;false;forest;1
3276;211;222;209;land;false;plains;1
3277;110;230;185;land;false;plains;1
3278;215;115;240;land;false;plains;1
3279;70;236;198;land;true;hills;1
3280;182;182;241;land;false;plains;1
3281;234;174;233;land;false;forest;1
3282;241;179;248;land;false;forest;1
3283;158;164;240;land;false;mountain;1
3284;185;174;170;land;false;urban;1
3285;199;127;176;land;false;forest;1
3286;201;227;126;land;false;mountain;1
3287;219;240;135;land;false;forest;1
3288;196;219;219;land;false;plains;1
3289;151;142;234;land;false;urban;1
3290;246;239;159;land;false;plains;1
3291;131;169;241;land;false;forest;1
3292;220;171;165;land;false;forest;1
3293;247;244;158;land;false;hills;1
3294;195;248;229;land;false;hills;1
3295;186;188;239;land;false;forest;1
3296;239;169;133;land;false;forest;1
3297;231;250;165;land;false;forest;1
3298;221;212;118;land;false;hills;1
3299;214;174;130;land;false;mountain;1
3300;32;235;244;land;false;forest;1
3301;127;248;216;land;false;plains;1
3302;123;213;221;land;false;forest;1
3303;73;241;187;land;false;plains;1
3304;123;245;182;land;false;hills;1
3305;215;186;187;land;false;plains;1
3306;182;188;243;land;false;plains;1
3307;203;196;168;land;false;hills;1
3308;91;213;229;land;false;forest;1
3309;95;253;209;land;false;plains;1
3310;224;178;129;land;false;mountain;1
3311;192;205;189;land;false;mountain;1
3312;235;209;208;land;false;hills;1
3313;188;235;172;land;false;plains;1
3314;205;185;118;land;false;forest;1
3315;148;178;232;land;false;plains;1
3316;155;206;240;land;false;hills;1
3317;209;221;225;land;false;urban;1
3318;159;204;254;land;false;plains;1
3319;170;243;230;land;false;forest;1
3320;67;216;250;land;false;mountain;1
3321;89;223;221;land;false;hills;1
3322;252;75;178;land;false;forest;1
3323;236;198;164;land;false;forest;1
3324;161;112;254;land;false;plains;1
3325;237;218;102;land;false;urban;1
3326;198;193;221;land;false;hills;1
3327;174;233;196;land;false;hills;1
3328;220;187;101;land;false;mountain;1
3329;239;245;169;land;false;plains;1
3330;233;254;142;land;false;mountain;1
3331;247;224;241;land;false;plains;1
3332;131;180;244;land;false;forest;1
3333;171;228;134;land;false;hills;1
3334;174;156;222;land;false;forest;1
3335;231;73;208;land;false;plains;1
3336;201;217;232;land;false;plains;1
3337;210;131;239;land;false;forest;1
3338;252;35;217;land;false;plains;1
3339;130;244;153;land;false;plains;1
3340;222;117;242;land;false;plains;1
3341;226;193;124;land;false;plains;1
3342;161;162;204;land;false;forest;1
3343;232;254;247;land;false;forest;1
3344;218;44;249;land;false;plains;1
3345;206;146;250;land;false;plains;1
3346;222;234;119;land;false;urban;1
3347;233;173;136;land;false;forest;1
3348;251;80;243;land;false;mountain;1
3349;244;229;44;land;false;plains;1
3350;166;231;199;land;false;hills;1
3351;181;157;170;land;false;plains;1
3352;251;254;225;land;false;mountain;1
3353;203;164;154;land;false;hills;1
3354;118;178;244;land;false;forest;1
3355;248;205;83;land;false;plains;1
3356;229;149;141;land;false;hills;1
3357;188;83;239;land;false;plains;1
3358;46;229;247;land;false;mountain;1
3359;102;233;185;land;false;forest;1
3360;224;188;156;land;false;plains;1
3361;244;133;241;land;false;forest;1
3362;248;234;172;land;false;plains;1
3363;212;226;241;land;false;forest;1
3364;219;119;220;land;false;plains;1
3365;188;190;153;land;false;plains;1
3366;243;209;252;land;false;forest;1
3367;224;109;248;land;false;plains;1
3368;242;154;240;land;false;plains;1
3369;237;247;203;land;false;plains;1
3370;119;251;175;land;true;hills;1
3371;235;190;119;land;false;plains;1
3372;140;238;183;land;false;urban;1
3373;167;226;156;land;true;plains;1
3374;161;125;252;land;false;forest;1
3375;206;236;129;land;false;plains;1
3376;64;239;219;land;false;mountain;1
3377;220;246;75;land;false;plains;1
3378;242;44;215;land;false;plains;1
3379;236;105;187;land;false;plains;1
3380;211;182;145;land;false;hills;1
3381;125;231;219;land;false;forest;1
3382;218;73;227;land;false;hills;1
3383;99;170;241;land;false;plains;1
3384;233;87;229;land;false;forest;1
3385;211;248;128;land;false;forest;1
3386;246;106;219;land;false;plains;1
3387;244;223;236;land;false;plains;1
3388;119;193;205;land;false;hills;1
3389;191;107;213;land;false;forest;1
3390;168;253;121;land;false;forest;1
3391;222;120;228;land;false;forest;1
3392;217;246;185;land;false;plains;1
3393;227;178;232;land;true;plains;1
3394;209;237;89;land;false;plains;1
3395;104;192;254;land;false;mountain;1
3396;199;216;90;land;false;mountain;1
3397;158;171;247;land;false;forest;1
3398;222;142;213;land;false;plains;1
3399;222;225;139;land;false;mountain;1
3400;110;233;247;land;false;plains;1
3401;238;225;111;land;false;forest;1
3402;181;80;241;land;false;hills;1
3403;202;103;197;land;false;plains;1
3404;210;173;128;land;false;forest;1
3405;206;232;193;land;false;plains;1
3406;225;242;196;land;false;mountain;1
3407;116;223;220;land;false;mountain;1
3408;155;242;142;land;false;forest;1
3409;188;206;131;land;false;forest;1
3410;244;75;222;land;false;plains;1
3411;214;172;231;land;false;mountain;1
3412;173;234;223;land;false;mountain;1
3413;227;131;223;land;false;mountain;1
3414;105;205;218;land;false;forest;1
3415;200;87;252;land;false;forest;1
3416;237;227;81;land;false;forest;1
3417;80;218;211;land;false;forest;1
3418;179;211;198;land;false;plains;1
3419;246;153;144;land;false;forest;1
3420;147;181;203;land;false;plains;1
3421;127;203;185;land;false;mountain;1
3422;149;230;122;land;false;hills;1
3423;215;225;207;land;false;hills;1
3424;149;180;208;land;false;hills;1
3425;150;233;207;land;false;hills;1
3426;213;196;173;land;false;forest;1
3427;195;218;138;land;false;hills;1
3428;205;125;179;land;false;plains;1
3429;221;113;167;land;false;forest;1
3430;153;157;227;land;false;hills;1
3431;66;244;193;land;false;urban;1
3432;155;151;231;land;false;forest;1
3433;71;231;235;land;false;forest;1
3434;129;201;219;land;false;mountain;1
3435;204;211;153;land;false;forest;1
3436;227;167;133;land;false;forest;1
3437;221;248;175;land;false;forest;1
3438;240;213;123;land;false;hills;1
3439;244;183;238;land;false;plains;1
3440;242;179;152;land;false;plains;1
3441;194;137;197;land;false;hills;1
3442;235;171;228;land;false;urban;1
3443;222;118;232;land;false;hills;1
3444;158;215;250;land;false;plains;1
3445;199;210;122;land;false;urban;1
3446;103;218;244;land;false;hills;1
3447;163;185;179;land;false;plains;1
3448;203;147;163;land;false;hills;1
3449;180;87;237;land;false;hills;1
3450;181;244;103;land;false;forest;1
3451;118;191;247;land;false;forest;1
3452;139;190;212;land;false;mountain;1
3453;230;73;219;land;false;plains;1
3454;248;76;212;land;false;forest;1
3455;242;50;246;land;false;hills;1
3456;115;239;183;land;false;forest;1
3457;250;200;154;land;false;mountain;1
3458;202;243;198;land;false;forest;1
3459;169;183;205;land;false;mountain;1
3460;220;133;170;land;false;plains;1
3461;236;91;204;land;false;forest;1
3462;224;253;51;land;false;plains;1
3463;149;189;168;land;false;urban;1
3464;181;200;237;land;false;urban;1
3465;194;234;213;land;false;mountain;1
3466;114;234;193;land;false;plains;1
3467;143;218;198;land;false;hills;1
3468;252;98;233;land;false;plains;1
3469;240;234;193;land;false;mountain;1
3470;223;179;232;land;false;urban;1
3471;119;231;225;land;false;forest;1
3472;172;150;184;land;false;plains;1
3473;251;107;157;land;false;hills;1
3474;242;246;136;land;false;forest;1
3475;90;184;244;land;false;plains;1
3476;234;182;244;land;false;forest;1
3477;216;219;211;land;false;plains;1
3478;235;92;230;land;true;plains;1
3479;246;157;202;land;true;plains;1
3480;144;236;220;land;false;hills;1
3481;199;87;241;land;false;hills;1
3482;238;185;143;land;false;forest;1
3483;245;141;123;land;false;forest;1
3484;232;157;198;land;true;forest;1
3485;63;223;218;land;false;plains;1
3486;131;224;214;land;false;plains;1
3487;237;212;153;land;false;forest;1
3488;210;122;171;land;false;hills;1
3489;75;239;239;land;false;hills;1
3490;229;180;102;land;false;hills;1
3491;207;205;148;land;false;plains;1
3492;189;162;161;land;false;plains;1
3493;92;224;210;land;false;plains;1
3494;215;118;183;land;false;plains;1
3495;243;171;117;land;false;hills;1
3496;186;209;147;land;false;plains;1
3497;115;246;241;land;false;forest;1
3498;210;177;248;land;false;urban;1
3499;251;242;77;land;false;plains;1
3500;220;221;158;land;false;hills;1
3501;100;249;224;land;false;mountain;1
3502;226;243;162;land;false;hills;1
3503;222;192;226;land;true;plains;1
3504;199;219;185;land;false;forest;1
3505;254;84;211;land;false;plains;1
3506;215;237;72;land;false;forest;1
3507;224;200;142;land;false;hills;1
3508;126;237;212;land;false;plains;1
3509;168;119;224;land;false;forest;1
3510;244;84;226;land;false;hills;1
3511;251;159;154;land;false;hills;1
3512;163;125;230;land;false;plains;1
3513;200;159;193;land;false;mountain;1
3514;243;239;231;land;false;forest;1
3515;147;210;152;land;false;forest;1
3516;242;175;232;land;false;urban;1
3517;158;151;228;land;false;forest;1
3518;228;213;159;land;false;hills;1
3519;87;249;172;land;false;mountain;1
3520;202;252;102;land;false;plains;1
3521;251;140;194;land;false;forest;1
3522;195;133;190;land;false;forest;1
3523;85;224;245;land;false;forest;1
3524;224;153;142;land;false;urban;1
3525;205;238;145;land;false;mountain;1
3526;251;160;140;land;false;plains;1
3527;233;40;235;land;false;plains;1
3528;193;232;144;land;false;urban;1
3529;240;143;181;land;false;plains;1
3530;207;176;162;land;false;plains;1
3531;200;129;178;land;false;hills;1
3532;85;243;205;land;false;hills;1
3533;212;157;213;land;false;mountain;1
3534;232;225;65;land;false;hills;1
3535;194;192;119;land;false;plains;1
3536;215;237;207;land;false;forest;1
3537;242;153;190;land;false;plains;1
3538;191;200;153;land;false;forest;1
3539;253;214;237;land;false;hills;1
3540;237;249;212;land;false;hills;1
3541;226;223;212;land;false;hills;1
3542;175;169;253;land;false;plains;1
3543;212;249;62;land;false;mountain;1
3544;221;227;111;land;false;hills;1
3545;254;247;135;land;false;plains;1
3546;219;245;37;land;false;hills;1
3547;252;166;216;land;false;forest;1
3548;207;152;254;land;false;forest;1
3549;194;192;118;land;false;plains;1
3550;227;170;155;land;false;plains;1
3551;163;218;241;land;false;plains;1
3552;208;218;114;land;true;forest;1
3553;216;188;210;land;false;forest;1
3554;221;98;204;land;false;hills;1
3555;227;191;236;land;false;hills;1
3556;102;219;217;land;false;plains;1
3557;77;249;239;land;false;forest;1
3558;250;74;250;land;false;forest;1
3559;249;195;130;land;false;plains;1
3560;222;223;169;land;false;plains;1
3561;229;213;69;land;false;plains;1
3562;253;20;238;land;false;mountain;1
3563;172;98;235;land;false;forest;1
3564;99;189;251;land;false;plains;1
3565;229;220;202;land;false;forest;1
3566;53;243;245;land;false;forest;1
3567;183;146;198;land;false;hills;1
3568;183;241;122;land;true;plains;1
3569;202;211;145;land;false;forest;1
3570;232;178;114;land;false;forest;1
3571;236;137;148;land;false;forest;1
3572;232;229;138;land;false;plains;1
3573;228;236;88;land;false;urban;1
3574;124;185;254;land;true;urban;1
3575;207;190;231;land;true;urban;1
3576;208;92;205;land;true;urban;1
3577;249;223;140;land;false;plains;1
3578;157;204;235;land;false;forest;1
3579;245;93;171;land;false;forest;1
3580;120;192;198;land;false;plains;1
3581;238;80;209;land;false;hills;1
3582;244;84;189;land;false;hills;1
3583;247;179;156;land;false;plains;1
3584;241;136;214;land;true;plains;1
3585;156;226;242;land;true;plains;1
3586;148;199;242;land;false;hills;1
3587;215;251;155;land;false;mountain;1
3588;221;216;142;land;false;plains;1
3589;118;235;222;land;false;hills;1
3590;188;203;219;land;false;forest;1
3591;192;203;175;land;false;mountain;1
3592;205;169;219;land;false;plains;1
3593;144;235;232;land;false;plains;1
3594;189;197;240;land;false;hills;1
3595;229;119;155;land;false;urban;1
3596;226;174;242;land;false;hills;1
3597;167;126;220;land;false;hills;1
3598;240;175;207;land;false;forest;1
3599;215;150;175;land;false;hills;1
3600;191;228;233;land;false;hills;1
3601;178;167;243;land;false;hills;1
3602;223;234;240;land;false;plains;1
3603;96;245;235;land;false;plains;1
3604;217;114;183;land;false;mountain;1
3605;236;241;28;land;false;plains;1
3606;161;226;161;land;false;plains;1
3607;177;207;188;land;false;urban;1
3608;191;179;243;land;false;mountain;1
3609;218;151;225;land;false;plains;1
3610;210;79;229;land;false;forest;1
3611;147;218;216;land;false;plains;1
3612;140;253;139;land;false;forest;1
3613;169;162;199;land;false;urban;1
3614;221;229;80;land;false;forest;1
3615;230;223;117;land;false;hills;1
3616;212;65;242;land;false;urban;1
3617;246;212;226;land;false;urban;1
3618;227;193;146;land;false;hills;1
3619;186;96;252;land;false;plains;1
3620;128;158;243;land;false;plains;1
3621;102;216;194;land;false;forest;1
3622;214;200;186;land;false;hills;1
3623;150;175;229;land;false;hills;1
3624;214;80;210;land;false;plains;1
3625;226;231;44;land;false;plains;1
3626;212;224;156;land;false;plains;1
3627;208;87;220;land;false;plains;1
3628;183;197;251;land;false;plains;1
3629;148;187;179;land;false;plains;1
3630;229;89;254;land;false;hills;1
3631;163;222;252;land;false;plains;1
3632;220;149;184;land;false;plains;1
3633;163;226;210;land;false;plains;1
3634;247;121;223;land;false;hills;1
3635;232;238;194;land;false;plains;1
3636;125;218;226;land;false;forest;1
3637;249;246;169;land;false;hills;1
3638;137;242;154;land;false;forest;1
3639;132;225;228;land;false;hills;1
3640;94;211;196;land;false;plains;1
3641;253;170;169;land;false;plains;1
3642;225;142;163;land;false;forest;1
3643;156;122;236;land;false;forest;1
3644;250;227;177;land;false;plains;1
3645;208;249;251;land;false;urban;1
3646;157;172;225;land;false;hills;1
3647;132;231;201;land;false;plains;1
3648;151;187;229;land;false;urban;1
3649;246;191;80;land;false;plains;1
3650;185;130;217;land;false;hills;1
3651;190;233;152;land;false;hills;1
3652;226;229;62;land;false;forest;1
3653;200;211;118;land;false;forest;1
3654;189;219;135;land;false;plains;1
3655;188;249;135;land;false;plains;1
3656;224;209;108;land;false;forest;1
3657;207;100;198;land;false;hills;1
3658;223;147;183;land;false;plains;1
3659;232;254;120;land;false;plains;1
3660;248;228;211;land;false;urban;1
3661;135;234;150;land;false;plains;1
3662;243;223;185;land;false;mountain;1
3663;240;249;17;land;false;forest;1
3664;199;218;228;land;false;plains;1
3665;254;162;132;land;false;plains;1
3666;224;91;197;land;false;plains;1
3667;91;192;237;land;false;plains;1
3668;166;193;187;land;false;plains;1
3669;147;231;229;land;false;plains;1
3670;231;236;183;land;false;mountain;1
3671;232;232;122;land;true;plains;1
3672;147;195;186;land;false;forest;1
3673;240;84;241;land;false;plains;1
3674;197;196;225;land;false;forest;1
3675;118;235;190;land;false;forest;1
3676;204;167;144;land;false;plains;1
3677;65;224;215;land;false;forest;1
3678;220;129;223;land;false;plains;1
3679;218;237;107;land;false;hills;1
3680;217;126;182;land;false;hills;1
3681;165;228;166;land;false;forest;1
3682;175;177;175;land;false;mountain;1
3683;221;244;223;land;false;forest;1
3684;243;153;161;land;false;hills;1
3685;203;235;248;land;false;plains;1
3686;162;208;137;land;false;forest;1
3687;227;74;200;land;true;forest;1
3688;79;247;241;land;false;plains;1
3689;248;69;187;land;false;forest;1
3690;242;222;42;land;false;hills;1
3691;38;254;217;land;false;hills;1
3692;225;157;140;land;false;mountain;1
3693;191;131;250;land;false;urban;1
3694;243;174;153;land;false;plains;1
3695;141;197;189;land;false;urban;1
3696;252;183;196;land;false;hills;1
3697;229;194;178;land;false;forest;1
3698;170;215;183;land;false;plains;1
3699;241;207;107;land;false;plains;1
3700;172;221;140;land;false;forest;1
3701;235;204;134;land;false;mountain;1
3702;144;166;240;land;false;plains;1
3703;231;85;253;land;false;mountain;1
3704;224;95;230;land;false;forest;1
3705;93;243;184;land;true;plains;1
3706;101;154;247;land;false;hills;1
3707;231;144;149;land;false;plains;1
3708;179;251;133;land;false;plains;1
3709;209;194;181;land;false;urban;1
3710;126;246;206;land;false;plains;1
3711;247;211;229;land;false;plains;1
3712;246;134;158;land;false;plains;1
3713;173;186;185;land;false;hills;1
3714;160;233;165;land;false;hills;1
3715;218;213;89;land;false;hills;1
3716;248;84;232;land;false;hills;1
3717;172;219;161;land;true;plains;1
3718;86;238;214;land;false;forest;1
3719;248;227;173;land;false;plains;1
3720;254;155;215;land;false;hills;1
3721;99;227;216;land;false;plains;1
3722;182;150;207;land;false;mountain;1
3723;77;208;249;land;false;plains;1
3724;158;239;168;land;false;plains;1
3725;235;69;207;land;false;hills;1
3726;188;128;238;land;false;plains;1
3727;87;195;229;land;false;hills;1
3728;206;202;104;land;false;forest;1
3729;206;187;188;land;false;hills;1
3730;161;174;203;land;false;mountain;1
3731;214;174;131;land;false;forest;1
3732;206;187;116;land;false;hills;1
3733;202;227;100;land;false;mountain;1
3734;250;240;251;land;false;plains;1
3735;237;175;163;land;false;plains;1
3736;200;239;122;land;false;hills;1
3737;237;168;101;land;false;plains;1
3738;184;233;239;land;false;plains;1
3739;127;234;222;land;false;hills;1
3740;236;166;232;land;true;plains;1
3741;175;213;181;land;false;plains;1
3742;226;247;53;land;false;hills;1
3743;240;147;184;land;false;plains;1
3744;222;228;237;land;false;hills;1
3745;133;187;254;land;false;forest;1
3746;216;221;252;land;false;mountain;1
3747;9;253;247;land;false;plains;1
3748;179;181;157;land;false;mountain;1
3749;139;224;245;land;false;plains;1
3750;222;196;98;land;false;plains;1
3751;217;228;117;land;false;hills;1
3752;242;210;92;land;false;forest;1
3753;221;103;220;land;false;hills;1
3754;170;239;164;land;false;urban;1
3755;196;141;195;land;false;plains;1
3756;82;250;212;land;false;mountain;1
3757;230;161;148;land;false;forest;1
3758;186;195;244;land;false;plains;1
3759;239;202;175;land;false;plains;1
3760;241;107;183;land;false;mountain;1
3761;224;69;241;land;false;mountain;1
3762;156;220;225;land;false;forest;1
3763;163;190;215;land;false;plains;1
3764;133;197;203;land;false;forest;1
3765;153;169;232;land;false;plains;1
3766;174;201;143;land;false;plains;1
3767;210;235;119;land;false;plains;1
3768;91;247;249;land;false;mountain;1
3769;232;40;250;land;false;plains;1
3770;206;203;160;land;false;plains;1
3771;212;161;234;land;false;hills;1
3772;206;199;237;land;false;plains;1
3773;247;79;196;land;false;urban;1
3774;104;245;189;land;false;forest;1
3775;236;125;148;land;true;plains;1
3776;217;252;92;land;false;plains;1
3777;112;224;226;land;false;forest;1
3778;240;158;125;land;false;forest;1
3779;138;205;200;land;false;urban;1
3780;202;106;247;land;false;forest;1
3781;244;194;173;land;false;plains;1
3782;234;237;206;land;false;forest;1
3783;230;221;78;land;false;hills;1
3784;228;205;105;land;false;hills;1
3785;213;101;190;land;false;forest;1
3786;252;200;102;land;false;plains;1
3787;251;153;176;land;false;forest;1
3788;180;184;137;land;false;plains;1
3789;179;211;146;land;false;forest;1
3790;190;201;147;land;false;hills;1
3791;167;140;222;land;false;forest;1
3792;206;140;243;land;false;mountain;1
3793;159;209;236;land;false;plains;1
3794;99;228;198;land;false;plains;1
3795;250;181;130;land;false;hills;1
3796;45;233;248;land;false;hills;1
3797;240;169;243;land;false;mountain;1
3798;217;187;247;land;false;mountain;1
3799;134;167;225;land;false;hills;1
3800;215;42;252;land;false;plains;1
3801;164;197;187;land;false;urban;1
3802;122;173;252;land;false;hills;1
3803;222;142;200;land;false;forest;1
3804;168;175;220;land;false;mountain;1
3805;170;242;111;land;false;hills;1
3806;161;193;220;land;false;urban;1
3807;159;187;198;land;false;plains;1
3808;203;171;171;land;false;hills;1
3809;201;208;245;land;true;plains;1
3810;198;253;56;land;false;forest;1
3811;223;239;163;land;false;hills;1
3812;218;175;206;land;false;plains;1
3813;230;236;199;land;false;plains;1
3814;147;167;201;land;false;forest;1
3815;140;253;193;land;false;plains;1
3816;74;221;242;land;false;mountain;1
3817;191;151;178;land;false;plains;1
3818;91;241;254;land;false;plains;1
3819;191;229;237;land;false;plains;1
3820;96;189;223;land;false;hills;1
3821;46;213;249;land;false;mountain;1
3822;117;131;253;land;false;forest;1
3823;157;204;230;land;false;mountain;1
3824;251;192;218;land;false;plains;1
3825;206;75;250;land;false;forest;1
3826;202;252;93;land;false;forest;1
3827;227;250;62;land;false;forest;1
3828;162;191;221;land;false;plains;1
3829;156;231;153;land;false;forest;1
3830;215;184;177;land;false;plains;1
3831;205;244;221;land;false;plains;1
3832;206;190;202;land;false;forest;1
3833;80;254;201;land;true;forest;1
3834;139;168;199;land;false;hills;1
3835;244;67;238;land;false;plains;1
3836;165;222;224;land;false;plains;1
3837;234;122;250;land;false;mountain;1
3838;240;79;243;land;false;hills;1
3839;248;229;129;land;false;forest;1
3840;241;181;241;land;false;hills;1
3841;210;122;197;land;false;plains;1
3842;193;183;183;land;false;hills;1
3843;234;181;225;land;false;plains;1
3844;231;247;104;land;false;mountain;1
3845;206;95;229;land;false;mountain;1
3846;250;177;165;land;false;hills;1
3847;188;85;245;land;true;plains;1
3848;247;156;232;land;false;mountain;1
3849;254;215;101;land;false;forest;1
3850;194;189;224;land;true;plains;1
3851;157;195;240;land;false;plains;1
3852;241;198;162;land;false;hills;1
3853;189;236;152;land;true;plains;1
3854;152;231;181;land;false;plains;1
3855;244;207;101;land;false;plains;1
3856;165;215;207;land;false;hills;1
3857;197;129;231;land;false;forest;1
3858;94;204;210;land;false;plains;1
3859;170;172;247;land;false;hills;1
3860;104;244;229;land;false;mountain;1
3861;241;248;22;land;false;mountain;1
3862;240;254;202;land;false;forest;1
3863;143;182;231;land;false;mountain;1
3864;148;247;246;land;false;hills;1
3865;189;220;167;land;false;forest;1
3866;253;200;243;land;false;plains;1
3867;168;158;245;land;false;plains;1
3868;30;236;250;land;false;forest;1
3869;253;239;203;land;false;hills;1
3870;91;239;207;land;true;plains;1
3871;214;200;248;land;false;hills;1
3872;253;208;65;land;false;forest;1
3873;225;170;151;land;false;hills;1
3874;215;236;209;land;true;plains;1
3875;247;154;181;land;false;forest;1
3876;202;241;169;land;false;hills;1
3877;248;32;227;land;false;forest;1
3878;98;237;167;land;false;plains;1
3879;126;198;223;land;false;plains;1
3880;237;98;167;land;false;forest;1
3881;68;238;195;land;false;mountain;1
3882;199;232;214;land;true;forest;1
3883;114;238;221;land;false;plains;1
3884;212;182;110;land;false;forest;1
3885;232;201;187;land;true;plains;1
3886;184;251;243;land;false;hills;1
3887;219;247;37;land;false;hills;1
3888;157;232;130;land;false;plains;1
3889;238;174;208;land;false;hills;1
3890;246;211;113;land;true;forest;1
3891;240;155;224;land;false;urban;1
3892;172;227;228;land;false;mountain;1
3893;229;170;180;land;false;forest;1
3894;109;205;197;land;true;hills;1
3895;161;193;228;land;true;plains;1
3896;169;230;109;land;false;hills;1
3897;227;240;133;land;false;forest;1
3898;215;238;196;land;false;plains;1
3899;118;198;210;land;false;urban;1
3900;30;229;243;land;false;hills;1
3901;199;109;219;land;false;plains;1
3902;195;205;150;land;false;forest;1
3903;139;173;197;land;true;forest;1
3904;205;63;254;land;false;forest;1
3905;153;178;204;land;false;plains;1
3906;182;252;154;land;false;plains;1
3907;210;144;164;land;false;forest;1
3908;129;235;158;land;false;mountain;1
3909;210;198;110;land;false;plains;1
3910;154;192;208;land;false;forest;1
3911;190;175;170;land;false;mountain;1
3912;166;145;195;land;false;forest;1
3913;69;204;240;land;false;forest;1
3914;177;245;87;land;false;forest;1
3915;194;250;249;land;false;hills;1
3916;192;139;199;land;true;forest;1
3917;142;247;229;land;false;urban;1
3918;217;122;194;land;false;forest;1
3919;91;200;238;land;false;plains;1
3920;195;213;201;land;false;hills;1
3921;239;249;127;land;false;forest;1
3922;230;206;103;land;false;urban;1
3923;164;190;173;land;false;plains;1
3924;230;63;212;land;false;plains;1
3925;167;191;197;land;false;mountain;1
3926;220;233;95;land;false;plains;1
3927;252;127;232;land;false;hills;1
3928;231;43;237;land;false;plains;1
3929;221;180;230;land;false;plains;1
3930;204;167;162;land;false;plains;1
3931;243;173;201;land;false;forest;1
3932;242;96;165;land;false;plains;1
3933;185;238;195;land;false;mountain;1
3934;198;232;179;land;true;forest;1
3935;133;233;240;land;false;forest;1
3936;175;163;196;land;false;forest;1
3937;175;223;196;land;false;plains;1
3938;226;195;244;land;false;plains;1
3939;246;72;220;land;false;forest;1
3940;85;244;183;land;false;hills;1
3941;215;181;153;land;true;plains;1
3942;166;209;239;land;true;plains;1
3943;220;225;221;land;false;plains;1
3944;221;138;231;land;false;plains;1
3945;228;128;215;land;true;plains;1
3946;94;208;202;land;false;hills;1
3947;172;212;194;land;false;plains;1
3948;173;190;149;land;false;forest;1
3949;253;237;56;land;false;forest;1
3950;184;242;147;land;false;plains;1
3951;156;230;248;land;false;plains;1
3952;191;212;107;land;false;plains;1
3953;143;236;208;land;false;plains;1
3954;115;188;250;land;false;forest;1
3955;235;244;94;land;false;hills;1
3956;249;191;147;land;false;forest;1
3957;214;106;232;land;false;plains;1
3958;155;170;224;land;false;forest;1
3959;220;51;254;land;false;forest;1
3960;231;69;238;land;false;plains;1
3961;138;191;225;land;false;forest;1
3962;230;159;178;land;false;plains;1
3963;155;208;185;land;false;forest;1
3964;160;94;251;land;false;plains;1
3965;223;224;141;land;false;hills;1
3966;213;190;139;land;false;hills;1
3967;66;245;237;land;false;forest;1
3968;253;197;211;land;false;plains;1
3969;182;164;161;land;false;hills;1
3970;159;209;136;land;false;forest;1
3971;232;170;133;land;false;plains;1
3972;157;151;248;land;false;forest;1
3973;203;201;246;land;false;forest;1
3974;174;208;197;land;false;forest;1
3975;142;242;245;land;false;plains;1
3976;179;192;133;land;false;plains;1
3977;207;254;186;land;false;plains;1
3978;240;45;229;land;false;plains;1
3979;177;113;226;land;false;plains;1
3980;119;240;173;land;false;plains;1
3981;250;175;79;land;false;forest;1
3982;215;64;243;land;false;plains;1
3983;124;251;214;land;false;forest;1
3984;172;214;216;land;false;plains;1
3985;104;235;236;land;true;forest;1
3986;197;195;158;land;false;plains;1
3987;149;216;233;land;false;urban;1
3988;170;171;172;land;true;plains;1
3989;194;242;184;land;false;hills;1
3990;180;190;190;land;false;forest;1
3991;142;229;227;land;false;forest;1
3992;199;172;183;land;false;plains;1
3993;146;186;201;land;false;plains;1
3994;248;223;31;land;false;plains;1
3995;240;129;153;land;false;hills;1
3996;223;147;232;land;false;forest;1
3997;153;245;204;land;false;mountain;1
3998;168;229;184;land;false;mountain;1
3999;190;163;237;land;false;forest;1
4000;211;246;73;land;false;urban;1
4001;100;250;192;land;false;hills;1
4002;75;243;189;land;false;hills;1
4003;222;73;213;land;false;forest;1
4004;177;137;229;land;false;urban;1
4005;228;206;78;land;false;forest;1
4006;202;212;89;land;false;hills;1
4007;177;123;233;land;false;hills;1
4008;240;44;229;land;false;plains;1
4009;222;127;186;land;false;mountain;1
4010;221;206;112;land;false;plains;1
4011;142;189;202;land;false;plains;1
4012;251;106;183;land;true;urban;1
4013;194;155;197;land;false;forest;1
4014;251;251;161;land;false;forest;1
4015;247;219;168;land;false;forest;1
4016;211;108;247;land;false;forest;1
4017;139;223;252;land;true;plains;1
4018;244;186;178;land;false;forest;1
4019;227;207;87;land;false;plains;1
4020;128;243;202;land;false;hills;1
4021;253;221;91;land;false;forest;1
4022;233;170;216;land;false;plains;1
4023;147;218;237;land;false;plains;1
4024;184;120;214;land;false;forest;1
4025;144;246;172;land;false;forest;1
4026;243;246;34;land;true;plains;1
4027;200;222;213;land;false;hills;1
4028;248;130;246;land;false;urban;1
4029;191;252;163;land;false;plains;1
4030;211;193;159;land;false;plains;1
4031;51;227;228;land;false;plains;1
4032;252;49;201;land;false;plains;1
4033;208;122;171;land;false;hills;1
4034;99;170;250;land;false;plains;1
4035;216;213;224;land;false;plains;1
4036;157;201;232;land;false;forest;1
4037;216;67;248;land;false;forest;1
4038;197;177;251;land;false;mountain;1
4039;244;170;215;land;false;forest;1
4040;244;219;219;land;true;plains;1
4041;232;173;218;land;false;plains;1
4042;229;233;65;land;false;urban;1
4043;242;195;158;land;false;plains;1
4044;236;239;117;land;false;plains;1
4045;209;187;116;land;false;plains;1
4046;32;242;248;land;false;hills;1
4047;193;241;132;land;false;hills;1
4048;236;154;180;land;false;forest;1
4049;159;208;240;land;true;hills;1
4050;180;153;174;land;true;urban;1
4051;242;183;137;land;false;plains;1
4052;183;170;241;land;false;forest;1
4053;225;162;210;land;false;forest;1
4054;148;159;203;land;false;hills;1
4055;190;236;105;land;false;plains;1
4056;195;219;146;land;false;plains;1
4057;211;248;99;land;false;hills;1
4058;135;234;226;land;false;forest;1
4059;232;189;185;land;false;hills;1
4060;226;158;154;land;false;plains;1
4061;140;183;180;land;false;plains;1
4062;248;234;116;land;false;forest;1
4063;231;249;174;land;false;forest;1
4064;204;214;156;land;false;hills;1
4065;198;103;242;land;false;forest;1
4066;251;199;176;land;false;hills;1
4067;232;250;201;land;false;hills;1
4068;239;154;154;land;false;hills;1
4069;213;204;152;land;false;plains;1
4070;138;252;251;land;false;plains;1
4071;193;220;194;land;false;plains;1
4072;241;229;203;land;false;plains;1
4073;251;238;100;land;false;plains;1
4074;124;252;179;land;false;hills;1
4075;233;198;188;land;false;forest;1
4076;101;240;203;land;false;mountain;1
4077;78;232;206;land;false;plains;1
4078;154;152;247;land;false;plains;1
4079;179;172;187;land;true;plains;1
4080;198;183;124;land;false;mountain;1
4081;226;210;246;land;false;plains;1
4082;244;238;28;land;false;hills;1
4083;253;227;182;land;false;forest;1
4084;241;183;178;land;false;forest;1
4085;126;215;243;land;false;plains;1
4086;231;167;241;land;false;plains;1
4087;133;194;174;land;false;hills;1
4088;82;243;228;land;false;plains;1
4089;189;232;233;land;false;forest;1
4090;225;199;201;land;false;forest;1
4091;137;206;190;land;false;mountain;1
4092;196;183;182;land;false;mountain;1
4093;209;130;182;land;false;plains;1
4094;249;109;212;land;false;plains;1
4095;198;195;163;land;false;plains;1
4096;163;175;163;land;false;plains;1
4097;188;181;149;land;false;forest;1
4098;170;227;165;land;false;plains;1
4099;160;227;186;land;false;plains;1
4100;162;161;238;land;false;plains;1
4101;217;129;226;land;false;plains;1
4102;171;252;146;land;false;forest;1
4103;240;195;164;land;false;plains;1
4104;179;248;250;land;false;plains;1
4105;209;228;107;land;false;plains;1
4106;246;102;172;land;false;forest;1
4107;159;204;243;land;false;hills;1
4108;57;249;243;land;false;hills;1
4109;212;228;221;land;false;forest;1
4110;232;230;225;land;false;mountain;1
4111;233;229;170;land;false;plains;1
4112;192;253;194;land;false;hills;1
4113;199;118;230;land;false;forest;1
4114;203;162;145;land;false;mountain;1
4115;156;156;193;land;false;forest;1
4116;127;195;226;land;false;forest;1
4117;240;221;96;land;false;hills;1
4118;240;158;166;land;false;plains;1
4119;199;226;116;land;false;plains;1
4120;172;112;231;land;false;hills;1
4121;238;236;181;land;false;urban;1
4122;225;112;211;land;false;plains;1
4123;233;118;251;land;false;plains;1
4124;165;178;185;land;false;plains;1
4125;254;207;183;land;false;hills;1
4126;228;220;117;land;false;hills;1
4127;142;126;238;land;false;urban;1
4128;229;220;54;land;false;plains;1
4129;167;158;251;land;false;plains;1
4130;204;196;198;land;false;forest;1
4131;159;176;166;land;false;hills;1
4132;211;183;140;land;false;mountain;1
4133;230;36;247;land;false;hills;1
4134;149;113;243;land;false;plains;1
4135;246;235;112;land;false;forest;1
4136;251;228;233;land;false;hills;1
4137;111;223;192;land;false;forest;1
4138;157;99;246;land;false;plains;1
4139;252;229;105;land;true;hills;1
4140;223;194;212;land;false;mountain;1
4141;246;193;237;land;false;forest;1
4142;200;223;174;land;false;hills;1
4143;234;60;216;land;false;plains;1
4144;211;195;228;land;false;plains;1
4145;196;134;186;land;true;forest;1
4146;180;245;221;land;false;plains;1
4147;195;192;202;land;true;forest;1
4148;183;249;90;land;false;hills;1
4149;33;241;251;land;false;hills;1
4150;227;243;72;land;false;forest;1
4151;171;211;163;land;false;plains;1
4152;211;142;217;land;false;plains;1
4153;224;239;164;land;false;plains;1
4154;251;248;71;land;false;hills;1
4155;218;246;72;land;true;plains;1
4156;142;246;174;land;false;mountain;1
4157;87;248;166;land;false;forest;1
4158;181;240;114;land;false;hills;1
4159;240;243;152;land;false;forest;1
4160;243;123;250;land;false;mountain;1
4161;196;213;238;land;false;forest;1
4162;62;254;187;land;false;plains;1
4163;190;229;92;land;false;plains;1
4164;244;119;205;land;false;plains;1
4165;132;237;234;land;false;urban;1
4166;228;154;150;land;false;plains;1
4167;242;235;167;land;false;urban;1
4168;200;243;137;land;false;plains;1
4169;197;175;239;land;false;hills;1
4170;205;145;174;land;true;forest;1
4171;155;235;187;land;false;plains;1
4172;238;224;69;land;false;hills;1
4173;167;189;167;land;false;forest;1
4174;238;168;208;land;false;forest;1
4175;205;130;210;land;false;plains;1
4176;129;246;169;land;false;plains;1
4177;237;213;196;land;false;hills;1
4178;220;173;251;land;false;urban;1
4179;185;169;190;land;false;hills;1
4180;249;18;248;land;false;hills;1
4181;147;180;239;land;false;mountain;1
4182;225;211;250;land;false;hills;1
4183;238;107;187;land;false;mountain;1
4184;198;186;222;land;false;forest;1
4185;204;179;196;land;false;forest;1
4186;211;244;137;land;false;plains;1
4187;88;237;246;land;true;urban;1
4188;235;129;178;land;false;plains;1
4189;201;233;217;land;false;plains;1
4190;247;108;164;land;false;plains;1
4191;248;99;232;land;false;plains;1
4192;227;154;160;land;false;forest;1
4193;144;229;156;land;false;forest;1
4194;188;210;136;land;false;plains;1
4195;113;239;215;land;false;mountain;1
4196;198;160;221;land;false;forest;1
4197;213;107;218;land;false;mountain;1
4198;206;109;199;land;false;plains;1
4199;241;232;120;land;true;plains;1
4200;245;238;155;land;false;forest;1
4201;236;247;141;land;false;hills;1
4202;209;231;157;land;false;plains;1
4203;226;204;202;land;false;plains;1
4204;220;217;121;land;false;mountain;1
4205;150;200;168;land;false;hills;1
4206;91;251;160;land;false;hills;1
4207;231;246;41;land;false;plains;1
4208;195;168;141;land;false;plains;1
4209;193;133;208;land;false;hills;1
4210;130;219;160;land;false;plains;1
4211;139;150;240;land;false;urban;1
4212;127;234;232;land;false;hills;1
4213;184;223;186;land;false;forest;1
4214;210;160;180;land;false;forest;1
4215;221;36;254;land;false;forest;1
4216;180;252;220;land;false;plains;1
4217;242;85;245;land;false;forest;1
4218;186;240;252;land;true;urban;1
4219;173;104;245;land;false;mountain;1
4220;174;162;174;land;false;plains;1
4221;33;246;251;land;false;mountain;1
4222;251;101;192;land;false;forest;1
4223;169;225;191;land;false;forest;1
4224;36;233;235;land;true;urban;1
4225;249;210;115;land;false;mountain;1
4226;171;209;125;land;false;forest;1
4227;239;113;166;land;false;forest;1
4228;182;226;158;land;true;plains;1
4229;100;162;249;land;false;hills;1
4230;221;229;92;land;false;mountain;1
4231;165;209;168;land;false;plains;1
4232;154;244;249;land;false;plains;1
4233;171;216;123;land;false;hills;1
4234;46;214;244;land;false;hills;1
4235;106;225;239;land;false;forest;1
4236;184;186;135;land;false;mountain;1
4237;197;153;216;land;false;hills;1
4238;182;248;244;land;false;plains;1
4239;100;216;219;land;false;hills;1
4240;164;210;159;land;false;plains;1
4241;151;251;200;land;false;forest;1
4242;246;169;150;land;false;forest;1
4243;216;202;196;land;false;hills;1
4244;212;111;207;land;false;plains;1
4245;233;189;184;land;false;plains;1
4246;66;238;218;land;false;plains;1
4247;211;150;238;land;false;mountain;1
4248;244;216;110;land;false;forest;1
4249;254;229;144;land;false;hills;1
4250;242;148;128;land;true;forest;1
4251;233;138;144;land;false;hills;1
4252;146;154;231;land;false;hills;1
4253;189;87;225;land;false;plains;1
4254;143;197;175;land;false;plains;1
4255;175;103;253;land;false;plains;1
4256;248;211;149;land;false;forest;1
4257;248;169;87;land;false;plains;1
4258;36;224;252;land;false;plains;1
4259;228;206;251;land;false;plains;1
4260;246;180;247;land;false;plains;1
4261;121;218;253;land;false;plains;1
4262;127;162;240;land;false;forest;1
4263;238;134;222;land;false;plains;1
4264;227;203;222;land;false;forest;1
4265;241;214;69;land;false;plains;1
4266;224;211;253;land;false;forest;1
4267;247;251;79;land;false;plains;1
4268;237;234;179;land;false;mountain;1
4269;166;186;219;land;false;hills;1
4270;232;158;144;land;false;urban;1
4271;194;93;227;land;false;mountain;1
4272;253;122;150;land;false;plains;1
4273;246;226;42;land;false;forest;1
4274;245;223;112;land;false;hills;1
4275;45;229;236;land;false;plains;1
4276;190;165;251;land;false;plains;1
4277;241;64;198;land;false;plains;1
4278;239;171;156;land;false;forest;1
4279;231;234;208;land;false;forest;1
4280;247;202;142;land;false;forest;1
4281;188;241;123;land;false;forest;1
4282;85;243;195;land;true;plains;1
4283;251;196;133;land;false;mountain;1
4284;156;235;159;land;false;urban;1
4285;236;119;235;land;false;hills;1
4286;252;144;135;land;false;forest;1
4287;225;129;225;land;false;plains;1
4288;251;215;186;land;false;forest;1
4289;167;103;248;land;false;plains;1
4290;85;247;194;land;false;forest;1
4291;158;113;232;land;false;urban;1
4292;247;162;97;land;false;mountain;1
4293;151;163;226;land;false;forest;1
4294;160;209;166;land;false;plains;1
4295;100;162;245;land;false;plains;1
4296;163;108;239;land;false;forest;1
4297;246;212;185;land;false;mountain;1
4298;85;238;180;land;false;hills;1
4299;237;140;151;land;false;urban;1
4300;203;206;235;land;false;hills;1
4301;112;205;218;land;false;plains;1
4302;244;187;194;land;false;forest;1
4303;171;214;250;land;false;hills;1
4304;230;215;60;land;false;forest;1
4305;162;187;154;land;false;forest;1
4306;234;117;195;land;false;hills;1
4307;246;188;78;land;false;mountain;1
4308;213;248;78;land;false;hills;1
4309;212;172;167;land;false;mountain;1
4310;237;215;77;land;false;hills;1
4311;27;252;222;land;false;plains;1
4312;237;137;198;land;false;forest;1
4313;229;230;194;land;false;plains;1
4314;240;229;180;land;false;hills;1
4315;211;174;191;land;false;hills;1
4316;169;242;214;land;false;plains;1
4317;218;145;226;land;false;forest;1
4318;113;241;200;land;false;plains;1
4319;110;231;244;land;false;plains;1
4320;92;222;246;land;false;plains;1
4321;204;125;190;land;true;plains;1
4322;189;86;226;land;false;forest;1
4323;146;212;155;land;false;forest;1
4324;245;159;100;land;true;plains;1
4325;132;203;195;land;false;plains;1
4326;166;154;214;land;false;plains;1
4327;246;245;55;land;false;hills;1
4328;184;206;158;land;false;forest;1
4329;254;161;162;land;false;plains;1
4330;31;249;247;land;true;plains;1
4331;164;170;195;land;false;plains;1
4332;168;151;239;land;false;hills;1
4333;215;168;233;land;false;urban;1
4334;237;148;232;land;false;plains;1
4335;228;76;212;land;false;plains;1
4336;202;233;122;land;false;urban;1
4337;245;171;138;land;false;plains;1
4338;218;152;174;land;false;hills;1
4339;240;222;186;land;false;hills;1
4340;99;240;210;land;false;plains;1
4341;248;134;222;land;false;mountain;1
4342;175;238;235;land;false;forest;1
4343;109;149;252;land;false;plains;1
4344;198;160;217;land;false;forest;1
4345;207;207;152;land;false;plains;1
4346;226;234;176;land;false;forest;1
4347;207;254;63;land;false;mountain;1
4348;221;213;234;land;false;plains;1
4349;234;213;217;land;false;plains;1
4350;155;179;215;land;true;urban;1
4351;225;229;56;land;false;plains;1
4352;242;46;254;land;false;hills;1
4353;222;190;241;land;false;urban;1
4354;208;203;236;land;false;hills;1
4355;197;144;234;land;false;forest;1
4356;212;99;226;land;false;plains;1
4357;139;209;200;land;false;plains;1
4358;177;109;233;land;false;forest;1
4359;241;219;48;land;false;forest;1
4360;187;125;211;land;false;plains;1
4361;239;54;237;land;false;hills;1
4362;183;215;215;land;false;plains;1
4363;253;81;229;land;false;forest;1
4364;192;179;186;land;false;hills;1
4365;217;99;252;land;false;plains;1
4366;197;207;193;land;false;plains;1
4367;123;211;245;land;false;forest;1
4368;227;201;86;land;false;plains;1
4369;178;191;237;land;false;forest;1
4370;191;187;186;land;false;plains;1
4371;250;157;119;land;false;forest;1
4372;235;70;229;land;false;forest;1
4373;197;241;228;land;false;plains;1
4374;73;201;233;land;false;plains;1
4375;223;234;208;land;false;hills;1
4376;200;92;231;land;false;forest;1
4377;59;242;252;land;false;forest;1
4378;245;227;71;land;false;hills;1
4379;181;142;196;land;false;plains;1
4380;217;190;117;land;false;forest;1
4381;162;202;178;land;false;forest;1
4382;225;176;220;land;false;forest;1
4383;156;197;168;land;false;plains;1
4384;226;210;152;land;false;hills;1
4385;253;232;222;land;false;forest;1
4386;139;135;249;land;false;forest;1
4387;125;226;194;land;false;plains;1
4388;191;109;201;land;false;hills;1
4389;240;25;245;land;false;plains;1
4390;199;142;203;land;false;forest;1
4391;205;221;91;land;false;forest;1
4392;219;195;129;land;false;mountain;1
4393;96;251;212;land;false;plains;1
4394;234;236;116;land;false;hills;1
4395;127;235;211;land;false;hills;1
4396;153;152;213;land;false;forest;1
4397;94;240;238;land;false;plains;1
4398;246;252;202;land;false;plains;1
4399;179;150;223;land;false;plains;1
4400;189;212;152;land;false;plains;1
4401;98;179;253;land;false;plains;1
4402;60;246;231;land;false;plains;1
4403;172;167;173;land;false;hills;1
4404;250;109;229;land;false;plains;1
4405;224;191;128;land;false;plains;1
4406;185;185;144;land;false;forest;1
4407;198;145;183;land;false;mountain;1
4408;166;225;148;land;false;plains;1
4409;160;197;251;land;false;plains;1
4410;169;214;248;land;false;plains;1
4411;236;145;194;land;false;hills;1
4412;200;209;132;land;false;forest;1
4413;218;138;182;land;false;forest;1
4414;174;206;166;land;false;plains;1
4415;238;72;197;land;false;mountain;1
4416;135;181;248;land;false;hills;1
4417;220;173;155;land;true;urban;1
4418;209;188;221;land;false;plains;1
4419;39;241;227;land;false;plains;1
4420;152;138;233;land;false;plains;1
4421;162;160;193;land;true;plains;1
4422;184;159;184;land;false;plains;1
4423;211;124;205;land;false;plains;1
4424;190;188;160;land;false;forest;1
4425;238;233;192;land;false;hills;1
4426;138;156;244;land;false;plains;1
4427;121;185;199;land;false;forest;1
4428;230;149;193;land;false;plains;1
4429;94;239;252;land;false;plains;1
4430;177;178;188;land;false;plains;1
4431;175;127;224;land;false;forest;1
4432;236;198;254;land;false;hills;1
4433;202;188;253;land;false;hills;1
4434;247;48;254;land;false;plains;1
4435;172;219;252;land;false;plains;1
4436;238;250;74;land;true;forest;1
4437;244;182;165;land;false;hills;1
4438;143;185;210;land;false;urban;1
4439;242;170;155;land;false;plains;1
4440;236;58;223;land;false;hills;1
4441;154;188;187;land;false;forest;1
4442;166;149;186;land;false;plains;1
4443;186;110;242;land;false;plains;1
4444;228;76;241;land;false;plains;1
4445;227;92;245;land;false;hills;1
4446;243;187;210;land;false;mountain;1
4447;128;236;199;land;false;plains;1
4448;184;125;245;land;false;forest;1
4449;240;180;238;land;false;plains;1
4450;52;213;248;land;false;plains;1
4451;245;234;76;land;false;plains;1
4452;238;190;240;land;false;hills;1
4453;212;248;188;land;false;hills;1
4454;219;157;207;land;false;forest;1
4455;143;129;247;land;false;plains;1
4456;235;184;187;land;false;plains;1
4457;206;186;246;land;false;hills;1
4458;149;141;212;land;false;forest;1
4459;125;205;216;land;false;plains;1
4460;226;156;139;land;false;forest;1
4461;223;113;245;land;false;forest;1
4462;179;225;200;land;false;plains;1
4463;176;224;115;land;false;plains;1
4464;232;225;177;land;false;urban;1
4465;199;178;144;land;false;plains;1
4466;228;198;78;land;false;plains;1
4467;228;199;183;land;false;hills;1
4468;236;144;208;land;false;forest;1
4469;210;84;228;land;false;plains;1
4470;248;166;170;land;false;hills;1
4471;173;239;173;land;false;urban;1
4472;143;254;208;land;false;forest;1
4473;180;228;182;land;false;plains;1
4474;161;199;165;land;false;plains;1
4475;118;190;221;land;false;forest;1
4476;147;231;237;land;false;hills;1
4477;197;254;212;land;false;forest;1
4478;92;198;240;land;false;hills;1
4479;72;250;251;land;false;plains;1
4480;159;184;168;land;false;forest;1
4481;99;250;250;land;false;hills;1
4482;132;220;194;land;false;mountain;1
4483;224;143;154;land;false;plains;1
4484;205;229;137;land;false;forest;1
4485;254;104;187;land;false;plains;1
4486;114;222;235;land;false;plains;1
4487;127;195;203;land;false;plains;1
4488;202;157;176;land;false;hills;1
4489;115;251;205;land;false;mountain;1
4490;153;231;204;land;true;plains;1
4491;243;241;43;land;false;urban;1
4492;113;230;207;land;false;plains;1
4493;122;218;166;land;false;urban;1
4494;190;237;205;land;false;plains;1
4495;235;226;41;land;false;plains;1
4496;207;169;158;land;false;hills;1
4497;214;239;111;land;false;forest;1
4498;105;226;238;land;false;plains;1
4499;220;241;44;land;false;forest;1
4500;236;236;131;land;false;forest;1
4501;202;212;223;land;false;hills;1
4502;179;148;213;land;false;hills;1
4503;163;179;240;land;false;forest;1
4504;87;205;213;land;false;plains;1
4505;210;229;111;land;false;plains;1
4506;113;250;232;land;false;mountain;1
4507;213;154;220;land;true;plains;1
4508;125;240;144;land;false;plains;1
4509;97;237;250;land;false;mountain;1
4510;249;147;242;land;false;urban;1
4511;189;239;109;land;false;hills;1
4512;154;149;225;land;false;plains;1
4513;209;252;65;land;false;plains;1
4514;226;152;147;land;false;forest;1
4515;164;135;206;land;false;urban;1
4516;187;223;143;land;false;plains;1
4517;241;165;238;land;false;forest;1
4518;197;182;240;land;false;mountain;1
4519;167;221;180;land;false;urban;1
4520;35;236;234;land;false;plains;1
4521;143;114;245;land;false;hills;1
4522;198;225;160;land;false;forest;1
4523;225;201;86;land;false;urban;1
4524;67;237;218;land;false;hills;1
4525;164;94;245;land;false;plains;1
4526;94;217;206;land;false;mountain;1
4527;238;167;143;land;false;hills;1
4528;124;237;213;land;false;forest;1
4529;129;225;180;land;false;plains;1
4530;215;228;185;land;false;hills;1
4531;253;138;214;land;false;hills;1
4532;124;220;248;land;false;plains;1
4533;215;221;151;land;false;hills;1
4534;78;206;245;land;false;plains;1
4535;202;200;199;land;false;plains;1
4536;195;85;221;land;false;urban;1
4537;247;204;58;land;false;hills;1
4538;244;159;219;land;false;forest;1
4539;184;223;182;land;true;plains;1
4540;90;239;252;land;false;plains;1
4541;146;109;251;land;false;plains;1
4542;101;232;250;land;true;forest;1
4543;202;240;124;land;false;plains;1
4544;214;59;235;land;false;hills;1
4545;69;217;246;land;false;forest;1
4546;226;204;130;land;false;plains;1
4547;172;236;151;land;false;plains;1
4548;154;229;247;land;false;hills;1
4549;107;240;198;land;false;hills;1
4550;229;225;201;land;false;forest;1
4551;187;187;151;land;false;plains;1
4552;207;86;223;land;false;plains;1
4553;232;166;241;land;false;mountain;1
4554;214;208;202;land;false;plains;1
4555;238;56;220;land;false;plains;1
4556;247;182;153;land;false;forest;1
4557;187;225;221;land;false;forest;1
4558;182;209;222;land;false;forest;1
4559;252;201;132;land;false;hills;1
4560;198;209;219;land;false;forest;1
4561;183;84;244;land;false;hills;1
4562;162;180;178;land;false;hills;1
4563;122;243;242;land;false;forest;1
4564;247;101;218;land;false;mountain;1
4565;242;64;212;land;true;urban;1
4566;141;119;252;land;false;plains;1
4567;219;238;118;land;false;hills;1
4568;247;216;152;land;false;hills;1
4569;196;241;180;land;false;hills;1
4570;234;245;164;land;false;mountain;1
4571;162;245;99;land;false;plains;1
4572;162;234;178;land;false;mountain;1
4573;254;234;238;land;false;forest;1
4574;219;232;149;land;false;hills;1
4575;233;114;171;land;false;forest;1
4576;79;240;186;land;true;plains;1
4577;254;205;107;land;false;forest;1
4578;251;234;85;land;false;plains;1
4579;220;135;229;land;false;hills;1
4580;60;228;236;land;false;forest;1
4581;67;242;207;land;false;plains;1
4582;248;215;151;land;false;mountain;1
4583;228;226;60;land;false;plains;1
4584;203;230;95;land;false;hills;1
4585;248;250;164;land;true;plains;1
4586;142;210;220;land;false;hills;1
4587;224;164;149;land;false;hills;1
4588;216;55;239;land;false;plains;1
4589;239;40;238;land;false;plains;1
4590;187;239;222;land;false;hills;1
4591;176;215;140;land;false;mountain;1
4592;236;151;182;land;false;forest;1
4593;246;65;205;land;true;hills;1
4594;209;242;70;land;false;forest;1
4595;250;183;194;land;false;plains;1
4596;113;231;176;land;false;plains;1
4597;223;143;203;land;false;forest;1
4598;249;158;206;land;false;hills;1
4599;235;142;221;land;false;hills;1
4600;189;193;163;land;false;hills;1
4601;74;245;216;land;false;mountain;1
4602;193;177;227;land;false;hills;1
4603;211;222;194;land;false;urban;1
4604;153;239;251;land;false;forest;1
4605;83;248;231;land;false;forest;1
4606;23;227;254;land;false;forest;1
4607;147;242;120;land;false;mountain;1
4608;151;254;222;land;false;forest;1
4609;113;246;176;land;false;forest;1
4610;210;240;146;land;false;forest;1
4611;203;180;172;land;false;hills;1
4612;247;203;139;land;false;mountain;1
4613;248;156;117;land;false;forest;1
4614;140;177;235;land;true;plains;1
4615;242;245;59;land;true;forest;1
4616;244;167;115;land;false;plains;1
4617;232;252;17;land;false;forest;1
4618;251;138;181;land;false;plains;1
4619;247;183;159;land;false;plains;1
4620;122;205;194;land;false;mountain;1
4621;229;214;156;land;false;plains;1
4622;209;90;217;land;false;plains;1
4623;234;167;109;land;false;hills;1
4624;236;172;104;land;false;plains;1
4625;47;247;207;land;false;forest;1
4626;117;249;199;land;false;plains;1
4627;227;185;245;land;false;hills;1
4628;216;210;152;land;false;forest;1
4629;249;246;139;land;false;plains;1
4630;195;238;158;land;false;hills;1
4631;75;248;202;land;false;hills;1
4632;239;236;112;land;false;plains;1
4633;232;80;238;land;false;plains;1
4634;180;188;228;land;false;forest;1
4635;121;222;179;land;false;forest;1
4636;206;250;91;land;false;forest;1
4637;96;198;240;land;false;plains;1
4638;249;245;82;land;false;forest;1
4639;159;176;213;land;false;forest;1
4640;244;226;191;land;true;plains;1
4641;240;134;149;land;false;plains;1
4642;172;113;251;land;false;plains;1
4643;169;145;197;land;false;hills;1
4644;99;243;254;land;false;forest;1
4645;126;207;235;land;false;forest;1
4646;155;157;250;land;false;mountain;1
4647;240;230;168;land;false;plains;1
4648;236;90;193;land;false;forest;1
4649;192;162;228;land;false;mountain;1
4650;191;231;169;land;false;forest;1
4651;235;234;100;land;true;plains;1
4652;211;229;224;land;false;plains;1
4653;251;233;119;land;false;plains;1
4654;133;162;215;land;false;plains;1
4655;177;231;246;land;false;plains;1
4656;212;146;187;land;false;forest;1
4657;234;156;215;land;false;mountain;1
4658;152;247;238;land;false;forest;1
4659;212;121;233;land;false;hills;1
4660;228;192;120;land;true;plains;1
4661;148;211;149;land;false;mountain;1
4662;243;141;207;land;false;forest;1
4663;211;219;181;land;false;hills;1
4664;222;177;113;land;true;forest;1
4665;111;225;209;land;false;plains;1
4666;218;238;203;land;false;forest;1
4667;220;253;157;land;false;plains;1
4668;253;145;198;land;false;plains;1
4669;239;241;94;land;false;forest;1
4670;174;244;207;land;false;mountain;1
4671;222;247;162;land;false;forest;1
4672;243;245;209;land;false;hills;1
4673;134;242;132;land;false;forest;1
4674;249;241;245;land;false;hills;1
4675;249;71;196;land;false;forest;1
4676;197;201;130;land;false;forest;1
4677;142;224;179;land;false;plains;1
4678;91;214;208;land;false;forest;1
4679;173;214;169;land;false;hills;1
4680;117;225;238;land;false;mountain;1
4681;253;115;177;land;false;hills;1
4682;223;132;219;land;false;hills;1
4683;84;220;252;land;false;mountain;1
4684;210;245;137;land;false;plains;1
4685;253;143;199;land;false;forest;1
4686;216;246;244;land;false;plains;1
4687;150;171;225;land;true;plains;1
4688;201;220;249;land;false;plains;1
4689;199;149;236;land;false;plains;1
4690;84;239;253;land;false;forest;1
4691;160;249;217;land;false;plains;1
4692;186;137;245;land;false;hills;1
4693;104;251;198;land;false;forest;1
4694;206;122;218;land;false;plains;1
4695;216;114;241;land;false;forest;1
4696;215;241;229;land;false;hills;1
4697;227;155;224;land;false;forest;1
4698;147;136;230;land;false;plains;1
4699;153;247;234;land;false;hills;1
4700;194;185;220;land;false;forest;1
4701;253;235;218;land;false;plains;1
4702;141;187;226;land;false;mountain;1
4703;127;246;160;land;false;plains;1
4704;236;222;239;land;true;urban;1
4705;98;166;248;land;false;plains;1
4706;242;104;177;land;false;hills;1
4707;238;236;129;land;false;plains;1
4708;250;240;181;land;false;forest;1
4709;195;174;138;land;false;plains;1
4710;173;175;233;land;false;forest;1
4711;174;211;192;land;false;forest;1
4712;202;139;239;land;false;plains;1
4713;216;174;120;land;true;plains;1
4714;235;254;132;land;false;plains;1
4715;253;230;133;land;false;hills;1
4716;161;186;168;land;false;mountain;1
4717;195;117;229;land;false;plains;1
4718;70;233;232;land;false;forest;1
4719;188;179;152;land;false;plains;1
4720;155;177;206;land;false;forest;1
4721;237;182;161;land;false;plains;1
4722;185;228;253;land;false;plains;1
4723;250;205;49;land;false;hills;1
4724;189;253;250;land;false;forest;1
4725;240;127;149;land;false;hills;1
4726;226;91;242;land;false;plains;1
4727;180;86;245;land;false;mountain;1
4728;236;189;135;land;false;hills;1
4729;203;175;242;land;false;urban;1
4730;157;220;202;land;false;forest;1
4731;154;226;137;land;false;plains;1
4732;145;195;226;land;false;hills;1
4733;250;197;174;land;false;forest;1
4734;183;151;246;land;false;hills;1
4735;157;254;208;land;false;forest;1
4736;156;176;244;land;false;plains;1
4737;247;185;155;land;false;hills;1
4738;196;192;247;land;false;plains;1
4739;221;249;147;land;false;plains;1
4740;175;253;205;land;false;plains;1
4741;93;241;250;land;false;plains;1
4742;92;253;242;land;false;urban;1
4743;225;215;99;land;false;plains;1
4744;238;220;201;land;false;mountain;1
4745;172;194;183;land;false;forest;1
4746;220;146;217;land;false;forest;1
4747;198;184;225;land;false;plains;1
4748;107;245;232;land;false;urban;1
4749;206;120;217;land;false;forest;1
4750;208;219;235;land;false;plains;1
4751;228;211;75;land;false;hills;1
4752;239;235;38;land;false;plains;1
4753;208;249;106;land;false;forest;1
4754;192;229;174;land;false;plains;1
4755;140;206;193;land;false;hills;1
4756;131;252;158;land;false;hills;1
4757;225;88;243;land;false;hills;1
4758;254;195;214;land;true;plains;1
4759;234;33;248;land;false;hills;1
4760;182;158;163;land;false;plains;1
4761;218;154;140;land;true;urban;1
4762;248;151;125;land;false;urban;1
4763;214;203;176;land;false;mountain;1
4764;186;225;184;land;false;hills;1
4765;248;229;235;land;false;hills;1
4766;171;102;241;land;false;urban;1
4767;226;227;220;land;false;hills;1
4768;108;234;190;land;false;forest;1
4769;55;220;227;land;false;plains;1
4770;191;164;211;land;false;mountain;1
4771;195;133;213;land;false;plains;1
4772;249;230;48;land;false;plains;1
4773;81;216;253;land;false;forest;1
4774;222;183;250;land;true;urban;1
4775;254;221;190;land;false;hills;1
4776;253;215;141;land;false;plains;1
4777;222;82;221;land;false;forest;1
4778;230;208;137;land;false;forest;1
4779;212;244;99;land;false;plains;1
4780;144;212;155;land;false;forest;1
4781;217;169;126;land;true;forest;1
4782;208;145;240;land;false;hills;1
4783;197;147;229;land;false;forest;1
4784;141;156;252;land;false;plains;1
4785;161;240;159;land;false;forest;1
4786;179;183;207;land;false;forest;1
4787;231;187;236;land;true;plains;1
4788;157;222;199;land;false;mountain;1
4789;227;204;253;land;false;plains;1
4790;228;227;203;land;false;plains;1
4791;194;180;241;land;false;plains;1
4792;226;236;221;land;false;hills;1
4793;75;239;245;land;false;hills;1
4794;196;124;237;land;false;mountain;1
4795;178;210;211;land;false;plains;1
4796;200;229;226;land;false;forest;1
4797;206;232;252;land;false;plains;1
4798;246;18;239;land;false;forest;1
4799;151;120;243;land;false;forest;1
4800;144;222;152;land;false;forest;1
4801;230;145;205;land;false;forest;1
4802;193;118;200;land;false;plains;1
4803;155;215;137;land;false;mountain;1
4804;229;115;242;land;false;forest;1
4805;212;172;123;land;false;plains;1
4806;199;186;137;land;false;forest;1
4807;223;215;244;land;false;hills;1
4808;183;92;227;land;false;hills;1
4809;127;247;129;land;false;plains;1
4810;184;142;228;land;false;plains;1
4811;153;167;223;land;false;hills;1
4812;237;183;94;land;false;forest;1
4813;53;243;248;land;false;hills;1
4814;167;158;215;land;false;hills;1
4815;242;145;242;land;false;plains;1
4816;174;113;244;land;false;plains;1
4817;254;168;92;land;true;plains;1
4818;211;145;188;land;false;plains;1
4819;173;207;142;land;false;plains;1
4820;126;200;224;land;false;plains;1
4821;202;174;174;land;false;hills;1
4822;219;196;131;land;false;mountain;1
4823;240;251;90;land;false;plains;1
4824;184;130;213;land;false;plains;1
4825;252;111;203;land;false;plains;1
4826;124;156;244;land;false;plains;1
4827;133;230;183;land;false;plains;1
4828;215;144;154;land;false;plains;1
4829;232;230;202;land;false;plains;1
4830;246;118;174;land;false;hills;1
4831;253;149;154;land;false;plains;1
4832;161;194;192;land;false;plains;1
4833;254;46;227;land;false;plains;1
4834;154;204;223;land;false;hills;1
4835;121;220;184;land;false;forest;1
4836;217;165;176;land;false;forest;1
4837;204;173;230;land;false;forest;1
4838;250;250;196;land;false;forest;1
4839;250;232;38;land;false;plains;1
4840;200;234;235;land;false;plains;1
4841;186;224;200;land;false;hills;1
4842;215;210;128;land;true;plains;1
4843;96;229;251;land;false;hills;1
4844;214;190;101;land;true;plains;1
4845;119;156;240;land;false;hills;1
4846;239;84;245;land;false;hills;1
4847;243;225;43;land;false;forest;1
4848;111;189;249;land;false;hills;1
4849;243;90;189;land;false;forest;1
4850;116;237;160;land;false;forest;1
4851;150;199;202;land;false;hills;1
4852;240;141;120;land;false;urban;1
4853;157;217;180;land;false;hills;1
4854;170;166;212;land;false;plains;1
4855;232;142;216;land;false;plains;1
4856;245;186;139;land;false;plains;1
4857;236;186;128;land;false;plains;1
4858;210;206;159;land;false;plains;1
4859;188;102;221;land;false;hills;1
4860;216;170;136;land;false;urban;1
4861;217;126;209;land;false;forest;1
4862;62;238;236;land;false;hills;1
4863;254;224;109;land;false;urban;1
4864;216;149;228;land;false;plains;1
4865;226;190;99;land;false;forest;1
4866;221;174;251;land;false;forest;1
4867;82;250;192;land;false;plains;1
4868;167;156;246;land;false;forest;1
4869;176;229;113;land;true;plains;1
4870;239;88;226;land;false;plains;1
4871;153;165;199;land;false;plains;1
4872;132;176;227;land;false;hills;1
4873;94;227;228;land;false;forest;1
4874;162;230;111;land;false;plains;1
4875;117;244;233;land;false;plains;1
4876;153;221;209;land;false;plains;1
4877;162;226;182;land;false;plains;1
4878;220;241;156;land;false;urban;1
4879;250;201;248;land;false;hills;1
4880;221;157;209;land;false;mountain;1
4881;251;211;62;land;false;mountain;1
4882;180;245;201;land;false;mountain;1
4883;223;194;245;land;false;forest;1
4884;199;180;129;land;false;forest;1
4885;239;208;58;land;false;forest;1
4886;229;252;147;land;false;hills;1
4887;198;191;213;land;false;hills;1
4888;134;223;236;land;false;forest;1
4889;218;160;214;land;true;plains;1
4890;252;252;232;land;false;plains;1
4891;226;134;176;land;false;forest;1
4892;225;212;149;land;false;plains;1
4893;217;207;96;land;false;plains;1
4894;159;210;182;land;false;hills;1
4895;251;243;132;land;false;plains;1
4896;208;120;244;land;false;hills;1
4897;169;204;183;land;false;hills;1
4898;189;100;224;land;false;forest;1
4899;138;230;212;land;false;plains;1
4900;245;224;137;land;false;hills;1
4901;161;218;234;land;false;hills;1
4902;91;222;201;land;false;hills;1
4903;187;253;128;land;false;urban;1
4904;113;234;229;land;true;plains;1
4905;90;227;232;land;false;plains;1
4906;191;222;109;land;false;urban;1
4907;193;170;235;land;false;forest;1
4908;65;234;233;land;false;forest;1
4909;249;251;176;land;false;hills;1
4910;247;177;208;land;false;hills;1
4911;147;207;149;land;false;plains;1
4912;232;106;188;land;false;mountain;1
4913;221;155;185;land;false;urban;1
4914;170;182;211;land;false;mountain;1
4915;243;75;243;land;false;urban;1
4916;203;203;149;land;false;plains;1
4917;219;59;242;land;false;plains;1
4918;161;196;200;land;false;plains;1
4919;141;159;242;land;false;forest;1
4920;156;105;244;land;false;hills;1
4921;207;231;153;land;false;plains;1
4922;96;229;198;land;false;forest;1
4923;183;238;210;land;false;plains;1
4924;100;183;229;land;false;forest;1
4925;196;87;228;land;false;hills;1
4926;247;106;228;land;false;mountain;1
4927;235;198;204;land;false;plains;1
4928;102;181;237;land;false;hills;1
4929;186;196;149;land;false;plains;1
4930;220;211;192;land;false;mountain;1
4931;104;167;234;land;false;forest;1
4932;227;164;241;land;false;mountain;1
4933;187;222;177;land;false;plains;1
4934;250;227;104;land;false;forest;1
4935;71;213;229;land;false;forest;1
4936;76;234;196;land;false;forest;1
4937;39;241;246;land;true;plains;1
4938;191;179;190;land;false;plains;1
4939;240;168;103;land;false;plains;1
4940;229;169;174;land;false;hills;1
4941;196;186;142;land;true;plains;1
4942;231;207;225;land;false;plains;1
4943;215;232;202;land;false;plains;1
4944;36;237;254;land;false;hills;1
4945;100;230;175;land;false;plains;1
4946;108;254;241;land;true;urban;1
4947;151;150;254;land;false;plains;1
4948;67;197;241;land;false;forest;1
4949;231;181;218;land;true;urban;1
4950;75;214;235;land;false;mountain;1
4951;178;243;172;land;false;forest;1
4952;207;147;159;land;false;plains;1
4953;202;160;229;land;false;plains;1
4954;213;159;193;land;false;plains;1
4955;160;161;184;land;false;urban;1
4956;156;165;200;land;false;forest;1
4957;236;196;213;land;false;hills;1
4958;57;232;253;land;false;plains;1
4959;133;188;251;land;false;forest;1
4960;230;192;227;land;false;hills;1
4961;213;238;64;land;false;plains;1
4962;233;140;209;land;false;plains;1
4963;240;82;250;land;false;forest;1
4964;222;129;247;land;false;urban;1
4965;229;207;199;land;false;forest;1
4966;205;82;244;land;false;plains;1
4967;217;95;205;land;false;plains;1
4968;208;82;251;land;false;hills;1
4969;179;195;157;land;false;plains;1
4970;142;232;200;land;false;plains;1
4971;244;97;179;land;false;plains;1
4972;204;129;180;land;false;plains;1
4973;226;160;222;land;false;plains;1
4974;249;154;220;land;false;mountain;1
4975;84;201;254;land;false;plains;1
4976;238;222;99;land;false;hills;1
4977;106;191;225;land;false;plains;1
4978;253;181;173;land;false;plains;1
4979;147;186;186;land;false;plains;1
4980;213;242;55;land;false;forest;1
4981;196;108;201;land;false;plains;1
4982;85;249;211;land;false;hills;1
4983;85;191;251;land;false;hills;1
4984;199;142;224;land;false;forest;1
4985;204;181;168;land;false;hills;1
4986;202;167;234;land;false;plains;1
4987;207;208;157;land;false;plains;1
4988;169;152;242;land;false;plains;1
4989;241;247;240;land;false;plains;1
4990;246;63;199;land;false;mountain;1
4991;167;234;209;land;false;plains;1
4992;44;244;252;land;false;forest;1
4993;199;147;167;land;false;plains;1
4994;69;245;252;land;false;hills;1
4995;117;227;219;land;false;plains;1
4996;148;227;237;land;false;forest;1
4997;215;139;252;land;false;hills;1
4998;178;111;231;land;false;plains;1
4999;208;146;209;land;false;forest;1
5000;66;202;233;land;false;plains;1
5001;131;246;135;land;false;plains;1
5002;229;40;234;land;false;hills;1
5003;219;119;240;land;false;forest;1
5004;239;173;171;land;false;plains;1
5005;175;168;215;land;false;forest;1
5006;250;177;169;land;true;plains;1
5007;242;220;122;land;false;plains;1
5008;182;228;254;land;false;plains;1
5009;38;228;254;land;false;hills;1
5010;188;185;197;land;false;hills;1
5011;252;223;181;land;false;plains;1
5012;202;189;199;land;false;plains;1
5013;229;124;154;land;false;plains;1
5014;248;237;63;land;false;plains;1
5015;254;223;147;land;false;plains;1
5016;252;105;250;land;false;plains;1
5017;72;202;228;land;false;plains;1
5018;222;66;241;land;false;forest;1
5019;203;70;247;land;false;plains;1
5020;227;67;249;land;false;hills;1
5021;237;129;168;land;false;forest;1
5022;199;200;234;land;false;urban;1
5023;219;138;185;land;false;hills;1
5024;198;188;176;land;true;plains;1
5025;179;253;240;land;false;hills;1
5026;225;54;244;land;false;plains;1
5027;254;240;39;land;false;plains;1
5028;118;241;215;land;false;forest;1
5029;128;208;188;land;false;hills;1
5030;212;115;225;land;false;plains;1
5031;212;212;98;land;false;forest;1
5032;214;58;246;land;false;plains;1
5033;185;150;177;land;false;hills;1
5034;153;208;179;land;false;forest;1
5035;184;223;138;land;false;urban;1
5036;148;222;238;land;true;forest;1
5037;208;229;138;land;false;hills;1
5038;244;201;74;land;false;hills;1
5039;149;230;168;land;false;forest;1
5040;128;250;204;land;false;hills;1
5041;147;124;244;land;false;forest;1
5042;186;235;182;land;false;hills;1
5043;236;161;239;land;false;hills;1
5044;244;252;74;land;true;plains;1
5045;226;211;188;land;false;hills;1
5046;225;193;198;land;false;hills;1
5047;156;165;242;land;false;plains;1
5048;163;215;239;land;false;hills;1
5049;75;190;241;land;false;hills;1
5050;111;250;180;land;false;urban;1
5051;77;251;238;land;false;forest;1
5052;163;230;130;land;false;forest;1
5053;103;183;232;land;false;hills;1
5054;140;240;212;land;false;forest;1
5055;143;236;252;land;false;plains;1
5056;216;230;206;land;false;plains;1
5057;206;215;114;land;false;forest;1
5058;178;230;216;land;false;forest;1
5059;168;244;251;land;false;hills;1
5060;246;210;106;land;false;plains;1
5061;229;166;150;land;false;hills;1
5062;177;219;131;land;false;plains;1
5063;202;115;239;land;false;hills;1
5064;171;222;214;land;false;forest;1
5065;226;212;158;land;false;plains;1
5066;156;185;237;land;false;urban;1
5067;177;172;166;land;false;urban;1
5068;107;215;252;land;false;forest;1
5069;209;228;82;land;false;forest;1
5070;229;120;202;land;false;mountain;1
5071;88;254;222;land;false;mountain;1
5072;229;108;225;land;false;mountain;1
5073;105;239;210;land;false;plains;1
5074;235;183;181;land;false;forest;1
5075;210;151;181;land;true;plains;1
5076;248;205;50;land;false;hills;1
5077;190;228;205;land;true;forest;1
5078;234;252;210;land;false;plains;1
5079;165;124;217;land;false;mountain;1
5080;195;104;202;land;false;mountain;1
5081;226;193;104;land;false;plains;1
5082;216;198;138;land;false;mountain;1
5083;225;112;191;land;false;hills;1
5084;204;236;78;land;false;forest;1
5085;239;192;191;land;false;urban;1
5086;206;136;192;land;false;forest;1
5087;173;163;240;land;false;forest;1
5088;129;145;239;land;false;forest;1
5089;244;231;87;land;false;plains;1
5090;234;176;213;land;false;plains;1
5091;244;138;250;land;true;urban;1
5092;165;201;169;land;false;hills;1
5093;233;133;154;land;false;hills;1
5094;229;180;196;land;false;forest;1
5095;97;205;215;land;true;plains;1
5096;233;77;219;land;false;plains;1
5097;147;174;193;land;true;forest;1
5098;139;127;248;land;false;hills;1
5099;213;220;93;land;false;plains;1
5100;250;63;248;land;false;forest;1
5101;190;101;247;land;false;hills;1
5102;216;245;222;land;false;plains;1
5103;221;145;139;land;false;plains;1
5104;232;238;66;land;false;plains;1
5105;152;140;230;land;false;forest;1
5106;209;203;98;land;false;plains;1
5107;150;226;170;land;false;plains;1
5108;210;173;198;land;false;plains;1
5109;67;254;207;land;false;forest;1
5110;184;235;118;land;false;hills;1
5111;125;204;218;land;false;plains;1
5112;175;229;251;land;false;forest;1
5113;236;196;115;land;false;plains;1
5114;191;236;74;land;false;plains;1
5115;145;176;248;land;false;urban;1
5116;195;244;149;land;false;mountain;1
5117;164;242;182;land;false;plains;1
5118;180;191;131;land;false;mountain;1
5119;231;223;239;land;false;forest;1
5120;239;239;209;land;false;forest;1
5121;252;51;201;land;false;plains;1
5122;183;168;219;land;false;plains;1
5123;232;179;166;land;false;plains;1
5124;173;231;191;land;false;forest;1
5125;114;251;202;land;false;hills;1
5126;151;249;194;land;false;forest;1
5127;139;212;175;land;true;hills;1
5128;176;112;224;land;false;forest;1
5129;254;20;250;land;false;hills;1
5130;142;170;235;land;false;hills;1
5131;209;158;225;land;false;hills;1
5132;233;59;233;land;false;hills;1
5133;152;233;223;land;false;forest;1
5134;243;161;118;land;false;plains;1
5135;243;70;192;land;false;hills;1
5136;163;170;180;land;false;plains;1
5137;242;237;201;land;false;hills;1
5138;170;209;217;land;false;plains;1
5139;168;115;247;land;false;forest;1
5140;74;240;240;land;false;plains;1
5141;211;223;246;land;false;forest;1
5142;210;216;121;land;false;hills;1
5143;133;195;234;land;false;plains;1
5144;112;239;157;land;false;hills;1
5145;251;131;137;land;false;plains;1
5146;198;237;136;land;false;forest;1
5147;242;213;209;land;false;plains;1
5148;78;226;203;land;false;plains;1
5149;173;198;165;land;false;plains;1
5150;209;99;213;land;false;hills;1
5151;191;192;127;land;false;plains;1
5152;167;240;212;land;false;forest;1
5153;149;194;218;land;false;plains;1
5154;179;204;136;land;false;plains;1
5155;238;176;245;land;false;hills;1
5156;245;186;82;land;false;plains;1
5157;145;205;194;land;false;forest;1
5158;159;174;235;land;false;forest;1
5159;219;190;246;land;false;hills;1
5160;225;225;245;land;false;mountain;1
5161;254;127;235;land;false;plains;1
5162;242;227;129;land;false;forest;1
5163;193;187;192;land;true;plains;1
5164;218;130;170;land;false;hills;1
5165;207;120;192;land;false;plains;1
5166;224;221;204;land;true;plains;1
5167;239;79;190;land;false;plains;1
5168;190;194;139;land;false;forest;1
5169;43;241;222;land;false;forest;1
5170;213;144;228;land;false;plains;1
5171;217;171;149;land;false;plains;1
5172;235;13;254;land;false;plains;1
5173;147;174;246;land;false;plains;1
5174;123;221;183;land;true;plains;1
5175;230;115;164;land;false;urban;1
5176;202;95;243;land;false;plains;1
5177;221;233;238;land;false;forest;1
5178;177;195;210;land;false;plains;1
5179;126;244;241;land;false;plains;1
5180;219;251;136;land;true;urban;1
5181;248;230;101;land;false;plains;1
5182;223;125;155;land;false;urban;1
5183;234;82;222;land;false;mountain;1
5184;94;239;176;land;false;forest;1
5185;198;174;200;land;false;mountain;1
5186;193;190;184;land;false;forest;1
5187;199;77;236;land;false;plains;1
5188;245;99;226;land;false;forest;1
5189;172;169;179;land;false;hills;1
5190;252;217;103;land;false;plains;1
5191;207;139;196;land;false;hills;1
5192;222;252;67;land;false;plains;1
5193;201;140;171;land;false;plains;1
5194;187;169;167;land;false;plains;1
5195;169;156;176;land;false;plains;1
5196;166;176;164;land;false;hills;1
5197;249;244;175;land;false;plains;1
5198;50;244;232;land;false;plains;1
5199;85;253;241;land;false;plains;1
5200;165;254;223;land;false;forest;1
5201;172;99;241;land;false;mountain;1
5202;92;165;248;land;false;hills;1
5203;159;247;226;land;false;forest;1
5204;238;242;174;land;false;plains;1
5205;220;178;161;land;true;plains;1
5206;138;140;254;land;false;plains;1
5207;226;225;134;land;false;mountain;1
5208;222;167;130;land;false;mountain;1
5209;247;155;168;land;false;urban;1
5210;224;195;234;land;false;forest;1
5211;216;248;254;land;false;plains;1
5212;127;181;193;land;false;plains;1
5213;242;224;36;land;false;plains;1
5214;124;228;251;land;false;forest;1
5215;105;239;209;land;false;forest;1
5216;213;244;249;land;false;plains;1
5217;230;205;150;land;false;plains;1
5218;136;133;236;land;false;plains;1
5219;161;252;121;land;false;plains;1
5220;200;163;193;land;false;forest;1
5221;215;141;170;land;true;forest;1
5222;230;172;143;land;false;plains;1
5223;165;227;252;land;false;hills;1
5224;244;135;231;land;false;plains;1
5225;149;204;241;land;false;forest;1
5226;222;139;146;land;false;plains;1
5227;138;211;248;land;false;forest;1
5228;147;146;247;land;false;plains;1
5229;219;113;216;land;false;mountain;1
5230;241;243;41;land;false;mountain;1
5231;113;194;206;land;false;plains;1
5232;194;191;218;land;true;plains;1
5233;248;137;164;land;false;hills;1
5234;251;122;178;land;false;hills;1
5235;245;159;178;land;false;hills;1
5236;78;246;236;land;false;plains;1
5237;106;218;219;land;false;plains;1
5238;244;160;235;land;false;forest;1
5239;104;211;245;land;false;hills;1
5240;233;222;105;land;false;hills;1
5241;248;210;92;land;false;forest;1
5242;241;200;95;land;false;forest;1
5243;232;235;151;land;false;forest;1
5244;234;239;208;land;false;plains;1
5245;235;165;123;land;false;forest;1
5246;218;223;160;land;false;forest;1
5247;204;143;242;land;false;hills;1
5248;231;120;169;land;false;plains;1
5249;195;213;241;land;false;urban;1
5250;92;251;170;land;false;hills;1
5251;238;76;235;land;false;hills;1
5252;63;250;235;land;false;forest;1
5253;213;143;237;land;false;hills;1
5254;242;31;252;land;false;plains;1
5255;210;96;246;land;false;forest;1
5256;204;244;157;land;false;forest;1
5257;171;240;237;land;false;forest;1
5258;145;221;188;land;false;forest;1
5259;194;146;196;land;false;mountain;1
5260;212;252;187;land;false;plains;1
5261;239;232;239;land;false;hills;1
5262;186;196;134;land;false;hills;1
5263;246;209;103;land;false;hills;1
5264;209;58;252;land;false;plains;1
5265;156;210;150;land;false;hills;1
5266;29;251;253;land;false;hills;1
5267;240;151;193;land;false;plains;1
5268;241;254;245;land;false;plains;1
5269;215;135;196;land;false;plains;1
5270;151;250;236;land;false;plains;1
5271;177;239;136;land;false;mountain;1
5272;142;230;208;land;false;mountain;1
5273;202;98;225;land;false;plains;1
5274;188;212;234;land;false;hills;1
5275;233;160;172;land;false;mountain;1
5276;226;88;199;land;false;forest;1
5277;206;94;217;land;false;hills;1
5278;130;246;223;land;false;hills;1
5279;248;250;94;land;false;urban;1
5280;129;220;192;land;false;hills;1
5281;250;159;168;land;false;mountain;1
5282;248;170;251;land;false;hills;1
5283;199;170;169;land;false;plains;1
5284;170;155;245;land;false;plains;1
5285;94;188;227;land;false;forest;1
5286;176;98;254;land;false;hills;1
5287;209;82;214;land;false;plains;1
5288;156;189;200;land;false;forest;1
5289;148;229;152;land;false;hills;1
5290;185;156;192;land;false;mountain;1
5291;215;97;211;land;false;hills;1
5292;250;58;214;land;true;plains;1
5293;48;252;216;land;false;plains;1
5294;179;239;105;land;false;mountain;1
5295;192;140;179;land;false;hills;1
5296;120;146;252;land;false;plains;1
5297;124;237;187;land;true;plains;1
5298;147;250;128;land;false;plains;1
5299;246;116;166;land;false;mountain;1
5300;213;198;167;land;false;urban;1
5301;228;139;207;land;false;plains;1
5302;197;241;177;land;false;mountain;1
5303;242;205;174;land;false;plains;1
5304;245;245;200;land;false;hills;1
5305;163;229;189;land;false;hills;1
5306;122;251;228;land;false;forest;1
5307;185;133;194;land;false;forest;1
5308;216;176;126;land;false;plains;1
5309;178;106;229;land;false;hills;1
5310;249;230;239;land;false;plains;1
5311;57;233;215;land;false;plains;1
5312;236;191;112;land;false;plains;1
5313;236;144;234;land;true;forest;1
5314;224;136;247;land;false;mountain;1
5315;231;194;111;land;false;forest;1
5316;100;215;229;land;false;plains;1
5317;227;209;232;land;false;forest;1
5318;208;233;152;land;false;mountain;1
5319;192;230;108;land;false;plains;1
5320;183;93;238;land;false;forest;1
5321;253;174;116;land;false;hills;1
5322;153;220;227;land;false;mountain;1
5323;188;156;196;land;false;urban;1
5324;200;122;220;land;false;forest;1
5325;232;231;176;land;false;urban;1
5326;34;231;246;land;false;urban;1
5327;188;237;83;land;false;hills;1
5328;96;234;211;land;false;mountain;1
5329;160;179;174;land;false;hills;1
5330;213;198;100;land;false;plains;1
5331;239;181;136;land;false;plains;1
5332;145;252;131;land;false;plains;1
5333;214;88;243;land;false;plains;1
5334;200;188;131;land;false;plains;1
5335;210;84;246;land;false;plains;1
5336;254;81;176;land;false;forest;1
5337;165;212;239;land;false;forest;1
5338;217;125;216;land;false;forest;1
5339;137;234;131;land;true;urban;1
5340;112;229;254;land;false;forest;1
5341;156;190;187;land;false;plains;1
5342;217;128;217;land;false;urban;1
5343;174;99;238;land;false;hills;1
5344;201;50;250;land;false;plains;1
5345;231;54;242;land;false;mountain;1
5346;90;248;221;land;false;mountain;1
5347;248;134;243;land;false;hills;1
5348;140;195;208;land;false;forest;1
5349;211;181;144;land;false;forest;1
5350;163;188;191;land;false;plains;1
5351;182;235;143;land;false;forest;1
5352;221;166;150;land;false;plains;1
5353;250;175;173;land;true;urban;1
5354;159;209;225;land;true;plains;1
5355;239;239;250;land;false;plains;1
5356;170;226;245;land;false;plains;1
5357;196;246;155;land;false;hills;1
5358;248;103;235;land;false;forest;1
5359;176;120;251;land;true;urban;1
5360;208;179;116;land;false;mountain;1
5361;97;243;179;land;false;forest;1
5362;215;139;200;land;false;plains;1
5363;223;214;81;land;false;forest;1
5364;52;241;211;land;false;forest;1
5365;32;233;240;land;false;plains;1
5366;144;153;251;land;false;plains;1
5367;147;210;225;land;false;plains;1
5368;235;118;204;land;false;urban;1
5369;160;201;198;land;false;hills;1
5370;142;201;232;land;false;hills;1
5371;252;161;174;land;false;forest;1
5372;247;51;216;land;false;plains;1
5373;244;137;179;land;false;plains;1
5374;89;217;246;land;false;hills;1
5375;230;140;208;land;false;plains;1
5376;161;203;182;land;false;forest;1
5377;82;209;227;land;false;mountain;1
5378;174;231;120;land;true;forest;1
5379;238;126;190;land;false;forest;1
5380;242;128;215;land;false;plains;1
5381;236;132;245;land;false;plains;1
5382;225;249;30;land;false;mountain;1
5383;226;135;146;land;false;hills;1
5384;249;45;229;land;false;hills;1
5385;186;207;161;land;false;forest;1
5386;210;148;191;land;false;plains;1
5387;233;117;166;land;false;mountain;1
5388;150;200;195;land;false;mountain;1
5389;150;132;238;land;false;plains;1
5390;217;77;239;land;false;plains;1
5391;247;221;242;land;false;plains;1
5392;249;231;206;land;false;plains;1
5393;195;189;214;land;false;mountain;1
5394;204;254;128;land;true;forest;1
5395;69;227;217;land;false;mountain;1
5396;226;173;204;land;false;hills;1
5397;208;224;191;land;false;hills;1
5398;253;48;247;land;false;urban;1
5399;216;210;111;land;false;mountain;1
5400;199;198;190;land;false;urban;1
5401;229;232;66;land;false;hills;1
5402;158;171;241;land;false;mountain;1
5403;218;220;149;land;false;mountain;1
5404;253;116;248;land;false;plains;1
5405;139;161;230;land;false;plains;1
5406;218;220;76;land;false;hills;1
5407;208;179;181;land;false;forest;1
5408;208;228;205;land;false;plains;1
5409;159;252;200;land;false;hills;1
5410;220;241;185;land;false;forest;1
5411;192;214;115;land;false;hills;1
5412;222;146;187;land;false;hills;1
5413;203;246;238;land;false;forest;1
5414;240;194;234;land;false;plains;1
5415;239;176;183;land;false;plains;1
5416;228;226;95;land;false;plains;1
5417;79;246;220;land;false;plains;1
5418;230;167;106;land;false;hills;1
5419;213;140;221;land;false;forest;1
5420;188;206;151;land;false;plains;1
5421;204;212;119;land;false;plains;1
5422;174;238;206;land;false;plains;1
5423;204;228;235;land;false;mountain;1
5424;163;207;220;land;false;forest;1
5425;227;193;125;land;true;hills;1
5426;158;111;241;land;false;mountain;1
5427;253;193;173;land;false;plains;1
5428;99;243;244;land;false;plains;1
5429;242;212;175;land;false;plains;1
5430;167;212;164;land;false;hills;1
5431;214;218;131;land;false;forest;1
5432;194;160;250;land;false;plains;1
5433;223;172;188;land;false;hills;1
5434;187;253;234;land;false;plains;1
5435;180;210;202;land;false;mountain;1
5436;197;106;206;land;false;plains;1
5437;183;110;244;land;false;hills;1
5438;188;123;222;land;false;plains;1
5439;253;204;182;land;false;plains;1
5440;196;142;221;land;false;plains;1
5441;248;59;199;land;false;forest;1
5442;201;195;229;land;false;mountain;1
5443;237;88;176;land;false;urban;1
5444;139;251;199;land;false;plains;1
5445;209;227;146;land;false;plains;1
5446;172;231;231;land;false;forest;1
5447;213;207;247;land;false;forest;1
5448;114;222;180;land;false;plains;1
5449;230;147;248;land;false;forest;1
5450;207;186;198;land;false;hills;1
5451;227;231;190;land;false;forest;1
5452;188;167;250;land;false;plains;1
5453;175;83;248;land;false;plains;1
5454;198;237;190;land;false;plains;1
5455;40;250;238;land;false;mountain;1
5456;187;223;219;land;false;plains;1
5457;145;200;217;land;false;plains;1
5458;221;206;83;land;false;urban;1
5459;234;117;228;land;false;forest;1
5460;239;230;169;land;false;plains;1
5461;189;176;220;land;false;urban;1
5462;154;194;165;land;false;plains;1
5463;155;213;151;land;false;mountain;1
5464;250;150;203;land;false;plains;1
5465;247;246;251;land;false;plains;1
5466;183;191;170;land;false;hills;1
5467;169;246;208;land;false;urban;1
5468;116;249;228;land;false;plains;1
5469;183;201;158;land;false;plains;1
5470;146;239;144;land;false;urban;1
5471;136;238;203;land;false;hills;1
5472;152;250;161;land;false;urban;1
5473;231;155;235;land;false;forest;1
5474;244;193;107;land;false;plains;1
5475;245;208;57;land;false;forest;1
5476;240;92;198;land;true;forest;1
5477;103;211;211;land;false;mountain;1
5478;230;120;244;land;false;plains;1
5479;222;154;164;land;false;forest;1
5480;240;98;249;land;false;plains;1
5481;235;144;171;land;false;plains;1
5482;235;223;105;land;false;hills;1
5483;242;151;226;land;false;mountain;1
5484;223;179;231;land;false;plains;1
5485;117;214;237;land;false;plains;1
5486;239;187;158;land;true;urban;1
5487;222;175;166;land;false;urban;1
5488;178;242;146;land;false;forest;1
5489;229;199;246;land;true;forest;1
5490;236;211;223;land;false;forest;1
5491;197;170;177;land;false;forest;1
5492;32;228;252;land;false;plains;1
5493;211;246;242;land;false;plains;1
5494;254;177;208;land;false;plains;1
5495;237;134;254;land;false;plains;1
5496;191;143;214;land;false;plains;1
5497;159;179;227;land;false;hills;1
5498;212;233;247;land;false;plains;1
5499;167;240;161;land;false;mountain;1
5500;235;159;112;land;false;hills;1
5501;243;191;192;land;false;plains;1
5502;143;191;182;land;false;plains;1
5503;212;164;169;land;false;forest;1
5504;242;168;181;land;false;plains;1
5505;188;101;223;land;false;hills;1
5506;172;175;218;land;false;forest;1
5507;47;247;251;land;false;hills;1
5508;175;189;144;land;false;forest;1
5509;106;234;197;land;false;plains;1
5510;156;151;223;land;false;hills;1
5511;223;157;198;land;false;hills;1
5512;164;197;184;land;false;forest;1
5513;216;147;224;land;false;plains;1
5514;127;135;244;land;false;urban;1
5515;176;190;142;land;false;plains;1
5516;208;161;152;land;false;hills;1
5517;225;224;212;land;false;hills;1
5518;246;224;195;land;false;forest;1
5519;118;166;243;land;false;hills;1
5520;195;200;236;land;false;hills;1
5521;111;200;233;land;false;hills;1
5522;96;251;248;land;false;forest;1
5523;219;221;140;land;false;hills;1
5524;191;198;226;land;false;plains;1
5525;253;220;118;land;false;hills;1
5526;192;227;113;land;false;plains;1
5527;171;223;173;land;false;plains;1
5528;229;176;245;land;false;hills;1
5529;109;208;222;land;false;plains;1
5530;248;220;222;land;false;hills;1
5531;213;111;254;land;false;forest;1
5532;190;168;190;land;false;plains;1
5533;131;225;202;land;false;plains;1
5534;254;180;238;land;false;urban;1
5535;254;104;175;land;false;plains;1
5536;214;192;164;land;false;mountain;1
5537;169;227;116;land;false;plains;1
5538;214;174;114;land;false;plains;1
5539;109;190;204;land;false;forest;1
5540;165;223;224;land;false;plains;1
5541;146;233;146;land;false;plains;1
5542;159;164;238;land;false;forest;1
5543;202;184;149;land;false;forest;1
5544;165;248;135;land;false;forest;1
5545;168;204;229;land;false;forest;1
5546;99;173;242;land;false;hills;1
5547;194;161;175;land;false;plains;1
5548;250;64;245;land;true;plains;1
5549;201;83;219;land;false;forest;1
5550;185;187;251;land;false;forest;1
5551;242;129;209;land;false;plains;1
5552;238;220;152;land;false;forest;1
5553;204;78;248;land;false;hills;1
5554;254;151;233;land;false;hills;1
5555;85;247;211;land;false;plains;1
5556;160;252;132;land;false;plains;1
5557;226;224;71;land;false;forest;1
5558;222;205;252;land;false;plains;1
5559;165;111;238;land;false;forest;1
5560;188;218;177;land;false;hills;1
5561;171;246;89;land;false;forest;1
5562;138;176;239;land;false;forest;1
5563;200;201;157;land;false;plains;1
5564;166;204;240;land;false;forest;1
5565;105;153;253;land;false;hills;1
5566;240;110;224;land;false;hills;1
5567;158;207;157;land;false;plains;1
5568;144;245;221;land;false;plains;1
5569;80;187;245;land;false;plains;1
5570;245;253;39;land;false;hills;1
5571;170;186;248;land;false;forest;1
5572;198;142;239;land;true;forest;1
5573;229;75;224;land;false;mountain;1
5574;235;190;162;land;false;plains;1
5575;132;126;246;land;false;hills;1
5576;235;105;201;land;false;hills;1
5577;241;213;131;land;false;plains;1
5578;236;235;114;land;false;plains;1
5579;86;194;245;land;false;plains;1
5580;145;178;216;land;false;plains;1
5581;138;144;231;land;false;mountain;1
5582;234;45;228;land;false;forest;1
5583;117;208;188;land;false;hills;1
5584;253;185;102;land;false;mountain;1
5585;162;232;124;land;false;hills;1
5586;92;238;224;land;false;hills;1
5587;204;136;178;land;false;hills;1
5588;201;144;217;land;false;urban;1
5589;229;201;112;land;false;plains;1
5590;226;104;252;land;false;forest;1
5591;226;64;234;land;true;plains;1
5592;134;150;241;land;false;forest;1
5593;162;225;239;land;false;forest;1
5594;145;207;194;land;false;hills;1
5595;237;76;230;land;false;mountain;1
5596;188;147;244;land;false;forest;1
5597;205;194;232;land;false;plains;1
5598;198;182;224;land;false;plains;1
5599;134;146;247;land;false;plains;1
5600;164;187;166;land;false;plains;1
5601;104;245;221;land;false;forest;1
5602;149;183;172;land;false;hills;1
5603;217;225;254;land;false;hills;1
5604;250;232;165;land;false;plains;1
5605;164;245;159;land;false;plains;1
5606;217;248;183;land;false;plains;1
5607;128;249;133;land;false;forest;1
5608;196;107;222;land;false;forest;1
5609;242;45;249;land;false;plains;1
5610;202;223;243;land;false;plains;1
5611;231;135;142;land;false;forest;1
5612;106;242;190;land;false;plains;1
5613;134;133;235;land;false;forest;1
5614;215;247;109;land;false;hills;1
5615;63;231;228;land;false;plains;1
5616;251;36;248;land;false;plains;1
5617;71;203;227;land;false;forest;1
5618;246;151;192;land;false;forest;1
5619;214;86;249;land;false;hills;1
5620;147;162;237;land;false;forest;1
5621;189;193;151;land;false;plains;1
5622;250;202;54;land;false;hills;1
5623;225;175;124;land;false;plains;1
5624;204;194;200;land;false;plains;1
5625;219;69;236;land;false;hills;1
5626;114;250;193;land;false;forest;1
5627;243;27;233;land;false;hills;1
5628;241;77;235;land;false;plains;1
5629;231;189;143;land;false;plains;1
5630;246;169;162;land;false;hills;1
5631;151;247;175;land;false;hills;1
5632;70;209;244;land;false;forest;1
5633;239;186;189;land;false;hills;1
5634;254;222;169;land;false;plains;1
5635;215;230;65;land;false;forest;1
5636;132;252;253;land;false;plains;1
5637;114;149;254;land;false;mountain;1
5638;175;196;233;land;false;hills;1
5639;190;101;219;land;false;plains;1
5640;123;197;204;land;false;plains;1
5641;163;241;226;land;false;forest;1
5642;238;140;196;land;true;hills;1
5643;235;190;235;land;false;hills;1
5644;242;241;128;land;false;hills;1
5645;212;186;172;land;false;forest;1
5646;238;106;198;land;false;plains;1
5647;182;252;245;land;false;urban;1
5648;112;177;250;land;false;plains;1
5649;208;221;179;land;false;forest;1
5650;254;209;202;land;false;plains;1
5651;196;231;205;land;false;forest;1
5652;224;110;231;land;false;hills;1
5653;231;164;184;land;false;plains;1
5654;180;156;252;land;false;hills;1
5655;232;250;183;land;false;plains;1
5656;181;243;237;land;false;hills;1
5657;91;177;253;land;false;plains;1
5658;195;223;86;land;false;plains;1
5659;248;162;104;land;false;forest;1
5660;145;199;208;land;false;plains;1
5661;217;113;176;land;false;plains;1
5662;156;214;201;land;false;hills;1
5663;177;170;184;land;false;hills;1
5664;45;254;220;land;false;plains;1
5665;248;183;103;land;false;mountain;1
5666;158;208;246;land;false;urban;1
5667;193;209;171;land;false;plains;1
5668;226;86;214;land;false;mountain;1
5669;184;227;246;land;false;hills;1
5670;221;241;253;land;false;hills;1
5671;252;102;213;land;false;hills;1
5672;248;220;111;land;false;plains;1
5673;45;244;216;land;false;urban;1
5674;225;183;112;land;false;hills;1
5675;191;194;125;land;false;plains;1
5676;231;151;152;land;false;plains;1
5677;242;36;225;land;false;urban;1
5678;215;211;170;land;true;forest;1
5679;241;229;128;land;false;hills;1
5680;59;196;246;land;false;plains;1
5681;244;232;185;land;true;forest;1
5682;208;102;197;land;false;hills;1
5683;147;243;161;land;false;plains;1
5684;248;222;169;land;false;forest;1
5685;205;194;185;land;false;mountain;1
5686;245;87;227;land;false;plains;1
5687;213;149;222;land;false;plains;1
5688;243;220;243;land;false;plains;1
5689;238;174;104;land;false;mountain;1
5690;157;196;189;land;false;plains;1
5691;137;183;227;land;false;urban;1
5692;230;216;207;land;false;plains;1
5693;142;208;236;land;false;plains;1
5694;224;111;249;land;false;mountain;1
5695;172;253;239;land;false;forest;1
5696;201;177;182;land;false;forest;1
5697;128;218;240;land;false;hills;1
5698;172;244;237;land;false;hills;1
5699;243;196;186;land;false;hills;1
5700;133;226;223;land;false;forest;1
5701;182;231;149;land;false;forest;1
5702;121;179;224;land;false;urban;1
5703;148;197;187;land;false;hills;1
5704;154;211;182;land;false;mountain;1
5705;176;199;194;land;false;plains;1
5706;173;195;154;land;false;forest;1
5707;254;183;225;land;true;hills;1
5708;202;176;239;land;false;forest;1
5709;216;226;100;land;false;forest;1
5710;165;232;145;land;false;urban;1
5711;226;237;90;land;false;plains;1
5712;247;143;112;land;false;mountain;1
5713;228;246;72;land;false;plains;1
5714;226;225;119;land;false;hills;1
5715;200;201;190;land;false;plains;1
5716;146;212;192;land;false;forest;1
5717;218;139;157;land;false;hills;1
5718;177;208;190;land;false;mountain;1
5719;103;159;247;land;false;plains;1
5720;120;180;205;land;true;plains;1
5721;206;226;179;land;false;forest;1
5722;108;198;218;land;false;forest;1
5723;197;219;123;land;false;hills;1
5724;193;116;199;land;false;plains;1
5725;218;168;202;land;false;hills;1
5726;192;139;230;land;false;hills;1
5727;220;199;150;land;false;plains;1
5728;142;253;233;land;true;forest;1
5729;204;181;230;land;false;plains;1
5730;127;211;254;land;false;forest;1
5731;210;245;161;land;false;plains;1
5732;254;176;106;land;false;forest;1
5733;136;199;197;land;false;hills;1
5734;173;239;244;land;false;hills;1
5735;150;218;216;land;false;mountain;1
5736;251;166;116;land;false;mountain;1
5737;201;148;207;land;false;mountain;1
5738;245;166;176;land;false;hills;1
5739;53;232;249;land;false;plains;1
5740;112;192;211;land;false;forest;1
5741;222;210;241;land;false;plains;1
5742;130;239;144;land;false;forest;1
5743;145;142;232;land;false;hills;1
5744;210;62;231;land;false;hills;1
5745;219;238;156;land;false;hills;1
5746;81;251;203;land;false;forest;1
5747;49;219;243;land;false;plains;1
5748;245;96;193;land;false;hills;1
5749;253;63;206;land;false;plains;1
5750;41;249;219;land;true;plains;1
5751;173;193;152;land;false;plains;1
5752;214;176;111;land;false;plains;1
5753;141;243;167;land;false;plains;1
5754;124;169;249;land;false;plains;1
5755;196;184;151;land;false;plains;1
5756;142;234;195;land;false;plains;1
5757;238;174;178;land;false;mountain;1
5758;220;254;188;land;false;forest;1
5759;138;158;246;land;false;plains;1
5760;157;158;196;land;false;plains;1
5761;248;188;102;land;false;forest;1
5762;165;146;206;land;false;plains;1
5763;187;223;170;land;false;forest;1
5764;191;247;198;land;false;plains;1
5765;177;135;243;land;false;plains;1
5766;230;123;228;land;false;plains;1
5767;249;64;248;land;false;plains;1
5768;197;240;212;land;false;plains;1
5769;165;240;252;land;true;forest;1
5770;32;221;252;land;true;forest;1
5771;230;143;148;land;false;forest;1
5772;212;79;251;land;false;forest;1
5773;232;97;187;land;true;forest;1
5774;193;219;207;land;false;plains;1
5775;235;93;204;land;false;urban;1
5776;228;109;228;land;false;plains;1
5777;242;164;158;land;false;plains;1
5778;94;220;197;land;false;hills;1
5779;182;94;233;land;false;urban;1
5780;241;183;93;land;false;mountain;1
5781;242;150;178;land;false;forest;1
5782;236;132;193;land;false;urban;1
5783;155;167;180;land;false;hills;1
5784;184;254;129;land;false;forest;1
5785;116;238;226;land;false;plains;1
5786;250;218;68;land;false;hills;1
5787;198;123;217;land;false;plains;1
5788;171;223;213;land;false;forest;1
5789;235;239;223;land;false;plains;1
5790;243;217;151;land;false;plains;1
5791;249;184;212;land;false;plains;1
5792;204;223;234;land;false;plains;1
5793;141;195;221;land;false;mountain;1
5794;160;208;206;land;false;forest;1
5795;181;211;115;land;false;plains;1
5796;110;245;158;land;false;forest;1
5797;177;210;170;land;false;plains;1
5798;227;207;132;land;false;forest;1
5799;186;181;252;land;false;plains;1
5800;224;191;253;land;false;forest;1
5801;240;112;149;land;false;plains;1
5802;109;199;195;land;false;hills;1
5803;177;191;163;land;true;forest;1
5804;225;131;238;land;false;plains;1
5805;120;222;173;land;false;forest;1
5806;142;224;246;land;false;hills;1
5807;239;199;138;land;false;mountain;1
5808;176;158;182;land;false;plains;1
5809;84;175;249;land;false;plains;1
5810;245;169;133;land;false;hills;1
5811;201;91;253;land;false;plains;1
5812;119;208;177;land;false;plains;1
5813;126;172;213;land;true;plains;1
5814;231;165;198;land;false;plains;1
5815;219;198;174;land;false;forest;1
5816;254;177;246;land;false;mountain;1
5817;121;179;237;land;false;forest;1
5818;221;185;248;land;false;plains;1
5819;242;253;186;land;false;hills;1
5820;253;147;254;land;false;plains;1
5821;197;131;192;land;false;hills;1
5822;161;178;228;land;false;hills;1
5823;195;141;176;land;false;forest;1
5824;140;197;183;land;false;plains;1
5825;213;162;205;land;false;plains;1
5826;224;159;200;land;false;forest;1
5827;188;148;228;land;false;forest;1
5828;243;77;222;land;false;plains;1
5829;186;217;106;land;false;plains;1
5830;152;123;243;land;false;forest;1
5831;156;178;177;land;false;plains;1
5832;147;242;199;land;false;mountain;1
5833;172;199;195;land;false;plains;1
5834;228;221;95;land;false;forest;1
5835;147;240;153;land;false;forest;1
5836;236;99;196;land;false;mountain;1
5837;149;237;247;land;false;plains;1
5838;182;166;162;land;false;urban;1
5839;150;173;225;land;false;plains;1
5840;249;253;23;land;false;mountain;1
5841;183;154;174;land;false;plains;1
5842;202;218;160;land;true;urban;1
5843;147;151;229;land;false;plains;1
5844;244;120;149;land;false;plains;1
5845;130;179;229;land;false;mountain;1
5846;129;242;177;land;false;hills;1
5847;159;209;137;land;false;forest;1
5848;197;172;163;land;false;plains;1
5849;208;93;252;land;false;hills;1
5850;235;131;194;land;false;plains;1
5851;182;211;150;land;false;plains;1
5852;47;242;212;land;false;plains;1
5853;169;246;164;land;false;hills;1
5854;213;150;213;land;false;plains;1
5855;204;122;182;land;false;plains;1
5856;250;181;135;land;false;mountain;1
5857;248;123;249;land;false;forest;1
5858;239;186;215;land;false;urban;1
5859;175;248;166;land;false;hills;1
5860;224;212;242;land;false;urban;1
5861;200;98;226;land;false;forest;1
5862;193;227;239;land;false;mountain;1
5863;190;194;181;land;false;hills;1
5864;243;153;191;land;false;forest;1
5865;150;144;235;land;false;forest;1
5866;183;218;242;land;false;forest;1
5867;160;211;209;land;false;plains;1
5868;252;103;149;land;false;forest;1
5869;189;175;229;land;false;forest;1
5870;133;214;184;land;false;plains;1
5871;136;190;228;land;false;forest;1
5872;186;143;235;land;false;plains;1
5873;195;235;103;land;false;hills;1
5874;201;179;225;land;false;forest;1
5875;77;186;241;land;false;forest;1
5876;131;135;248;land;false;hills;1
5877;228;173;196;land;false;hills;1
5878;120;175;246;land;false;plains;1
5879;212;227;164;land;false;forest;1
5880;125;213;183;land;false;forest;1
5881;173;240;141;land;false;forest;1
5882;160;231;111;land;false;forest;1
5883;252;150;108;land;false;forest;1
5884;230;250;182;land;false;plains;1
5885;234;227;203;land;false;urban;1
5886;126;251;145;land;false;plains;1
5887;127;224;209;land;false;forest;1
5888;163;96;248;land;false;forest;1
5889;89;221;252;land;false;forest;1
5890;187;98;237;land;false;hills;1
5891;215;164;173;land;false;plains;1
5892;139;180;226;land;false;plains;1
5893;128;245;217;land;false;forest;1
5894;139;191;180;land;false;plains;1
5895;165;191;228;land;false;forest;1
5896;79;221;248;land;false;forest;1
5897;252;180;215;land;false;urban;1
5898;192;64;251;land;false;plains;1
5899;209;204;139;land;false;forest;1
5900;72;231;251;land;false;plains;1
5901;236;120;185;land;false;mountain;1
5902;219;113;242;land;false;mountain;1
5903;248;114;181;land;false;urban;1
5904;247;142;251;land;false;plains;1
5905;161;135;213;land;false;plains;1
5906;240;244;190;land;false;plains;1
5907;253;209;102;land;false;mountain;1
5908;215;213;202;land;false;hills;1
5909;109;165;228;land;false;hills;1
5910;148;252;137;land;false;plains;1
5911;164;213;156;land;false;mountain;1
5912;213;131;172;land;false;hills;1
5913;221;201;79;land;false;hills;1
5914;181;100;227;land;false;plains;1
5915;119;215;251;land;false;forest;1
5916;240;199;248;land;false;hills;1
5917;144;206;174;land;false;plains;1
5918;254;196;69;land;false;hills;1
5919;238;234;74;land;false;forest;1
5920;203;202;114;land;false;plains;1
5921;151;148;251;land;false;plains;1
5922;250;180;229;land;false;plains;1
5923;199;234;183;land;false;hills;1
5924;249;28;226;land;false;plains;1
5925;238;95;199;land;false;plains;1
5926;155;194;238;land;false;forest;1
5927;253;187;174;land;false;plains;1
5928;198;209;224;land;false;plains;1
5929;252;245;25;land;false;plains;1
5930;175;211;201;land;false;hills;1
5931;148;226;200;land;false;forest;1
5932;240;91;176;land;false;forest;1
5933;126;237;246;land;false;forest;1
5934;209;96;197;land;false;plains;1
5935;221;234;85;land;false;hills;1
5936;110;190;202;land;false;forest;1
5937;186;206;149;land;false;forest;1
5938;199;214;91;land;true;plains;1
5939;246;243;169;land;false;forest;1
5940;156;143;221;land;false;hills;1
5941;245;208;91;land;false;plains;1
5942;202;247;130;land;false;mountain;1
5943;218;51;247;land;false;plains;1
5944;101;251;173;land;false;plains;1
5945;209;245;52;land;true;plains;1
5946;222;81;222;land;false;urban;1
5947;178;145;210;land;false;plains;1
5948;102;214;217;land;false;forest;1
5949;194;237;139;land;false;hills;1
5950;200;119;206;land;false;forest;1
5951;245;194;197;land;false;plains;1
5952;244;159;117;land;false;plains;1
5953;228;147;178;land;false;plains;1
5954;241;190;252;land;true;urban;1
5955;78;224;227;land;false;plains;1
5956;223;231;66;land;false;plains;1
5957;186;167;206;land;false;mountain;1
5958;232;250;124;land;false;mountain;1
5959;180;182;222;land;false;forest;1
5960;225;207;72;land;false;plains;1
5961;237;208;80;land;false;plains;1
5962;228;126;221;land;false;plains;1
5963;66;217;227;land;true;forest;1
5964;233;187;143;land;false;mountain;1
5965;118;243;253;land;false;plains;1
5966;236;248;50;land;false;forest;1
5967;242;201;197;land;false;plains;1
5968;192;186;227;land;true;plains;1
5969;197;178;248;land;false;plains;1
5970;164;233;178;land;false;forest;1
5971;235;119;196;land;false;forest;1
5972;242;234;77;land;false;forest;1
5973;228;201;140;land;false;plains;1
5974;197;190;183;land;false;plains;1
5975;165;237;194;land;false;forest;1
5976;178;181;245;land;false;forest;1
5977;248;228;242;land;false;forest;1
5978;56;238;224;land;false;forest;1
5979;201;221;149;land;false;plains;1
5980;199;196;193;land;false;plains;1
5981;235;197;216;land;false;plains;1
5982;77;222;247;land;false;plains;1
5983;218;207;98;land;false;forest;1
5984;217;235;73;land;false;plains;1
5985;231;223;136;land;false;forest;1
5986;230;105;190;land;true;forest;1
5987;199;134;195;land;false;mountain;1
5988;101;209;253;land;false;plains;1
5989;203;123;192;land;false;mountain;1
5990;171;211;200;land;false;plains;1
5991;249;54;240;land;false;plains;1
5992;145;172;211;land;false;plains;1
5993;86;202;231;land;false;forest;1
5994;243;221;137;land;true;plains;1
5995;213;242;64;land;false;plains;1
5996;217;242;106;land;false;forest;1
5997;179;209;132;land;false;forest;1
5998;193;154;222;land;false;forest;1
5999;225;183;150;land;false;plains;1
6000;157;218;193;land;false;plains;1
6001;151;241;211;land;false;mountain;1
6002;67;241;206;land;false;forest;1
6003;246;99;199;land;false;plains;1
6004;237;231;170;land;false;forest;1
6005;110;204;239;land;false;forest;1
6006;162;136;222;land;false;plains;1
6007;176;161;242;land;false;plains;1
6008;143;230;238;land;false;plains;1
6009;215;202;104;land;false;plains;1
6010;155;220;253;land;false;forest;1
6011;240;159;252;land;false;forest;1
6012;209;180;145;land;false;mountain;1
6013;236;213;206;land;false;forest;1
6014;248;207;225;land;false;forest;1
6015;244;133;175;land;false;urban;1
6016;242;169;182;land;false;plains;1
6017;222;177;232;land;false;plains;1
6018;214;129;229;land;false;plains;1
6019;124;180;251;land;false;hills;1
6020;132;145;228;land;false;hills;1
6021;179;251;73;land;false;plains;1
6022;116;223;172;land;false;forest;1
6023;240;201;142;land;false;hills;1
6024;141;206;242;land;false;plains;1
6025;198;211;214;land;false;forest;1
6026;176;222;230;land;false;plains;1
6027;98;250;243;land;false;forest;1
6028;151;192;251;land;false;plains;1
6029;198;242;144;land;false;plains;1
6030;220;149;135;land;false;urban;1
6031;241;134;157;land;false;plains;1
6032;187;214;201;land;false;mountain;1
6033;211;209;95;land;false;plains;1
6034;173;134;203;land;false;mountain;1
6035;161;246;143;land;false;hills;1
6036;154;237;253;land;false;hills;1
6037;226;69;212;land;false;forest;1
6038;138;224;201;land;false;mountain;1
6039;145;245;127;land;false;forest;1
6040;217;236;137;land;false;urban;1
6041;194;231;180;land;false;plains;1
6042;248;175;81;land;false;urban;1
6043;193;157;230;land;false;plains;1
6044;142;195;195;land;false;plains;1
6045;199;183;192;land;false;urban;1
6046;157;229;245;land;false;plains;1
6047;64;240;232;land;false;forest;1
6048;195;105;246;land;false;hills;1
6049;187;203;247;land;false;forest;1
6050;254;244;108;land;false;hills;1
6051;184;176;152;land;false;forest;1
6052;204;154;223;land;false;forest;1
6053;178;250;222;land;false;mountain;1
6054;187;225;122;land;false;hills;1
6055;134;244;155;land;true;plains;1
6056;215;244;108;land;false;forest;1
6057;189;245;110;land;false;plains;1
6058;207;201;111;land;false;mountain;1
6059;91;174;246;land;false;hills;1
6060;222;99;198;land;false;mountain;1
6061;191;220;163;land;false;plains;1
6062;121;213;245;land;false;plains;1
6063;136;241;183;land;false;urban;1
6064;203;224;248;land;false;hills;1
6065;248;63;219;land;false;plains;1
6066;201;83;246;land;false;plains;1
6067;194;224;146;land;false;forest;1
6068;143;210;199;land;false;mountain;1
6069;189;155;190;land;false;forest;1
6070;225;164;215;land;false;forest;1
6071;158;184;190;land;false;plains;1
6072;91;240;173;land;false;hills;1
6073;188;205;132;land;false;mountain;1
6074;229;42;239;land;false;hills;1
6075;218;110;220;land;false;forest;1
6076;84;239;218;land;false;forest;1
6077;186;186;154;land;false;urban;1
6078;244;217;81;land;false;hills;1
6079;113;207;184;land;false;mountain;1
6080;234;100;204;land;false;hills;1
6081;134;207;212;land;false;mountain;1
6082;136;222;194;land;false;forest;1
6083;211;115;201;land;false;hills;1
6084;224;149;191;land;false;hills;1
6085;245;70;245;land;false;mountain;1
6086;197;171;176;land;false;forest;1
6087;131;221;187;land;false;plains;1
6088;209;118;190;land;false;mountain;1
6089;215;192;185;land;false;forest;1
6090;173;202;153;land;false;mountain;1
6091;239;230;175;land;false;hills;1
6092;236;210;110;land;false;plains;1
6093;145;194;182;land;false;hills;1
6094;236;65;248;land;false;forest;1
6095;132;224;177;land;false;plains;1
6096;162;87;252;land;false;hills;1
6097;174;188;229;land;false;plains;1
6098;241;233;76;land;false;plains;1
6099;107;176;238;land;false;plains;1
6100;228;42;247;land;false;forest;1
6101;243;183;158;land;false;plains;1
6102;233;233;173;land;false;forest;1
6103;231;249;73;land;false;plains;1
6104;206;128;224;land;false;plains;1
6105;115;178;232;land;false;plains;1
6106;223;217;209;land;false;urban;1
6107;182;226;149;land;false;hills;1
6108;107;218;245;land;false;hills;1
6109;152;141;209;land;false;mountain;1
6110;253;226;74;land;false;forest;1
6111;136;163;237;land;false;plains;1
6112;219;235;242;land;true;plains;1
6113;190;192;228;land;false;hills;1
6114;230;72;229;land;false;plains;1
6115;225;72;249;land;false;forest;1
6116;85;198;239;land;false;mountain;1
6117;118;213;202;land;false;plains;1
6118;144;232;185;land;false;plains;1
6119;221;200;138;land;false;plains;1
6120;188;127;254;land;false;plains;1
6121;132;206;239;land;false;forest;1
6122;248;192;143;land;false;forest;1
6123;237;248;152;land;false;hills;1
6124;159;240;221;land;false;plains;1
6125;214;182;114;land;false;forest;1
6126;186;158;174;land;false;forest;1
6127;234;171;161;land;false;forest;1
6128;223;108;244;land;false;mountain;1
6129;115;251;248;land;false;forest;1
6130;212;134;210;land;false;urban;1
6131;209;64;233;land;false;forest;1
6132;233;249;243;land;false;forest;1
6133;210;207;184;land;false;plains;1
6134;175;169;190;land;false;forest;1
6135;227;217;155;land;false;hills;1
6136;194;174;182;land;false;plains;1
6137;242;203;97;land;false;forest;1
6138;169;130;216;land;false;hills;1
6139;199;73;246;land;false;hills;1
6140;60;242;236;land;false;plains;1
6141;149;173;254;land;false;plains;1
6142;97;202;202;land;false;mountain;1
6143;164;121;242;land;false;forest;1
6144;230;191;202;land;false;mountain;1
6145;192;88;226;land;false;plains;1
6146;202;234;190;land;false;plains;1
6147;225;157;234;land;false;plains;1
6148;251;190;201;land;false;forest;1
6149;241;157;195;land;false;forest;1
6150;108;212;230;land;false;hills;1
6151;99;194;229;land;false;hills;1
6152;214;216;95;land;false;plains;1
6153;203;127;212;land;false;hills;1
6154;223;140;208;land;false;plains;1
6155;201;121;239;land;false;hills;1
6156;221;191;174;land;false;hills;1
6157;146;253;154;land;false;plains;1
6158;102;196;224;land;false;hills;1
6159;156;193;161;land;false;hills;1
6160;87;243;180;land;false;plains;1
6161;251;69;181;land;false;forest;1
6162;200;198;225;land;false;plains;1
6163;171;186;170;land;false;plains;1
6164;211;217;159;land;false;forest;1
6165;186;174;254;land;false;hills;1
6166;206;97;201;land;false;forest;1
6167;194;181;183;land;false;plains;1
6168;93;198;220;land;false;forest;1
6169;221;155;205;land;false;hills;1
6170;210;189;176;land;false;mountain;1
6171;149;179;201;land;false;hills;1
6172;213;211;160;land;false;hills;1
6173;159;98;244;land;false;forest;1
6174;230;160;173;land;false;forest;1
6175;52;231;228;land;false;hills;1
6176;248;254;193;land;false;plains;1
6177;224;162;167;land;false;urban;1
6178;235;159;142;land;false;plains;1
6179;253;177;206;land;false;mountain;1
6180;173;107;252;land;false;mountain;1
6181;161;245;124;land;false;plains;1
6182;200;164;170;land;false;plains;1
6183;123;226;225;land;false;forest;1
6184;174;79;248;land;true;plains;1
6185;172;166;236;land;false;hills;1
6186;180;254;175;land;false;hills;1
6187;240;157;136;land;false;mountain;1
6188;221;151;162;land;false;plains;1
6189;231;232;173;land;false;forest;1
6190;197;211;186;land;false;mountain;1
6191;252;64;187;land;false;hills;1
6192;104;241;205;land;false;plains;1
6193;119;167;250;land;false;urban;1
6194;144;242;187;land;false;hills;1
6195;203;162;238;land;false;forest;1
6196;157;216;172;land;false;plains;1
6197;113;242;171;land;false;hills;1
6198;224;241;222;land;false;plains;1
6199;188;211;145;land;false;forest;1
6200;173;182;173;land;false;plains;1
6201;207;202;170;land;false;hills;1
6202;243;232;101;land;false;plains;1
6203;201;239;168;land;false;forest;1
6204;74;209;224;land;false;urban;1
6205;99;160;249;land;false;forest;1
6206;146;187;205;land;false;mountain;1
6207;244;246;246;land;false;forest;1
6208;243;54;247;land;false;mountain;1
6209;193;237;197;land;false;plains;1
6210;84;233;210;land;false;urban;1
6211;238;206;240;land;false;forest;1
6212;171;231;243;land;false;forest;1
6213;207;155;245;land;false;hills;1
6214;219;112;233;land;false;hills;1
6215;123;185;201;land;false;plains;1
6216;217;160;143;land;true;plains;1
6217;82;231;233;land;false;urban;1
6218;166;141;228;land;false;mountain;1
6219;225;132;197;land;false;urban;1
6220;194;213;157;land;false;forest;1
6221;224;234;241;land;false;hills;1
6222;87;248;244;land;false;plains;1
6223;250;139;206;land;false;mountain;1
6224;200;179;126;land;true;hills;1
6225;181;241;190;land;false;plains;1
6226;247;53;243;land;false;mountain;1
6227;178;163;221;land;false;forest;1
6228;182;180;197;land;false;hills;1
6229;215;225;94;land;false;forest;1
6230;242;158;167;land;false;hills;1
6231;182;220;179;land;false;plains;1
6232;150;191;172;land;false;plains;1
6233;226;135;220;land;false;hills;1
6234;124;237;239;land;false;plains;1
6235;133;243;190;land;false;hills;1
6236;232;148;223;land;false;plains;1
6237;217;85;212;land;false;hills;1
6238;198;148;211;land;false;hills;1
6239;172;192;162;land;false;plains;1
6240;31;234;239;land;false;plains;1
6241;218;197;181;land;false;mountain;1
6242;99;200;208;land;false;plains;1
6243;248;116;237;land;true;hills;1
6244;231;240;100;land;false;plains;1
6245;89;189;243;land;false;forest;1
6246;220;181;155;land;false;hills;1
6247;170;220;202;land;false;plains;1
6248;177;250;213;land;false;urban;1
6249;151;158;238;land;false;forest;1
6250;143;154;205;land;false;plains;1
6251;139;245;174;land;false;hills;1
6252;132;163;253;land;false;forest;1
6253;211;93;222;land;false;forest;1
6254;202;123;240;land;false;forest;1
6255;111;188;232;land;false;plains;1
6256;252;192;144;land;false;plains;1
6257;221;236;160;land;false;plains;1
6258;72;250;179;land;false;hills;1
6259;234;111;250;land;false;hills;1
6260;247;83;199;land;false;forest;1
6261;221;230;213;land;false;plains;1
6262;164;139;214;land;false;plains;1
6263;22;248;235;land;false;hills;1
6264;157;242;221;land;false;mountain;1
6265;230;231;195;land;false;mountain;1
6266;125;168;209;land;false;forest;1
6267;182;231;173;land;true;hills;1
6268;231;103;202;land;false;forest;1
6269;234;175;185;land;true;forest;1
6270;220;186;188;land;false;plains;1
6271;191;134;182;land;false;mountain;1
6272;218;191;165;land;false;plains;1
6273;188;205;125;land;true;forest;1
6274;181;219;114;land;false;plains;1
6275;202;213;131;land;false;forest;1
6276;185;156;223;land;false;plains;1
6277;246;15;253;land;false;plains;1
6278;151;245;191;land;false;hills;1
6279;102;152;249;land;false;hills;1
6280;155;173;192;land;false;forest;1
6281;219;252;191;land;false;plains;1
6282;205;115;245;land;false;hills;1
6283;253;196;208;land;false;hills;1
6284;221;213;168;land;false;forest;1
6285;175;202;131;land;false;forest;1
6286;185;246;128;land;false;mountain;1
6287;146;218;143;land;false;hills;1
6288;116;238;148;land;false;mountain;1
6289;144;233;211;land;true;hills;1
6290;214;229;138;land;false;plains;1
6291;227;197;198;land;false;forest;1
6292;133;189;213;land;false;forest;1
6293;202;118;224;land;false;plains;1
6294;182;167;182;land;false;plains;1
6295;197;147;234;land;true;hills;1
6296;213;160;238;land;false;forest;1
6297;248;40;240;land;false;hills;1
6298;245;60;229;land;false;plains;1
6299;163;195;239;land;false;urban;1
6300;145;214;146;land;false;forest;1
6301;171;89;248;land;false;plains;1
6302;164;245;219;land;true;urban;1
6303;238;182;94;land;false;plains;1
6304;75;222;207;land;false;mountain;1
6305;165;173;219;land;false;forest;1
6306;242;103;215;land;false;forest;1
6307;163;186;179;land;false;mountain;1
6308;204;209;128;land;false;hills;1
6309;223;210;138;land;false;hills;1
6310;153;219;232;land;false;urban;1
6311;118;242;207;land;false;plains;1
6312;239;221;235;land;false;plains;1
6313;190;218;209;land;false;plains;1
6314;190;251;180;land;false;forest;1
6315;246;194;232;land;false;plains;1
6316;142;236;203;land;false;hills;1
6317;126;204;191;land;false;forest;1
6318;197;156;183;land;false;forest;1
6319;212;108;193;land;false;hills;1
6320;226;237;207;land;false;hills;1
6321;204;219;116;land;false;plains;1
6322;120;202;214;land;false;mountain;1
6323;154;166;236;land;true;hills;1
6324;104;197;224;land;false;plains;1
6325;186;169;153;land;false;urban;1
6326;154;215;145;land;false;plains;1
6327;222;235;119;land;false;hills;1
6328;143;174;222;land;true;forest;1
6329;194;117;235;land;false;hills;1
6330;244;93;211;land;false;forest;1
6331;253;202;194;land;false;hills;1
6332;233;145;149;land;true;forest;1
6333;197;168;247;land;false;mountain;1
6334;215;117;193;land;true;urban;1
6335;165;243;205;land;false;forest;1
6336;225;242;81;land;false;mountain;1
6337;211;149;162;land;false;mountain;1
6338;152;235;180;land;false;plains;1
6339;153;251;236;land;false;urban;1
6340;226;183;143;land;false;hills;1
6341;147;243;185;land;false;plains;1
6342;126;226;244;land;false;mountain;1
6343;115;244;221;land;false;forest;1
6344;210;156;210;land;false;forest;1
6345;184;133;193;land;false;hills;1
6346;225;223;123;land;false;mountain;1
6347;148;228;189;land;false;forest;1
6348;236;201;130;land;false;plains;1
6349;249;236;58;land;false;plains;1
6350;214;223;249;land;false;plains;1
6351;251;244;44;land;false;forest;1
6352;174;135;200;land;false;plains;1
6353;230;199;173;land;false;plains;1
6354;206;253;207;land;false;mountain;1
6355;116;245;163;land;false;plains;1
6356;219;156;163;land;false;mountain;1
6357;221;155;248;land;false;forest;1
6358;160;207;216;land;false;forest;1
6359;106;191;204;land;false;forest;1
6360;180;215;211;land;false;forest;1
6361;186;103;254;land;false;forest;1
6362;182;134;198;land;false;forest;1
6363;214;249;115;land;false;plains;1
6364;203;209;226;land;false;forest;1
6365;137;241;225;land;false;plains;1
6366;238;165;209;land;false;urban;1
6367;249;133;229;land;false;mountain;1
6368;101;235;213;land;false;forest;1
6369;224;177;159;land;false;plains;1
6370;204;123;250;land;false;plains;1
6371;193;157;155;land;false;plains;1
6372;150;229;251;land;false;plains;1
6373;209;185;166;land;false;forest;1
6374;238;210;246;land;false;plains;1
6375;176;253;245;land;false;hills;1
6376;164;126;246;land;false;hills;1
6377;184;253;228;land;false;mountain;1
6378;176;188;250;land;false;plains;1
6379;98;249;187;land;true;plains;1
6380;218;135;236;land;false;forest;1
6381;105;187;209;land;false;hills;1
6382;158;250;190;land;false;forest;1
6383;200;233;82;land;false;plains;1
6384;60;233;247;land;false;forest;1
6385;253;221;135;land;false;plains;1
6386;130;233;229;land;false;plains;1
6387;143;222;176;land;false;plains;1
6388;210;228;170;land;true;forest;1
6389;105;247;201;land;false;plains;1
6390;194;219;235;land;false;urban;1
6391;240;211;74;land;false;mountain;1
6392;206;235;162;land;false;forest;1
6393;238;216;92;land;false;plains;1
6394;250;235;174;land;false;hills;1
6395;200;244;93;land;false;forest;1
6396;187;201;234;land;false;plains;1
6397;188;132;198;land;false;plains;1
6398;192;222;227;land;false;plains;1
6399;140;246;187;land;true;hills;1
6400;127;155;235;land;false;plains;1
6401;78;209;248;land;false;plains;1
6402;122;195;236;land;false;forest;1
6403;91;212;209;land;false;plains;1
6404;198;78;245;land;true;urban;1
6405;247;229;245;land;false;plains;1
6406;161;147;215;land;true;plains;1
6407;162;201;152;land;false;hills;1
6408;247;107;149;land;false;plains;1
6409;182;88;251;land;false;hills;1
6410;160;246;169;land;false;plains;1
6411;119;161;234;land;false;forest;1
6412;101;169;251;land;false;plains;1
6413;242;176;108;land;false;forest;1
6414;154;251;210;land;false;hills;1
6415;219;190;216;land;false;plains;1
6416;231;165;246;land;false;forest;1
6417;45;227;236;land;false;plains;1
6418;213;148;169;land;false;hills;1
6419;165;151;241;land;false;urban;1
6420;242;129;239;land;false;plains;1
6421;215;173;174;land;false;forest;1
6422;224;92;199;land;false;forest;1
6423;251;239;254;land;false;forest;1
6424;160;174;229;land;false;hills;1
6425;205;172;202;land;false;forest;1
6426;241;169;99;land;false;urban;1
6427;110;185;248;land;true;forest;1
6428;194;208;241;land;false;hills;1
6429;217;174;206;land;false;plains;1
6430;235;231;206;land;false;forest;1
6431;218;133;166;land;false;plains;1
6432;243;176;166;land;false;hills;1
6433;110;194;252;land;false;mountain;1
6434;237;135;138;land;false;hills;1
6435;147;116;254;land;true;hills;1
6436;166;183;234;land;false;forest;1
6437;245;183;199;land;false;mountain;1
6438;117;179;247;land;false;forest;1
6439;61;234;242;land;false;plains;1
6440;207;248;219;land;false;hills;1
6441;135;173;245;land;false;plains;1
6442;58;229;245;land;false;mountain;1
6443;158;193;243;land;false;forest;1
6444;125;202;201;land;false;forest;1
6445;2;251;251;land;false;urban;1
6446;185;213;237;land;false;plains;1
6447;246;238;90;land;false;plains;1
6448;243;67;227;land;false;plains;1
6449;229;131;200;land;true;plains;1
6450;67;226;231;land;false;plains;1
6451;153;202;205;land;false;hills;1
6452;151;171;182;land;false;hills;1
6453;243;108;242;land;false;plains;1
6454;248;63;244;land;false;hills;1
6455;178;165;254;land;false;plains;1
6456;242;162;230;land;false;forest;1
6457;211;127;211;land;false;mountain;1
6458;147;193;171;land;false;plains;1
6459;215;137;215;land;false;mountain;1
6460;231;108;245;land;false;plains;1
6461;146;224;145;land;false;hills;1
6462;246;245;124;land;false;plains;1
6463;202;249;140;land;false;hills;1
6464;191;230;158;land;false;mountain;1
6465;109;238;188;land;false;forest;1
6466;110;237;224;land;false;plains;1
6467;199;200;212;land;false;forest;1
6468;244;111;240;land;false;plains;1
6469;245;146;179;land;false;plains;1
6470;229;107;246;land;false;plains;1
6471;166;189;225;land;false;plains;1
6472;212;119;190;land;true;plains;1
6473;138;188;216;land;false;forest;1
6474;247;140;226;land;false;urban;1
6475;179;119;227;land;false;forest;1
6476;170;235;131;land;false;urban;1
6477;113;146;252;land;false;plains;1
6478;158;110;234;land;false;plains;1
6479;214;251;206;land;false;hills;1
6480;77;243;248;land;false;forest;1
6481;137;254;111;land;true;urban;1
6482;192;251;238;land;false;forest;1
6483;141;135;242;land;false;mountain;1
6484;172;227;122;land;false;hills;1
6485;150;157;228;land;false;hills;1
6486;198;191;126;land;true;plains;1
6487;170;198;243;land;false;mountain;1
6488;232;174;230;land;false;mountain;1
6489;218;240;116;land;false;hills;1
6490;188;230;90;land;false;hills;1
6491;101;222;208;land;false;hills;1
6492;226;153;203;land;false;hills;1
6493;103;164;253;land;false;forest;1
6494;210;187;222;land;false;plains;1
6495;151;240;142;land;false;mountain;1
6496;98;193;214;land;false;plains;1
6497;144;230;184;land;false;hills;1
6498;241;179;179;land;false;plains;1
6499;182;246;140;land;false;forest;1
6500;238;126;247;land;false;mountain;1
6501;154;203;221;land;false;forest;1
6502;131;222;163;land;false;hills;1
6503;189;177;174;land;false;hills;1
6504;251;138;191;land;false;plains;1
6505;30;248;225;land;false;plains;1
6506;215;122;182;land;false;forest;1
6507;154;212;164;land;true;urban;1
6508;208;163;222;land;false;mountain;1
6509;178;123;253;land;false;forest;1
6510;158;254;144;land;false;plains;1
6511;229;179;178;land;false;forest;1
6512;236;96;206;land;false;plains;1
6513;253;165;137;land;false;plains;1
6514;103;208;215;land;false;hills;1
6515;203;254;123;land;false;hills;1
6516;202;170;236;land;false;forest;1
6517;95;251;184;land;false;mountain;1
6518;221;187;129;land;false;plains;1
6519;185;127;237;land;false;mountain;1
6520;233;85;194;land;false;plains;1
6521;165;126;212;land;false;forest;1
6522;229;184;139;land;false;hills;1
6523;253;113;221;land;false;hills;1
6524;242;193;187;land;false;mountain;1
6525;190;239;226;land;false;urban;1
6526;210;212;135;land;false;hills;1
6527;200;248;199;land;false;plains;1
6528;197;116;206;land;false;plains;1
6529;152;218;181;land;false;forest;1
6530;86;247;234;land;false;plains;1
6531;165;132;219;land;false;plains;1
6532;156;185;226;land;false;forest;1
6533;121;206;232;land;false;plains;1
6534;179;165;187;land;false;plains;1
6535;245;138;198;land;false;plains;1
6536;172;163;206;land;false;hills;1
6537;223;182;229;land;false;mountain;1
6538;237;168;169;land;false;plains;1
6539;71;248;199;land;false;plains;1
6540;192;241;70;land;false;plains;1
6541;158;227;131;land;true;hills;1
6542;199;146;161;land;false;forest;1
6543;213;163;214;land;false;plains;1
6544;194;195;164;land;false;plains;1
6545;173;235;186;land;false;hills;1
6546;224;239;166;land;false;mountain;1
6547;130;248;134;land;false;plains;1
6548;83;225;240;land;false;mountain;1
6549;238;101;180;land;false;hills;1
6550;91;181;237;land;false;urban;1
6551;64;245;230;land;false;plains;1
6552;205;188;143;land;false;forest;1
6553;184;216;156;land;false;hills;1
6554;253;207;66;land;false;plains;1
6555;197;197;248;land;false;forest;1
6556;236;231;88;land;false;forest;1
6557;156;221;175;land;false;plains;1
6558;223;128;243;land;false;plains;1
6559;191;250;211;land;false;urban;1
6560;118;244;168;land;false;plains;1
6561;203;183;213;land;false;plains;1
6562;160;249;212;land;false;hills;1
6563;249;125;220;land;true;urban;1
6564;231;165;190;land;false;plains;1
6565;198;200;230;land;false;forest;1
6566;231;34;243;land;false;mountain;1
6567;221;137;162;land;false;plains;1
6568;237;121;240;land;false;forest;1
6569;235;17;252;land;false;plains;1
6570;246;201;173;land;false;forest;1
6571;205;127;182;land;false;urban;1
6572;235;203;166;land;false;hills;1
6573;61;239;236;land;false;hills;1
6574;212;203;126;land;false;hills;1
6575;180;160;163;land;false;plains;1
6576;87;212;230;land;false;hills;1
6577;160;122;249;land;true;forest;1
6578;178;94;246;land;false;forest;1
6579;191;111;232;land;false;hills;1
6580;206;205;210;land;false;urban;1
6581;249;155;221;land;false;mountain;1
6582;117;198;188;land;false;plains;1
6583;198;120;197;land;true;plains;1
6584;207;238;95;land;false;plains;1
6585;57;250;243;land;false;forest;1
6586;134;185;226;land;false;plains;1
6587;167;214;198;land;false;plains;1
6588;123;204;241;land;false;hills;1
6589;251;36;233;land;true;urban;1
6590;227;146;232;land;false;plains;1
6591;111;180;219;land;false;plains;1
6592;229;134;233;land;false;plains;1
6593;151;159;248;land;false;hills;1
6594;220;237;104;land;false;forest;1
6595;228;242;227;land;false;plains;1
6596;226;183;109;land;false;forest;1
6597;242;59;206;land;false;hills;1
6598;233;247;152;land;false;plains;1
6599;176;190;155;land;false;plains;1
6600;217;239;207;land;false;forest;1
6601;242;251;34;land;false;forest;1
6602;221;183;99;land;false;forest;1
6603;172;179;170;land;false;forest;1
6604;190;202;249;land;false;plains;1
6605;194;209;119;land;false;mountain;1
6606;153;234;181;land;false;plains;1
6607;199;215;234;land;false;forest;1
6608;239;138;135;land;false;plains;1
6609;143;198;225;land;false;plains;1
6610;149;197;202;land;false;forest;1
6611;206;51;244;land;false;mountain;1
6612;229;156;253;land;false;hills;1
6613;252;139;134;land;false;plains;1
6614;246;233;151;land;false;plains;1
6615;155;211;174;land;false;plains;1
6616;168;233;184;land;false;forest;1
6617;170;250;146;land;false;urban;1
6618;209;191;171;land;true;forest;1
6619;249;111;247;land;false;plains;1
6620;139;180;182;land;false;forest;1
6621;154;199;154;land;false;forest;1
6622;209;253;124;land;false;plains;1
6623;243;186;214;land;false;plains;1
6624;249;32;241;land;false;urban;1
6625;63;254;218;land;false;plains;1
6626;126;193;191;land;false;hills;1
6627;248;128;240;land;false;plains;1
6628;41;251;236;land;false;forest;1
6629;251;161;175;land;false;plains;1
6630;231;72;252;land;false;hills;1
6631;157;217;184;land;false;hills;1
6632;222;234;197;land;false;forest;1
6633;237;135;146;land;false;hills;1
6634;228;175;168;land;false;plains;1
6635;194;214;103;land;false;forest;1
6636;230;242;230;land;false;plains;1
6637;247;208;61;land;false;forest;1
6638;90;221;210;land;true;plains;1
6639;118;163;227;land;false;plains;1
6640;198;116;195;land;false;hills;1
6641;116;190;231;land;false;forest;1
6642;254;136;112;land;false;mountain;1
6643;226;153;226;land;false;hills;1
6644;245;238;210;land;false;hills;1
6645;251;39;237;land;false;hills;1
6646;127;244;150;land;false;plains;1
6647;214;208;248;land;false;hills;1
6648;33;244;231;land;false;plains;1
6649;239;132;235;land;false;plains;1
6650;239;251;170;land;false;forest;1
6651;225;199;99;land;false;hills;1
6652;220;97;195;land;false;plains;1
6653;227;183;251;land;true;forest;1
6654;186;241;245;land;false;plains;1
6655;149;204;158;land;false;plains;1
6656;215;196;252;land;true;forest;1
6657;240;217;145;land;false;plains;1
6658;192;185;222;land;false;urban;1
6659;171;234;252;land;false;plains;1
6660;249;109;249;land;false;plains;1
6661;232;170;210;land;false;hills;1
6662;253;147;112;land;false;forest;1
6663;208;180;128;land;false;plains;1
6664;131;164;225;land;false;mountain;1
6665;181;213;141;land;true;plains;1
6666;210;176;178;land;false;plains;1
6667;235;197;131;land;false;hills;1
6668;239;139;200;land;false;hills;1
6669;225;185;101;land;false;plains;1
6670;220;110;226;land;false;plains;1
6671;136;168;230;land;true;forest;1
6672;80;214;219;land;false;plains;1
6673;253;236;159;land;false;hills;1
6674;102;229;193;land;false;plains;1
6675;230;100;214;land;false;forest;1
6676;163;171;245;land;false;plains;1
6677;180;249;133;land;false;hills;1
6678;227;216;102;land;false;plains;1
6679;184;212;170;land;false;plains;1
6680;214;231;66;land;false;forest;1
6681;143;197;224;land;false;plains;1
6682;219;226;151;land;false;plains;1
6683;144;234;216;land;false;plains;1
6684;254;160;216;land;false;plains;1
6685;158;249;213;land;false;forest;1
6686;194;198;219;land;false;plains;1
6687;245;232;149;land;true;plains;1
6688;216;238;197;land;false;forest;1
6689;191;254;105;land;false;plains;1
6690;138;220;212;land;false;forest;1
6691;115;202;208;land;false;hills;1
6692;241;245;104;land;true;plains;1
6693;250;182;77;land;false;urban;1
6694;140;238;230;land;false;mountain;1
6695;122;237;180;land;false;hills;1
6696;158;236;126;land;true;forest;1
6697;244;43;218;land;false;hills;1
6698;187;246;205;land;false;hills;1
6699;226;231;241;land;false;forest;1
6700;244;47;240;land;true;mountain;1
6701;145;225;248;land;false;forest;1
6702;222;224;101;land;false;hills;1
6703;224;79;211;land;false;mountain;1
6704;169;170;204;land;false;forest;1
6705;204;152;218;land;false;forest;1
6706;134;230;155;land;false;forest;1
6707;119;187;217;land;false;forest;1
6708;95;241;249;land;true;plains;1
6709;172;146;206;land;false;plains;1
6710;97;199;252;land;false;hills;1
6711;148;251;219;land;false;forest;1
6712;236;121;194;land;false;forest;1
6713;174;245;237;land;false;forest;1
6714;185;153;182;land;false;plains;1
6715;147;171;199;land;false;plains;1
6716;50;249;253;land;false;forest;1
6717;246;247;202;land;false;hills;1
6718;205;216;111;land;false;plains;1
6719;220;155;127;land;false;plains;1
6720;243;221;165;land;false;hills;1
6721;134;171;200;land;false;plains;1
6722;151;252;151;land;false;plains;1
6723;233;225;140;land;false;plains;1
6724;239;114;219;land;false;plains;1
6725;132;191;235;land;false;hills;1
6726;243;232;254;land;false;hills;1
6727;164;206;207;land;false;plains;1
6728;184;243;205;land;false;hills;1
6729;179;225;120;land;false;plains;1
6730;153;250;178;land;false;plains;1
6731;221;207;128;land;false;forest;1
6732;184;201;233;land;false;plains;1
6733;232;239;45;land;false;forest;1
6734;247;213;108;land;false;plains;1
6735;157;252;175;land;false;plains;1
6736;145;214;251;land;false;plains;1
6737;228;235;181;land;false;plains;1
6738;148;194;223;land;false;forest;1
6739;96;208;203;land;false;plains;1
6740;246;249;243;land;false;forest;1
6741;106;191;230;land;false;forest;1
6742;205;225;96;land;false;hills;1
6743;207;209;146;land;false;forest;1
6744;197;213;178;land;false;plains;1
6745;148;238;242;land;false;plains;1
6746;162;241;178;land;false;forest;1
6747;177;161;178;land;false;urban;1
6748;242;186;249;land;true;plains;1
6749;193;203;124;land;false;plains;1
6750;130;219;240;land;false;forest;1
6751;190;235;159;land;false;hills;1
6752;148;206;169;land;false;urban;1
6753;175;252;132;land;false;hills;1
6754;209;144;170;land;false;plains;1
6755;147;202;156;land;true;forest;1
6756;192;159;189;land;false;hills;1
6757;46;228;236;land;false;forest;1
6758;186;137;243;land;false;hills;1
6759;242;231;110;land;false;forest;1
6760;250;84;232;land;false;forest;1
6761;216;197;182;land;false;forest;1
6762;216;226;66;land;false;plains;1
6763;247;147;211;land;false;forest;1
6764;229;228;72;land;false;urban;1
6765;238;157;118;land;false;plains;1
6766;159;213;165;land;false;forest;1
6767;140;147;227;land;true;forest;1
6768;171;208;179;land;false;mountain;1
6769;169;191;188;land;false;hills;1
6770;111;193;199;land;false;forest;1
6771;250;237;190;land;false;plains;1
6772;230;191;221;land;false;plains;1
6773;225;221;198;land;false;hills;1
6774;212;247;237;land;false;hills;1
6775;222;111;206;land;false;forest;1
6776;150;204;249;land;false;plains;1
6777;162;236;146;land;false;mountain;1
6778;146;245;127;land;false;forest;1
6779;219;235;243;land;false;plains;1
6780;253;187;85;land;false;forest;1
6781;226;212;111;land;false;plains;1
6782;197;144;193;land;false;mountain;1
6783;217;249;113;land;false;plains;1
6784;188;187;149;land;false;urban;1
6785;106;206;244;land;false;forest;1
6786;217;252;183;land;false;urban;1
6787;224;125;222;land;false;hills;1
6788;241;220;186;land;false;hills;1
6789;205;198;197;land;false;mountain;1
6790;145;135;229;land;true;plains;1
6791;254;193;60;land;false;forest;1
6792;249;168;153;land;false;hills;1
6793;203;250;85;land;false;forest;1
6794;254;120;174;land;false;mountain;1
6795;222;207;194;land;false;forest;1
6796;249;53;250;land;false;hills;1
6797;81;222;210;land;false;plains;1
6798;166;204;223;land;false;plains;1
6799;237;106;227;land;false;plains;1
6800;229;248;238;land;false;plains;1
6801;209;235;224;land;false;mountain;1
6802;171;145;240;land;false;hills;1
6803;221;102;232;land;false;hills;1
6804;233;116;177;land;false;forest;1
6805;196;159;185;land;false;hills;1
6806;246;241;59;land;false;plains;1
6807;74;231;210;land;false;hills;1
6808;215;88;239;land;false;plains;1
6809;239;232;213;land;false;forest;1
6810;247;207;222;land;false;forest;1
6811;159;215;145;land;false;hills;1
6812;206;226;129;land;false;forest;1
6813;158;238;146;land;false;plains;1
6814;246;152;216;land;false;plains;1
6815;149;235;251;land;false;plains;1
6816;251;56;224;land;true;hills;1
6817;237;227;191;land;false;plains;1
6818;176;167;176;land;false;plains;1
6819;222;116;171;land;false;plains;1
6820;203;154;241;land;false;mountain;1
6821;55;245;213;land;false;plains;1
6822;223;245;98;land;false;hills;1
6823;147;207;195;land;false;hills;1
6824;230;182;199;land;false;forest;1
6825;191;189;196;land;false;hills;1
6826;197;81;229;land;false;forest;1
6827;224;183;119;land;false;plains;1
6828;177;146;224;land;false;plains;1
6829;147;168;219;land;false;hills;1
6830;170;210;140;land;false;hills;1
6831;249;166;182;land;false;plains;1
6832;135;219;170;land;false;hills;1
6833;225;199;221;land;false;hills;1
6834;200;110;217;land;false;plains;1
6835;175;223;147;land;false;urban;1
6836;152;243;216;land;false;plains;1
6837;166;236;205;land;false;plains;1
6838;205;221;249;land;false;plains;1
6839;184;179;223;land;true;hills;1
6840;57;245;215;land;false;plains;1
6841;92;252;229;land;false;forest;1
6842;109;198;229;land;false;urban;1
6843;232;247;183;land;false;plains;1
6844;110;233;200;land;false;plains;1
6845;157;234;174;land;false;mountain;1
6846;234;82;220;land;false;forest;1
6847;133;203;213;land;false;hills;1
6848;250;108;170;land;false;forest;1
6849;236;241;229;land;false;plains;1
6850;204;138;189;land;false;plains;1
6851;156;192;158;land;false;hills;1
6852;227;212;194;land;false;hills;1
6853;201;159;144;land;false;forest;1
6854;247;105;163;land;false;hills;1
6855;173;252;83;land;false;plains;1
6856;219;254;216;land;true;hills;1
6857;172;249;221;land;false;plains;1
6858;131;160;213;land;false;plains;1
6859;173;200;209;land;false;mountain;1
6860;238;33;242;land;false;forest;1
6861;209;110;236;land;false;mountain;1
6862;106;246;215;land;true;plains;1
6863;158;245;134;land;false;plains;1
6864;252;65;189;land;false;mountain;1
6865;208;211;190;land;false;plains;1
6866;252;189;209;land;false;plains;1
6867;215;99;199;land;false;plains;1
6868;249;235;220;land;false;plains;1
6869;59;215;235;land;false;plains;1
6870;181;124;216;land;false;hills;1
6871;184;237;242;land;false;hills;1
6872;135;164;206;land;false;forest;1
6873;196;224;244;land;false;hills;1
6874;227;85;231;land;false;plains;1
6875;246;128;180;land;false;plains;1
6876;246;94;186;land;false;hills;1
6877;190;182;166;land;false;plains;1
6878;194;238;125;land;false;mountain;1
6879;236;73;231;land;false;hills;1
6880;134;119;250;land;false;mountain;1
6881;238;22;245;land;false;plains;1
6882;163;177;177;land;false;hills;1
6883;250;165;235;land;false;plains;1
6884;190;198;217;land;false;forest;1
6885;87;239;214;land;false;forest;1
6886;96;238;172;land;false;hills;1
6887;154;232;171;land;true;urban;1
6888;241;227;209;land;false;hills;1
6889;223;240;155;land;false;urban;1
6890;236;148;225;land;false;plains;1
6891;162;235;195;land;false;plains;1
6892;113;182;213;land;false;urban;1
6893;130;250;233;land;false;forest;1
6894;251;39;212;land;false;forest;1
6895;234;188;96;land;false;plains;1
6896;73;250;242;land;false;forest;1
6897;247;238;40;land;false;plains;1
6898;246;105;156;land;false;hills;1
6899;238;205;161;land;false;forest;1
6900;245;234;122;land;false;plains;1
6901;149;172;207;land;false;plains;1
6902;221;240;125;land;false;forest;1
6903;249;169;138;land;false;forest;1
6904;206;160;168;land;false;hills;1
6905;245;141;129;land;false;plains;1
6906;216;185;244;land;false;forest;1
6907;215;194;125;land;false;urban;1
6908;228;169;235;land;false;mountain;1
6909;145;252;217;land;false;hills;1
6910;109;204;212;land;false;hills;1
6911;63;244;239;land;false;forest;1
6912;167;105;251;land;false;forest;1
6913;230;209;131;land;false;hills;1
6914;245;151;138;land;false;plains;1
6915;172;248;92;land;false;hills;1
6916;148;155;216;land;false;hills;1
6917;177;207;209;land;false;plains;1
6918;214;98;194;land;false;plains;1
6919;209;204;194;land;false;plains;1
6920;190;99;231;land;false;forest;1
6921;226;89;239;land;false;hills;1
6922;102;154;250;land;false;hills;1
6923;133;227;165;land;false;hills;1
6924;173;190;240;land;false;mountain;1
6925;173;191;233;land;false;hills;1
6926;247;150;183;land;true;plains;1
6927;204;204;174;land;false;hills;1
6928;136;205;182;land;false;forest;1
6929;232;187;194;land;false;hills;1
6930;83;242;200;land;false;forest;1
6931;219;119;199;land;false;forest;1
6932;244;194;151;land;false;hills;1
6933;212;218;155;land;false;mountain;1
6934;123;167;241;land;false;mountain;1
6935;158;156;230;land;false;plains;1
6936;246;230;89;land;false;plains;1
6937;225;119;244;land;false;plains;1
6938;232;189;151;land;false;hills;1
6939;223;203;105;land;false;urban;1
6940;235;203;220;land;false;urban;1
6941;192;140;248;land;false;forest;1
6942;176;232;138;land;false;urban;1
6943;176;165;202;land;false;urban;1
6944;103;222;253;land;false;plains;1
6945;191;173;224;land;false;plains;1
6946;253;162;196;land;false;hills;1
6947;41;220;251;land;false;mountain;1
6948;230;148;252;land;false;plains;1
6949;197;251;120;land;false;forest;1
6950;220;247;38;land;false;urban;1
6951;166;213;124;land;false;hills;1
6952;166;254;188;land;false;hills;1
6953;221;139;202;land;false;hills;1
6954;61;191;253;land;false;forest;1
6955;232;111;232;land;false;plains;1
6956;237;148;119;land;false;hills;1
6957;220;143;179;land;false;plains;1
6958;232;112;163;land;false;forest;1
6959;205;142;222;land;false;forest;1
6960;245;107;231;land;false;mountain;1
6961;193;210;136;land;false;forest;1
6962;163;141;199;land;false;plains;1
6963;251;228;120;land;false;plains;1
6964;221;203;227;land;false;mountain;1
6965;201;203;152;land;false;plains;1
6966;243;230;115;land;false;hills;1
6967;252;32;221;land;false;plains;1
6968;213;162;184;land;false;hills;1
6969;175;190;141;land;false;plains;1
6970;209;221;127;land;false;hills;1
6971;136;250;198;land;false;plains;1
6972;191;195;191;land;false;urban;1
6973;234;201;141;land;false;forest;1
6974;220;165;124;land;false;forest;1
6975;75;238;244;land;false;forest;1
6976;170;162;241;land;false;plains;1
6977;134;246;210;land;false;forest;1
6978;81;192;248;land;false;forest;1
6979;246;169;133;land;false;forest;1
6980;84;250;248;land;false;urban;1
6981;121;154;252;land;false;plains;1
6982;254;218;160;land;false;forest;1
6983;242;130;194;land;false;forest;1
6984;248;194;180;land;false;plains;1
6985;154;115;235;land;false;plains;1
6986;243;154;246;land;false;hills;1
6987;232;152;213;land;false;plains;1
6988;201;159;242;land;false;forest;1
6989;242;144;217;land;false;mountain;1
6990;213;216;194;land;false;plains;1
6991;230;106;242;land;false;plains;1
6992;151;203;249;land;false;forest;1
6993;154;165;207;land;false;forest;1
6994;184;231;238;land;false;hills;1
6995;234;59;254;land;false;mountain;1
6996;50;252;241;land;false;plains;1
6997;134;172;209;land;false;plains;1
6998;243;237;89;land;false;plains;1
6999;105;147;254;land;false;plains;1
7000;164;198;215;land;false;plains;1
7001;133;236;191;land;false;plains;1
7002;207;253;197;land;false;plains;1
7003;218;137;221;land;false;plains;1
7004;212;101;224;land;false;hills;1
7005;195;205;247;land;false;plains;1
7006;235;220;54;land;false;forest;1
7007;240;212;105;land;false;forest;1
7008;153;199;216;land;false;forest;1
7009;234;120;196;land;false;hills;1
7010;233;64;217;land;false;forest;1
7011;233;59;238;land;false;plains;1
7012;173;163;204;land;false;hills;1
7013;222;179;204;land;false;forest;1
7014;240;189;158;land;false;forest;1
7015;68;244;222;land;false;forest;1
7016;96;232;177;land;false;forest;1
7017;239;85;215;land;false;hills;1
7018;195;222;178;land;false;plains;1
7019;113;205;221;land;true;forest;1
7020;220;191;192;land;false;hills;1
7021;240;225;87;land;false;forest;1
7022;225;175;117;land;false;forest;1
7023;233;160;198;land;false;plains;1
7024;179;239;114;land;false;plains;1
7025;232;219;142;land;false;plains;1
7026;130;243;180;land;false;mountain;1
7027;64;222;240;land;false;plains;1
7028;236;60;211;land;false;plains;1
7029;235;235;130;land;false;forest;1
7030;135;132;241;land;false;mountain;1
7031;231;146;133;land;true;plains;1
7032;251;193;210;land;false;forest;1
7033;200;235;142;land;false;mountain;1
7034;240;196;199;land;false;plains;1
7035;174;234;150;land;false;hills;1
7036;96;254;177;land;true;forest;1
7037;245;156;157;land;false;plains;1
7038;217;208;124;land;false;forest;1
7039;135;218;218;land;false;forest;1
7040;147;145;224;land;false;forest;1
7041;178;238;188;land;false;forest;1
7042;185;198;218;land;false;plains;1
7043;240;247;151;land;false;plains;1
7044;158;237;238;land;false;plains;1
7045;215;194;230;land;false;hills;1
7046;107;172;239;land;false;forest;1
7047;253;85;196;land;false;plains;1
7048;190;227;122;land;false;plains;1
7049;142;109;254;land;false;forest;1
7050;253;228;197;land;false;hills;1
7051;235;177;176;land;false;forest;1
7052;195;134;198;land;false;plains;1
7053;202;230;95;land;false;forest;1
7054;125;169;240;land;true;plains;1
7055;197;246;63;land;false;plains;1
7056;193;234;254;land;false;forest;1
7057;214;168;215;land;true;plains;1
7058;217;107;202;land;false;hills;1
7059;200;208;214;land;false;plains;1
7060;232;239;236;land;false;plains;1
7061;181;220;230;land;false;plains;1
7062;204;94;240;land;false;hills;1
7063;200;179;146;land;false;hills;1
7064;241;152;153;land;false;hills;1
7065;182;249;130;land;false;plains;1
7066;249;121;221;land;false;hills;1
7067;157;229;155;land;false;forest;1
7068;161;253;235;land;false;mountain;1
7069;86;204;215;land;false;urban;1
7070;186;240;153;land;false;mountain;1
7071;254;186;65;land;false;forest;1
7072;216;72;245;land;false;forest;1
7073;128;179;220;land;true;forest;1
7074;195;202;233;land;false;forest;1
7075;243;207;110;land;false;plains;1
7076;241;61;248;land;false;plains;1
7077;157;184;180;land;false;urban;1
7078;142;232;244;land;false;plains;1
7079;174;231;184;land;false;plains;1
7080;161;174;204;land;false;plains;1
7081;227;141;183;land;false;plains;1
7082;130;200;180;land;false;forest;1
7083;238;201;216;land;false;hills;1
7084;155;225;244;land;false;forest;1
7085;253;119;206;land;false;plains;1
7086;213;203;151;land;false;hills;1
7087;246;119;141;land;false;plains;1
7088;206;242;113;land;false;mountain;1
7089;94;209;242;land;false;plains;1
7090;192;212;170;land;false;plains;1
7091;99;230;208;land;false;forest;1
7092;226;208;82;land;false;forest;1
7093;217;222;72;land;false;plains;1
7094;224;164;166;land;false;forest;1
7095;52;238;221;land;false;hills;1
7096;154;141;208;land;false;forest;1
7097;108;254;185;land;false;plains;1
7098;186;135;189;land;false;forest;1
7099;252;216;72;land;false;plains;1
7100;226;199;236;land;true;plains;1
7101;209;59;235;land;false;plains;1
7102;219;149;164;land;false;forest;1
7103;185;191;154;land;false;forest;1
7104;72;214;236;land;false;hills;1
7105;171;223;119;land;false;forest;1
7106;224;239;44;land;false;forest;1
7107;205;202;187;land;false;hills;1
7108;234;241;74;land;false;mountain;1
7109;251;202;187;land;false;forest;1
7110;218;98;236;land;false;hills;1
7111;122;175;247;land;false;forest;1
7112;166;176;222;land;false;forest;1
7113;154;175;218;land;false;plains;1
7114;180;247;198;land;false;plains;1
7115;175;249;246;land;false;forest;1
7116;234;143;142;land;false;plains;1
7117;239;102;242;land;false;forest;1
7118;200;240;131;land;false;hills;1
7119;169;161;217;land;false;forest;1
7120;159;118;235;land;true;forest;1
7121;163;129;234;land;false;hills;1
7122;206;119;240;land;false;plains;1
7123;196;189;196;land;false;forest;1
7124;223;91;213;land;false;forest;1
7125;246;158;104;land;false;hills;1
7126;253;232;87;land;false;plains;1
7127;222;197;234;land;false;plains;1
7128;242;128;245;land;false;plains;1
7129;197;200;208;land;false;plains;1
7130;144;149;234;land;false;forest;1
7131;153;243;114;land;false;hills;1
7132;186;168;195;land;false;mountain;1
7133;170;212;129;land;false;forest;1
7134;211;162;189;land;false;plains;1
7135;227;102;196;land;false;mountain;1
7136;155;251;154;land;false;urban;1
7137;254;153;212;land;false;hills;1
7138;139;151;218;land;false;forest;1
7139;127;206;216;land;false;plains;1
7140;245;174;215;land;false;hills;1
7141;216;105;221;land;true;plains;1
7142;195;94;219;land;false;plains;1
7143;251;238;190;land;true;forest;1
7144;252;129;234;land;false;plains;1
7145;222;205;148;land;false;hills;1
7146;113;252;201;land;false;hills;1
7147;178;139;189;land;false;plains;1
7148;254;135;193;land;false;hills;1
7149;198;194;200;land;false;forest;1
7150;239;86;215;land;false;forest;1
7151;182;223;215;land;false;hills;1
7152;158;214;168;land;false;hills;1
7153;167;243;179;land;false;forest;1
7154;251;188;151;land;false;forest;1
7155;130;203;229;land;false;forest;1
7156;181;249;72;land;false;plains;1
7157;164;235;128;land;false;forest;1
7158;210;193;190;land;false;forest;1
7159;179;229;213;land;false;hills;1
7160;244;59;208;land;false;hills;1
7161;226;247;174;land;false;hills;1
7162;208;185;186;land;false;plains;1
7163;238;121;149;land;false;hills;1
7164;121;233;245;land;false;plains;1
7165;146;216;173;land;false;urban;1
7166;145;220;240;land;false;plains;1
7167;114;160;248;land;true;urban;1
7168;243;136;171;land;false;mountain;1
7169;185;142;218;land;false;hills;1
7170;229;65;239;land;false;plains;1
7171;182;204;242;land;false;mountain;1
7172;239;120;247;land;false;urban;1
7173;205;252;78;land;true;hills;1
7174;236;78;203;land;false;plains;1
7175;254;179;237;land;false;plains;1
7176;188;237;195;land;false;mountain;1
7177;160;179;188;land;false;hills;1
7178;205;243;69;land;false;forest;1
7179;212;241;148;land;false;forest;1
7180;221;215;230;land;false;plains;1
7181;107;203;227;land;false;plains;1
7182;234;216;134;land;false;forest;1
7183;190;191;147;land;false;forest;1
7184;151;227;220;land;false;plains;1
7185;184;180;192;land;false;plains;1
7186;220;56;254;land;false;plains;1
7187;83;241;180;land;false;hills;1
7188;106;159;249;land;false;hills;1
7189;233;232;243;land;false;hills;1
7190;240;119;171;land;false;forest;1
7191;237;230;168;land;false;forest;1
7192;238;168;250;land;false;urban;1
7193;217;38;250;land;true;forest;1
7194;225;227;132;land;false;plains;1
7195;227;229;236;land;false;hills;1
7196;243;182;191;land;false;hills;1
7197;170;236;254;land;false;plains;1
7198;243;178;85;land;false;plains;1
7199;210;240;251;land;false;mountain;1
7200;169;212;218;land;false;forest;1
7201;223;93;223;land;false;forest;1
7202;129;242;148;land;false;plains;1
7203;237;178;200;land;false;plains;1
7204;228;206;254;land;false;plains;1
7205;82;237;216;land;false;forest;1
7206;220;235;64;land;false;hills;1
7207;244;139;225;land;false;forest;1
7208;242;231;173;land;false;mountain;1
7209;174;107;228;land;true;urban;1
7210;193;131;200;land;false;plains;1
7211;232;249;56;land;false;plains;1
7212;191;192;164;land;false;forest;1
7213;139;164;200;land;false;plains;1
7214;185;155;188;land;false;mountain;1
7215;211;224;254;land;false;hills;1
7216;207;54;246;land;false;forest;1
7217;213;250;111;land;false;hills;1
7218;191;205;251;land;false;hills;1
7219;253;182;191;land;false;hills;1
7220;236;244;183;land;false;plains;1
7221;247;227;66;land;false;plains;1
7222;188;135;208;land;false;mountain;1
7223;91;209;206;land;false;hills;1
7224;103;190;249;land;false;hills;1
7225;150;241;185;land;false;mountain;1
7226;187;253;156;land;false;forest;1
7227;245;124;189;land;false;hills;1
7228;136;200;247;land;false;forest;1
7229;225;174;250;land;false;plains;1
7230;133;242;205;land;false;hills;1
7231;250;239;94;land;false;forest;1
7232;170;224;129;land;false;plains;1
7233;205;142;211;land;false;forest;1
7234;254;119;204;land;false;hills;1
7235;200;241;151;land;false;hills;1
7236;116;221;195;land;false;mountain;1
7237;184;231;145;land;false;mountain;1
7238;215;187;254;land;false;forest;1
7239;193;91;228;land;false;hills;1
7240;166;203;170;land;false;forest;1
7241;253;181;244;land;true;plains;1
7242;237;91;199;land;false;forest;1
7243;250;87;228;land;false;plains;1
7244;209;207;111;land;true;plains;1
7245;200;179;187;land;false;forest;1
7246;136;140;240;land;false;forest;1
7247;216;112;223;land;false;hills;1
7248;240;150;215;land;false;hills;1
7249;219;182;166;land;true;plains;1
7250;233;119;246;land;false;hills;1
7251;131;244;223;land;false;forest;1
7252;202;114;189;land;false;forest;1
7253;143;179;196;land;true;plains;1
7254;233;252;134;land;false;plains;1
7255;241;127;187;land;false;forest;1
7256;203;198;204;land;false;mountain;1
7257;135;234;252;land;false;plains;1
7258;182;194;140;land;false;forest;1
7259;203;168;217;land;false;plains;1
7260;227;231;150;land;false;hills;1
7261;173;136;208;land;false;plains;1
7262;210;199;173;land;false;forest;1
7263;228;93;182;land;false;plains;1
7264;77;247;225;land;false;forest;1
7265;150;226;205;land;false;mountain;1
7266;224;110;205;land;false;mountain;1
7267;227;103;229;land;false;mountain;1
7268;164;175;195;land;false;plains;1
7269;144;170;201;land;false;hills;1
7270;197;218;247;land;false;forest;1
7271;214;40;252;land;false;plains;1
7272;198;121;219;land;false;hills;1
7273;88;251;189;land;false;forest;1
7274;254;199;184;land;false;hills;1
7275;143;155;252;land;false;plains;1
7276;148;226;216;land;false;hills;1
7277;252;194;101;land;false;plains;1
7278;240;181;213;land;true;plains;1
7279;232;170;184;land;false;plains;1
7280;240;182;237;land;false;mountain;1
7281;123;194;187;land;false;mountain;1
7282;214;158;146;land;false;forest;1
7283;248;8;251;land;false;urban;1
7284;150;151;227;land;false;forest;1
7285;164;166;238;land;false;plains;1
7286;83;254;171;land;false;hills;1
7287;252;152;128;land;false;hills;1
7288;208;95;207;land;false;forest;1
7289;250;175;91;land;false;hills;1
7290;182;254;117;land;false;plains;1
7291;133;197;237;land;false;hills;1
7292;242;196;157;land;false;forest;1
7293;230;148;153;land;false;hills;1
7294;225;239;233;land;false;plains;1
7295;242;177;123;land;false;hills;1
7296;219;121;163;land;false;hills;1
7297;246;133;200;land;false;hills;1
7298;190;251;217;land;false;forest;1
7299;238;210;122;land;false;mountain;1
7300;209;188;179;land;false;plains;1
7301;203;191;188;land;false;plains;1
7302;174;139;233;land;false;plains;1
7303;71;240;223;land;false;plains;1
7304;154;245;253;land;false;mountain;1
7305;98;253;165;land;false;plains;1
7306;124;227;199;land;false;hills;1
7307;235;160;189;land;false;hills;1
7308;237;225;249;land;false;mountain;1
7309;149;104;248;land;false;forest;1
7310;233;179;147;land;false;hills;1
7311;172;178;225;land;false;hills;1
7312;237;227;252;land;false;hills;1
7313;163;124;240;land;false;plains;1
7314;247;251;52;land;false;forest;1
7315;199;122;196;land;false;mountain;1
7316;238;179;166;land;false;plains;1
7317;146;211;188;land;false;forest;1
7318;43;206;253;land;false;forest;1
7319;225;198;173;land;false;plains;1
7320;207;228;214;land;false;hills;1
7321;129;205;222;land;false;plains;1
7322;183;216;137;land;false;forest;1
7323;40;230;236;land;false;hills;1
7324;197;119;204;land;false;forest;1
7325;229;195;240;land;false;forest;1
7326;99;191;232;land;false;mountain;1
7327;217;219;103;land;false;forest;1
7328;165;150;211;land;false;mountain;1
7329;156;215;173;land;false;plains;1
7330;237;254;96;land;false;plains;1
7331;245;149;129;land;false;plains;1
7332;170;178;253;land;false;forest;1
7333;159;214;211;land;false;plains;1
7334;228;95;200;land;true;plains;1
7335;207;237;226;land;false;plains;1
7336;145;240;231;land;false;plains;1
7337;191;209;234;land;false;plains;1
7338;142;148;228;land;false;forest;1
7339;190;205;118;land;false;hills;1
7340;219;98;219;land;true;urban;1
7341;120;158;240;land;false;plains;1
7342;233;214;55;land;false;plains;1
7343;216;243;198;land;false;hills;1
7344;148;252;182;land;false;forest;1
7345;244;148;123;land;false;hills;1
7346;35;251;224;land;false;mountain;1
7347;184;126;220;land;false;plains;1
7348;161;209;143;land;false;mountain;1
7349;106;219;243;land;false;plains;1
7350;189;252;174;land;false;hills;1
7351;250;120;204;land;false;plains;1
7352;212;246;99;land;false;mountain;1
7353;223;194;173;land;false;hills;1
7354;193;182;233;land;false;plains;1
7355;149;195;222;land;false;plains;1
7356;157;240;191;land;false;hills;1
7357;248;215;197;land;false;plains;1
7358;231;210;124;land;false;hills;1
7359;217;146;154;land;false;forest;1
7360;252;171;129;land;false;plains;1
7361;187;145;228;land;true;plains;1
7362;212;133;164;land;false;plains;1
7363;64;248;197;land;false;forest;1
7364;194;230;141;land;false;forest;1
7365;148;125;229;land;false;plains;1
7366;235;159;191;land;false;mountain;1
7367;254;180;210;land;false;plains;1
7368;127;159;226;land;false;plains;1
7369;179;192;210;land;false;plains;1
7370;254;58;202;land;false;hills;1
7371;230;158;241;land;false;forest;1
7372;130;167;220;land;false;mountain;1
7373;244;104;167;land;true;forest;1
7374;234;147;166;land;false;plains;1
7375;249;244;93;land;false;plains;1
7376;226;184;197;land;false;urban;1
7377;186;108;246;land;false;mountain;1
7378;163;240;183;land;false;hills;1
7379;236;102;174;land;true;plains;1
7380;193;192;143;land;false;forest;1
7381;228;45;233;land;true;plains;1
7382;100;186;234;land;false;hills;1
7383;214;179;227;land;false;urban;1
7384;182;174;145;land;false;mountain;1
7385;248;248;5;land;false;plains;1
7386;239;174;129;land;false;hills;1
7387;236;149;253;land;false;hills;1
7388;140;226;243;land;false;plains;1
7389;163;99;248;land;false;forest;1
7390;219;247;190;land;false;plains;1
7391;131;210;166;land;false;forest;1
7392;210;248;72;land;false;plains;1
7393;254;137;216;land;false;mountain;1
7394;249;251;126;land;false;forest;1
7395;232;184;163;land;false;plains;1
7396;222;221;124;land;false;forest;1
7397;174;174;236;land;false;forest;1
7398;171;128;232;land;false;plains;1
7399;39;210;252;land;false;hills;1
7400;200;243;103;land;false;forest;1
7401;254;173;102;land;false;plains;1
7402;251;196;196;land;false;plains;1
7403;169;213;197;land;false;forest;1
7404;201;156;245;land;false;mountain;1
7405;157;212;155;land;false;forest;1
7406;236;142;140;land;false;mountain;1
7407;239;213;79;land;false;plains;1
7408;202;232;194;land;false;hills;1
7409;193;186;224;land;false;plains;1
7410;181;233;102;land;false;hills;1
7411;244;95;232;land;false;plains;1
7412;155;248;245;land;false;forest;1
7413;197;253;217;land;false;forest;1
7414;153;243;166;land;false;plains;1
7415;211;190;250;land;false;forest;1
7416;185;236;240;land;false;plains;1
7417;152;214;147;land;false;mountain;1
7418;151;193;222;land;false;forest;1
7419;238;227;97;land;false;mountain;1
7420;177;187;222;land;false;forest;1
7421;205;104;231;land;true;plains;1
7422;164;141;254;land;false;forest;1
7423;156;242;147;land;false;forest;1
7424;145;230;206;land;false;forest;1
7425;201;249;176;land;false;plains;1
7426;248;175;104;land;false;mountain;1
7427;163;244;158;land;false;forest;1
7428;151;201;208;land;true;urban;1
7429;222;127;233;land;false;mountain;1
7430;188;126;252;land;false;plains;1
7431;120;223;208;land;false;forest;1
7432;240;120;236;land;false;hills;1
7433;216;214;229;land;false;forest;1
7434;181;219;104;land;false;forest;1
7435;216;93;205;land;false;plains;1
7436;228;241;225;land;false;plains;1
7437;211;228;115;land;false;forest;1
7438;217;171;252;land;false;urban;1
7439;86;180;242;land;false;forest;1
7440;196;147;176;land;false;mountain;1
7441;247;175;191;land;false;forest;1
7442;243;253;153;land;false;urban;1
7443;244;79;202;land;false;forest;1
7444;219;126;162;land;true;urban;1
7445;242;241;37;land;false;forest;1
7446;239;88;216;land;false;hills;1
7447;194;138;249;land;false;plains;1
7448;240;48;214;land;false;forest;1
7449;230;177;212;land;false;plains;1
7450;148;150;211;land;false;plains;1
7451;240;87;188;land;false;plains;1
7452;128;160;243;land;false;plains;1
7453;56;237;228;land;false;mountain;1
7454;134;221;191;land;false;plains;1
7455;239;248;49;land;false;plains;1
7456;142;177;185;land;false;plains;1
7457;232;178;104;land;false;plains;1
7458;198;201;177;land;false;hills;1
7459;115;198;212;land;false;hills;1
7460;241;248;183;land;false;urban;1
7461;70;252;191;land;false;plains;1
7462;234;203;215;land;false;forest;1
7463;235;82;231;land;false;forest;1
7464;183;210;247;land;false;urban;1
7465;135;155;243;land;false;plains;1
7466;124;177;213;land;false;plains;1
7467;76;229;215;land;false;plains;1
7468;186;204;222;land;false;urban;1
7469;93;251;203;land;false;plains;1
7470;178;195;135;land;false;forest;1
7471;249;188;193;land;false;plains;1
7472;197;246;219;land;false;forest;1
7473;239;219;209;land;false;plains;1
7474;229;198;139;land;false;hills;1
7475;208;203;214;land;false;plains;1
7476;243;106;181;land;false;mountain;1
7477;232;157;243;land;false;hills;1
7478;159;254;97;land;false;plains;1
7479;216;112;213;land;false;hills;1
7480;237;78;212;land;false;plains;1
7481;220;206;117;land;false;urban;1
7482;220;98;211;land;false;plains;1
7483;240;188;219;land;false;plains;1
7484;134;232;145;land;false;hills;1
7485;248;121;251;land;false;plains;1
7486;224;239;184;land;false;forest;1
7487;115;226;219;land;false;forest;1
7488;137;245;160;land;false;plains;1
7489;165;248;154;land;false;plains;1
7490;201;181;239;land;false;plains;1
7491;142;240;183;land;false;forest;1
7492;149;198;205;land;false;forest;1
7493;203;177;158;land;false;forest;1
7494;249;212;135;land;false;plains;1
7495;97;238;171;land;false;plains;1
7496;223;168;151;land;false;mountain;1
7497;232;62;223;land;false;plains;1
7498;153;119;253;land;false;plains;1
7499;219;208;187;land;false;plains;1
7500;246;41;246;land;false;forest;1
7501;236;135;230;land;false;plains;1
7502;200;120;237;land;false;hills;1
7503;142;241;186;land;false;forest;1
7504;237;253;134;land;false;plains;1
7505;234;116;155;land;false;plains;1
7506;186;175;197;land;false;plains;1
7507;252;218;163;land;false;plains;1
7508;230;107;204;land;false;hills;1
7509;186;123;203;land;false;mountain;1
7510;217;203;123;land;false;hills;1
7511;222;239;163;land;false;plains;1
7512;95;209;233;land;false;forest;1
7513;143;208;229;land;false;plains;1
7514;221;149;230;land;false;mountain;1
7515;128;219;166;land;false;urban;1
7516;235;215;68;land;false;mountain;1
7517;231;159;238;land;false;hills;1
7518;233;129;201;land;false;forest;1
7519;222;194;245;land;false;mountain;1
7520;154;216;146;land;false;plains;1
7521;156;186;225;land;false;forest;1
7522;167;232;147;land;false;plains;1
7523;227;238;155;land;false;forest;1
7524;174;229;100;land;false;hills;1
7525;200;58;251;land;false;forest;1
7526;196;232;143;land;false;forest;1
7527;229;246;98;land;false;plains;1
7528;166;181;250;land;false;plains;1
7529;208;230;73;land;false;plains;1
7530;228;226;145;land;false;forest;1
7531;138;216;247;land;false;mountain;1
7532;211;238;90;land;false;forest;1
7533;146;211;156;land;true;plains;1
7534;115;201;232;land;false;plains;1
7535;176;144;193;land;false;plains;1
7536;119;184;229;land;false;hills;1
7537;128;155;241;land;false;forest;1
7538;69;233;241;land;false;hills;1
7539;162;132;239;land;false;forest;1
7540;174;238;191;land;false;mountain;1
7541;226;254;137;land;false;urban;1
7542;189;237;148;land;false;forest;1
7543;171;233;121;land;false;forest;1
7544;174;191;222;land;false;forest;1
7545;151;244;205;land;false;forest;1
7546;251;81;232;land;false;hills;1
7547;242;203;192;land;false;plains;1
7548;235;46;246;land;false;plains;1
7549;244;66;226;land;false;mountain;1
7550;215;189;166;land;true;forest;1
7551;157;249;210;land;false;hills;1
7552;237;197;247;land;false;plains;1
7553;248;220;176;land;false;plains;1
7554;231;203;148;land;false;hills;1
7555;240;244;180;land;false;forest;1
7556;200;137;203;land;false;plains;1
7557;179;243;206;land;false;hills;1
7558;246;247;239;land;false;hills;1
7559;235;34;245;land;false;forest;1
7560;201;243;131;land;false;forest;1
7561;117;215;190;land;false;urban;1
7562;187;198;246;land;false;plains;1
7563;231;200;99;land;false;forest;1
7564;244;209;182;land;false;forest;1
7565;150;211;156;land;false;plains;1
7566;154;193;191;land;false;hills;1
7567;240;143;228;land;true;urban;1
7568;222;130;248;land;false;forest;1
7569;194;171;173;land;false;mountain;1
7570;116;211;239;land;false;plains;1
7571;188;207;190;land;false;forest;1
7572;197;182;138;land;false;plains;1
7573;88;196;222;land;false;plains;1
7574;79;180;249;land;false;hills;1
7575;251;227;30;land;false;forest;1
7576;151;250;115;land;false;forest;1
7577;82;224;209;land;false;urban;1
7578;131;247;124;land;false;plains;1
7579;142;194;238;land;true;plains;1
7580;234;253;243;land;false;plains;1
7581;195;175;210;land;false;plains;1
7582;215;228;128;land;false;plains;1
7583;145;143;213;land;false;hills;1
7584;248;223;180;land;false;plains;1
7585;163;148;241;land;false;mountain;1
7586;146;212;240;land;false;mountain;1
7587;167;217;253;land;false;mountain;1
7588;129;206;227;land;false;plains;1
7589;231;210;143;land;false;plains;1
7590;154;224;248;land;false;forest;1
7591;174;244;225;land;false;forest;1
7592;85;238;214;land;false;plains;1
7593;211;238;220;land;false;forest;1
7594;146;197;163;land;false;plains;1
7595;228;244;32;land;false;hills;1
7596;25;240;246;land;false;plains;1
7597;253;251;215;land;false;forest;1
7598;247;244;32;land;false;plains;1
7599;51;235;249;land;false;plains;1
7600;198;202;242;land;false;plains;1
7601;210;167;154;land;false;plains;1
7602;246;146;230;land;false;forest;1
7603;217;136;254;land;false;mountain;1
7604;180;209;167;land;false;forest;1
7605;232;217;205;land;false;forest;1
7606;206;215;241;land;false;mountain;1
7607;200;219;236;land;false;plains;1
7608;229;185;163;land;false;forest;1
7609;189;204;224;land;false;hills;1
7610;216;221;73;land;false;hills;1
7611;195;219;130;land;false;mountain;1
7612;218;155;221;land;false;hills;1
7613;162;200;240;land;false;plains;1
7614;184;215;146;land;false;hills;1
7615;230;149;194;land;false;hills;1
7616;243;123;197;land;false;hills;1
7617;145;204;191;land;false;forest;1
7618;212;244;177;land;false;plains;1
7619;141;204;231;land;false;hills;1
7620;214;213;130;land;false;plains;1
7621;146;205;165;land;false;plains;1
7622;222;214;242;land;false;plains;1
7623;191;248;236;land;true;forest;1
7624;217;70;250;land;false;forest;1
7625;221;184;251;land;false;plains;1
7626;254;56;201;land;false;forest;1
7627;254;209;53;land;false;plains;1
7628;222;155;184;land;false;plains;1
7629;215;177;191;land;false;plains;1
7630;202;152;148;land;false;mountain;1
7631;247;218;215;land;false;hills;1
7632;37;217;247;land;false;mountain;1
7633;118;241;147;land;false;plains;1
7634;232;179;139;land;false;urban;1
7635;82;210;252;land;false;plains;1
7636;247;107;204;land;false;forest;1
7637;190;241;80;land;false;forest;1
7638;228;120;235;land;false;hills;1
7639;73;228;215;land;false;forest;1
7640;61;242;246;land;false;plains;1
7641;200;123;195;land;false;plains;1
7642;242;88;239;land;false;plains;1
7643;153;223;243;land;false;hills;1
7644;233;214;74;land;false;plains;1
7645;242;249;217;land;false;hills;1
7646;241;45;237;land;false;hills;1
7647;201;237;125;land;false;plains;1
7648;235;125;195;land;false;hills;1
7649;187;244;186;land;false;plains;1
7650;146;214;207;land;false;plains;1
7651;90;186;236;land;false;plains;1
7652;218;232;175;land;false;forest;1
7653;204;196;114;land;false;forest;1
7654;131;231;213;land;false;plains;1
7655;244;222;77;land;false;plains;1
7656;114;246;226;land;false;hills;1
7657;209;184;144;land;false;mountain;1
7658;217;235;98;land;false;plains;1
7659;244;210;132;land;false;hills;1
7660;249;172;81;land;false;plains;1
7661;237;92;220;land;false;plains;1
7662;123;212;185;land;false;forest;1
7663;207;102;215;land;false;forest;1
7664;218;187;146;land;false;forest;1
7665;168;220;191;land;false;forest;1
7666;176;209;143;land;false;hills;1
7667;202;185;118;land;false;forest;1
7668;196;170;247;land;false;plains;1
7669;238;97;231;land;true;urban;1
7670;199;247;115;land;false;mountain;1
7671;216;215;120;land;false;plains;1
7672;241;113;232;land;false;forest;1
7673;56;250;239;land;false;forest;1
7674;200;171;186;land;false;forest;1
7675;232;219;56;land;false;mountain;1
7676;231;168;141;land;false;forest;1
7677;224;209;193;land;false;plains;1
7678;250;203;252;land;false;forest;1
7679;230;168;114;land;false;plains;1
7680;156;192;248;land;false;plains;1
7681;169;200;235;land;false;plains;1
7682;143;204;217;land;false;plains;1
7683;221;78;211;land;false;forest;1
7684;101;202;238;land;false;plains;1
7685;115;204;236;land;false;plains;1
7686;222;213;173;land;false;forest;1
7687;215;204;108;land;false;forest;1
7688;243;200;130;land;false;plains;1
7689;227;247;252;land;false;hills;1
7690;196;67;251;land;false;hills;1
7691;178;189;216;land;false;hills;1
7692;205;156;233;land;false;forest;1
7693;41;242;225;land;false;urban;1
7694;216;79;220;land;false;forest;1
7695;193;241;135;land;false;plains;1
7696;159;206;215;land;false;mountain;1
7697;193;204;174;land;false;mountain;1
7698;76;235;218;land;false;hills;1
7699;132;204;250;land;false;forest;1
7700;242;118;185;land;false;plains;1
7701;191;232;235;land;false;plains;1
7702;205;125;252;land;false;plains;1
7703;79;220;251;land;false;plains;1
7704;200;185;223;land;false;plains;1
7705;233;143;145;land;false;hills;1
7706;193;155;201;land;false;plains;1
7707;88;230;247;land;false;forest;1
7708;173;147;205;land;false;mountain;1
7709;211;233;76;land;false;forest;1
7710;236;131;179;land;false;plains;1
7711;191;143;240;land;false;plains;1
7712;254;200;92;land;false;plains;1
7713;165;220;214;land;true;urban;1
7714;244;211;210;land;false;plains;1
7715;188;91;226;land;false;plains;1
7716;252;118;171;land;false;plains;1
7717;70;241;252;land;false;forest;1
7718;243;243;233;land;false;plains;1
7719;189;138;229;land;false;hills;1
7720;187;122;242;land;false;urban;1
7721;143;253;250;land;false;forest;1
7722;218;134;182;land;false;hills;1
7723;40;240;244;land;false;plains;1
7724;242;229;175;land;false;mountain;1
7725;207;233;106;land;false;hills;1
7726;137;183;186;land;true;forest;1
7727;136;254;167;land;false;forest;1
7728;134;204;227;land;false;hills;1
7729;218;244;219;land;false;plains;1
7730;194;242;195;land;false;plains;1
7731;220;153;193;land;false;forest;1
7732;199;230;237;land;true;urban;1
7733;240;182;114;land;false;forest;1
7734;243;205;249;land;false;urban;1
7735;55;248;233;land;false;forest;1
7736;216;254;128;land;false;plains;1
7737;229;125;154;land;false;plains;1
7738;202;208;228;land;false;mountain;1
7739;242;248;178;land;false;hills;1
7740;205;85;223;land;false;plains;1
7741;217;165;169;land;false;forest;1
7742;210;108;225;land;false;plains;1
7743;230;190;215;land;false;forest;1
7744;253;55;235;land;false;hills;1
7745;93;246;171;land;false;hills;1
7746;158;254;107;land;true;forest;1
7747;153;203;179;land;false;forest;1
7748;254;171;192;land;false;plains;1
7749;199;195;175;land;false;plains;1
7750;181;81;250;land;false;plains;1
7751;188;168;231;land;true;plains;1
7752;176;193;213;land;false;mountain;1
7753;250;184;190;land;false;forest;1
7754;197;213;96;land;false;plains;1
7755;249;238;40;land;false;forest;1
7756;132;242;249;land;false;hills;1
7757;186;232;181;land;false;plains;1
7758;151;172;252;land;false;hills;1
7759;244;230;145;land;false;forest;1
7760;246;250;130;land;false;plains;1
7761;210;135;178;land;false;urban;1
7762;156;248;100;land;false;forest;1
7763;156;186;171;land;false;forest;1
7764;180;230;181;land;false;forest;1
7765;245;159;196;land;false;mountain;1
7766;201;132;239;land;false;hills;1
7767;176;224;154;land;false;urban;1
7768;236;141;170;land;false;forest;1
7769;253;201;221;land;false;hills;1
7770;248;225;240;land;false;hills;1
7771;195;234;73;land;false;plains;1
7772;188;156;221;land;false;plains;1
7773;220;233;129;land;true;forest;1
7774;97;212;222;land;false;plains;1
7775;197;233;218;land;false;hills;1
7776;184;87;245;land;false;forest;1
7777;192;76;236;land;false;mountain;1
7778;166;103;241;land;false;forest;1
7779;218;239;185;land;false;plains;1
7780;138;234;161;land;false;plains;1
7781;166;164;215;land;false;hills;1
7782;151;239;198;land;false;forest;1
7783;218;215;112;land;false;forest;1
7784;216;109;250;land;false;plains;1
7785;233;222;239;land;false;hills;1
7786;165;166;186;land;false;plains;1
7787;251;143;239;land;false;urban;1
7788;55;197;253;land;false;hills;1
7789;171;103;254;land;false;hills;1
7790;145;163;194;land;false;forest;1
7791;144;208;200;land;false;plains;1
7792;232;163;156;land;false;mountain;1
7793;190;252;209;land;false;forest;1
7794;253;229;132;land;false;plains;1
7795;135;239;162;land;false;forest;1
7796;154;155;252;land;false;hills;1
7797;199;76;231;land;false;plains;1
7798;203;122;219;land;false;hills;1
7799;252;137;152;land;false;forest;1
7800;119;209;250;land;false;hills;1
7801;225;227;147;land;false;mountain;1
7802;227;252;253;land;false;forest;1
7803;229;180;193;land;false;hills;1
7804;170;212;245;land;true;plains;1
7805;132;242;139;land;false;forest;1
7806;252;252;246;land;false;plains;1
7807;218;178;242;land;false;mountain;1
7808;155;205;143;land;false;mountain;1
7809;107;179;228;land;false;mountain;1
7810;204;167;205;land;false;hills;1
7811;58;215;243;land;false;forest;1
7812;204;166;196;land;false;urban;1
7813;225;243;78;land;false;hills;1
7814;199;252;147;land;false;plains;1
7815;211;225;207;land;false;hills;1
7816;224;239;140;land;false;plains;1
7817;72;243;189;land;false;forest;1
7818;82;224;214;land;false;forest;1
7819;245;185;184;land;false;plains;1
7820;179;197;132;land;false;plains;1
7821;214;67;242;land;false;forest;1
7822;251;214;135;land;false;urban;1
7823;177;217;243;land;false;plains;1
7824;194;208;197;land;false;forest;1
7825;65;190;253;land;false;hills;1
7826;214;167;224;land;true;urban;1
7827;161;244;205;land;false;forest;1
7828;175;197;154;land;false;hills;1
7829;156;218;236;land;false;forest;1
7830;251;169;251;land;false;urban;1
7831;236;123;208;land;false;plains;1
7832;222;156;144;land;true;plains;1
7833;112;148;245;land;false;forest;1
7834;232;200;201;land;false;plains;1
7835;208;150;176;land;true;forest;1
7836;207;166;205;land;false;hills;1
7837;227;233;118;land;false;hills;1
7838;166;198;157;land;false;forest;1
7839;224;169;136;land;false;hills;1
7840;220;192;165;land;false;plains;1
7841;244;59;213;land;false;urban;1
7842;198;110;229;land;true;plains;1
7843;134;209;180;land;false;urban;1
7844;248;206;207;land;false;hills;1
7845;222;153;143;land;false;plains;1
7846;243;187;154;land;false;mountain;1
7847;212;204;204;land;false;forest;1
7848;216;216;174;land;false;plains;1
7849;110;252;217;land;false;hills;1
7850;163;162;242;land;false;plains;1
7851;230;201;115;land;false;urban;1
7852;238;239;57;land;false;forest;1
7853;251;190;117;land;true;urban;1
7854;239;230;200;land;false;hills;1
7855;248;211;82;land;false;mountain;1
7856;140;195;203;land;false;mountain;1
7857;128;221;235;land;false;hills;1
7858;132;220;216;land;false;hills;1
7859;233;71;222;land;false;mountain;1
7860;55;251;210;land;false;plains;1
7861;167;216;180;land;false;plains;1
7862;244;245;140;land;false;forest;1
7863;238;242;159;land;false;plains;1
7864;188;233;140;land;false;plains;1
7865;206;179;248;land;false;plains;1
7866;238;104;234;land;false;forest;1
7867;220;234;119;land;false;plains;1
7868;116;206;182;land;false;plains;1
7869;97;179;253;land;false;mountain;1
7870;147;220;172;land;false;forest;1
7871;213;46;250;land;false;forest;1
7872;211;199;192;land;false;forest;1
7873;234;107;185;land;false;plains;1
7874;177;246;112;land;false;hills;1
7875;196;119;221;land;false;forest;1
7876;244;201;60;land;false;plains;1
7877;226;81;242;land;false;forest;1
7878;217;221;153;land;false;plains;1
7879;212;116;242;land;false;urban;1
7880;200;162;169;land;false;forest;1
7881;245;250;134;land;false;plains;1
7882;157;253;143;land;false;plains;1
7883;197;240;124;land;false;hills;1
7884;30;250;247;land;false;plains;1
7885;178;229;112;land;false;mountain;1
7886;119;157;245;land;false;plains;1
7887;137;236;135;land;false;hills;1
7888;205;171;165;land;false;hills;1
7889;160;192;168;land;false;forest;1
7890;227;252;168;land;false;plains;1
7891;126;245;154;land;false;mountain;1
7892;80;253;170;land;false;plains;1
7893;99;222;196;land;false;forest;1
7894;174;204;224;land;false;hills;1
7895;195;166;154;land;false;plains;1
7896;248;137;172;land;false;forest;1
7897;185;157;169;land;false;plains;1
7898;126;191;234;land;true;forest;1
7899;254;243;161;land;false;forest;1
7900;210;245;66;land;false;forest;1
7901;75;209;224;land;false;hills;1
7902;212;239;81;land;false;forest;1
7903;157;250;103;land;false;hills;1
7904;198;249;124;land;false;plains;1
7905;209;252;252;land;false;hills;1
7906;202;55;253;land;false;plains;1
7907;254;148;155;land;false;mountain;1
7908;119;244;230;land;false;forest;1
7909;131;163;223;land;false;plains;1
7910;216;226;94;land;false;mountain;1
7911;248;209;237;land;false;forest;1
7912;200;168;253;land;true;plains;1
7913;178;143;185;land;false;hills;1
7914;106;252;195;land;false;plains;1
7915;66;198;239;land;false;mountain;1
7916;248;221;34;land;true;urban;1
7917;174;170;250;land;false;forest;1
7918;252;84;179;land;false;hills;1
7919;223;216;108;land;false;plains;1
7920;183;248;122;land;false;forest;1
7921;246;226;217;land;false;mountain;1
7922;248;180;124;land;false;forest;1
7923;243;202;226;land;false;forest;1
7924;245;51;231;land;false;forest;1
7925;250;240;184;land;false;plains;1
7926;121;240;177;land;false;hills;1
7927;187;110;230;land;false;forest;1
7928;250;179;101;land;false;mountain;1
7929;240;207;209;land;false;plains;1
7930;109;203;214;land;false;plains;1
7931;104;179;242;land;false;plains;1
7932;194;188;188;land;false;hills;1
7933;166;187;190;land;false;urban;1
7934;228;178;104;land;true;hills;1
7935;196;235;118;land;false;hills;1
7936;251;209;189;land;false;plains;1
7937;245;198;203;land;false;hills;1
7938;134;234;251;land;false;plains;1
7939;210;115;214;land;false;mountain;1
7940;170;206;235;land;false;forest;1
7941;237;222;46;land;false;plains;1
7942;250;82;217;land;false;forest;1
7943;213;203;110;land;false;forest;1
7944;172;242;191;land;false;plains;1
7945;181;152;175;land;false;plains;1
7946;150;245;237;land;false;mountain;1
7947;175;212;223;land;false;plains;1
7948;204;189;154;land;false;hills;1
7949;147;133;235;land;false;plains;1
7950;221;217;150;land;false;plains;1
7951;166;202;137;land;false;hills;1
7952;117;223;205;land;false;plains;1
7953;57;247;227;land;false;plains;1
7954;213;226;191;land;false;plains;1
7955;194;212;224;land;false;plains;1
7956;253;156;220;land;false;forest;1
7957;224;138;199;land;true;plains;1
7958;209;161;133;land;false;forest;1
7959;212;217;75;land;false;forest;1
7960;231;158;143;land;false;plains;1
7961;171;223;112;land;false;hills;1
7962;182;225;244;land;false;plains;1
7963;214;108;182;land;false;hills;1
7964;135;169;220;land;false;hills;1
7965;224;232;155;land;false;hills;1
7966;219;241;172;land;false;hills;1
7967;178;224;161;land;false;mountain;1
7968;121;251;233;land;false;hills;1
7969;40;253;227;land;false;plains;1
7970;228;197;123;land;false;mountain;1
7971;252;83;212;land;false;mountain;1
7972;181;242;140;land;false;plains;1
7973;226;193;204;land;false;forest;1
7974;120;217;237;land;false;plains;1
7975;113;204;230;land;false;forest;1
7976;212;138;253;land;false;forest;1
7977;211;128;228;land;false;forest;1
7978;125;153;252;land;false;forest;1
7979;143;232;155;land;true;hills;1
7980;245;252;109;land;false;hills;1
7981;188;78;253;land;false;plains;1
7982;219;231;56;land;false;plains;1
7983;160;222;168;land;false;forest;1
7984;174;231;171;land;false;urban;1
7985;249;137;235;land;false;mountain;1
7986;142;128;246;land;false;plains;1
7987;127;228;196;land;false;hills;1
7988;119;196;223;land;false;forest;1
7989;156;174;223;land;false;forest;1
7990;252;247;78;land;false;mountain;1
7991;243;185;90;land;false;forest;1
7992;160;168;213;land;false;urban;1
7993;158;171;175;land;false;forest;1
7994;230;127;187;land;false;plains;1
7995;208;222;149;land;false;plains;1
7996;59;253;226;land;false;hills;1
7997;235;111;156;land;false;plains;1
7998;225;169;252;land;false;plains;1
7999;154;254;97;land;false;mountain;1
8000;17;247;245;land;false;forest;1
8001;206;199;124;land;true;plains;1
8002;96;216;194;land;false;hills;1
8003;232;68;202;land;false;plains;1
8004;244;187;132;land;false;forest;1
8005;218;80;245;land;false;plains;1
8006;93;196;225;land;false;plains;1
8007;185;216;168;land;false;plains;1
8008;196;185;197;land;false;forest;1
8009;254;191;135;land;false;forest;1
8010;231;179;190;land;false;hills;1
8011;153;109;251;land;true;urban;1
8012;126;241;252;land;false;plains;1
8013;190;165;198;land;false;plains;1
8014;238;125;169;land;false;plains;1
8015;134;191;195;land;false;plains;1
8016;220;179;193;land;false;plains;1
8017;56;231;239;land;false;hills;1
8018;248;149;132;land;false;plains;1
8019;225;144;242;land;false;hills;1
8020;168;192;252;land;false;hills;1
8021;210;66;247;land;false;plains;1
8022;200;66;237;land;false;plains;1
8023;214;156;207;land;true;plains;1
8024;232;87;229;land;true;forest;1
8025;175;246;214;land;false;plains;1
8026;237;191;185;land;false;plains;1
8027;254;251;225;land;false;plains;1
8028;254;200;172;land;false;forest;1
8029;195;205;234;land;true;plains;1
8030;239;115;223;land;false;forest;1
8031;235;119;195;land;false;forest;1
8032;148;197;184;land;false;forest;1
8033;224;111;192;land;false;hills;1
8034;136;174;202;land;false;forest;1
8035;203;253;65;land;false;hills;1
8036;251;174;127;land;false;urban;1
8037;196;214;208;land;false;hills;1
8038;195;252;165;land;false;plains;1
8039;183;131;232;land;false;hills;1
8040;245;91;188;land;false;hills;1
8041;243;204;155;land;false;urban;1
8042;155;158;217;land;false;forest;1
8043;33;248;244;land;false;forest;1
8044;162;137;225;land;false;forest;1
8045;146;177;222;land;false;forest;1
8046;247;173;252;land;false;forest;1
8047;143;211;216;land;false;plains;1
8048;247;116;147;land;true;plains;1
8049;95;192;226;land;false;plains;1
8050;138;145;241;land;false;plains;1
8051;230;209;210;land;false;plains;1
8052;230;127;195;land;false;plains;1
8053;235;213;161;land;false;hills;1
8054;221;172;194;land;false;forest;1
8055;243;23;249;land;false;plains;1
8056;172;219;150;land;false;plains;1
8057;172;202;129;land;false;mountain;1
8058;209;182;117;land;false;plains;1
8059;244;196;132;land;true;plains;1
8060;211;141;225;land;false;hills;1
8061;205;200;154;land;false;forest;1
8062;164;231;203;land;false;plains;1
8063;250;253;237;land;false;plains;1
8064;248;213;110;land;false;forest;1
8065;165;216;235;land;false;plains;1
8066;154;203;186;land;false;plains;1
8067;189;208;197;land;false;mountain;1
8068;248;121;193;land;false;hills;1
8069;92;210;218;land;false;plains;1
8070;164;105;240;land;false;hills;1
8071;122;148;249;land;false;forest;1
8072;182;215;241;land;false;mountain;1
8073;207;191;220;land;false;plains;1
8074;108;196;247;land;false;hills;1
8075;176;176;240;land;false;mountain;1
8076;164;242;167;land;false;plains;1
8077;190;249;135;land;false;forest;1
8078;225;94;216;land;false;forest;1
8079;233;253;114;land;false;hills;1
8080;238;225;220;land;false;hills;1
8081;162;213;127;land;false;hills;1
8082;245;213;116;land;false;forest;1
8083;224;114;200;land;false;hills;1
8084;133;229;232;land;false;forest;1
8085;92;250;222;land;false;plains;1
8086;64;247;247;land;false;plains;1
8087;206;199;241;land;false;hills;1
8088;178;209;126;land;true;forest;1
8089;184;135;200;land;false;forest;1
8090;236;130;197;land;false;hills;1
8091;128;198;222;land;false;plains;1
8092;144;206;175;land;false;hills;1
8093;137;253;116;land;false;hills;1
8094;244;166;245;land;false;plains;1
8095;212;121;208;land;false;plains;1
8096;186;180;193;land;false;forest;1
8097;186;225;245;land;false;plains;1
8098;250;183;190;land;false;forest;1
8099;117;205;203;land;false;plains;1
8100;223;217;156;land;false;plains;1
8101;218;154;241;land;false;forest;1
8102;218;219;68;land;false;hills;1
8103;230;213;187;land;false;mountain;1
8104;219;241;67;land;false;forest;1
8105;193;215;184;land;false;hills;1
8106;193;195;253;land;false;forest;1
8107;242;181;113;land;false;plains;1
8108;158;252;234;land;false;plains;1
8109;228;219;169;land;false;plains;1
8110;238;237;69;land;false;forest;1
8111;94;214;207;land;false;plains;1
8112;248;221;251;land;false;plains;1
8113;112;244;214;land;false;plains;1
8114;152;245;222;land;false;plains;1
8115;248;150;160;land;true;forest;1
8116;216;222;119;land;false;plains;1
8117;219;140;179;land;false;urban;1
8118;47;220;244;land;false;forest;1
8119;252;245;33;land;false;urban;1
8120;167;190;160;land;false;forest;1
8121;235;74;194;land;false;forest;1
8122;249;236;89;land;false;plains;1
8123;152;244;182;land;false;hills;1
8124;200;224;111;land;false;plains;1
8125;249;156;224;land;false;plains;1
8126;191;234;130;land;false;forest;1
8127;108;223;220;land;false;urban;1
8128;195;157;158;land;false;hills;1
8129;154;193;160;land;false;forest;1
8130;120;234;161;land;false;plains;1
8131;238;150;244;land;false;plains;1
8132;163;196;148;land;false;forest;1
8133;129;168;211;land;false;plains;1
8134;171;236;177;land;false;plains;1
8135;130;239;161;land;false;plains;1
8136;238;155;248;land;false;plains;1
8137;174;217;129;land;false;mountain;1
8138;103;226;178;land;false;plains;1
8139;179;217;236;land;false;forest;1
8140;198;238;100;land;true;plains;1
8141;95;172;245;land;true;urban;1
8142;239;104;241;land;false;plains;1
8143;110;206;199;land;false;hills;1
8144;159;169;206;land;true;hills;1
8145;166;220;120;land;false;plains;1
8146;185;197;193;land;false;forest;1
8147;247;235;178;land;false;forest;1
8148;121;199;245;land;false;plains;1
8149;171;250;207;land;false;urban;1
8150;192;211;237;land;false;plains;1
8151;213;160;159;land;false;plains;1
8152;145;219;245;land;false;plains;1
8153;251;136;154;land;false;hills;1
8154;199;214;249;land;false;plains;1
8155;225;254;96;land;false;plains;1
8156;213;240;250;land;false;forest;1
8157;210;179;214;land;false;forest;1
8158;226;220;72;land;false;hills;1
8159;148;185;226;land;false;hills;1
8160;218;140;199;land;false;plains;1
8161;209;231;225;land;false;hills;1
8162;208;232;114;land;false;urban;1
8163;253;116;240;land;true;plains;1
8164;202;162;211;land;false;mountain;1
8165;185;225;94;land;false;mountain;1
8166;153;212;201;land;false;hills;1
8167;247;122;158;land;false;plains;1
8168;219;181;243;land;false;hills;1
8169;252;154;237;land;false;plains;1
8170;127;211;212;land;false;plains;1
8171;252;110;227;land;true;plains;1
8172;61;241;207;land;false;plains;1
8173;250;43;234;land;false;mountain;1
8174;228;190;103;land;false;plains;1
8175;228;227;90;land;false;plains;1
8176;138;207;187;land;false;plains;1
8177;246;183;117;land;false;plains;1
8178;171;144;194;land;false;hills;1
8179;130;158;249;land;false;forest;1
8180;210;195;113;land;false;urban;1
8181;247;58;197;land;false;forest;1
8182;178;249;82;land;false;forest;1
8183;231;227;204;land;false;forest;1
8184;138;211;207;land;false;hills;1
8185;43;235;249;land;false;hills;1
8186;188;150;229;land;false;plains;1
8187;237;148;243;land;false;forest;1
8188;103;248;233;land;false;forest;1
8189;239;131;244;land;true;plains;1
8190;207;210;148;land;false;forest;1
8191;204;172;141;land;false;mountain;1
8192;217;95;199;land;false;plains;1
8193;216;135;243;land;false;hills;1
8194;222;235;96;land;false;plains;1
8195;205;181;169;land;false;forest;1
8196;252;87;189;land;false;hills;1
8197;215;196;108;land;false;forest;1
8198;215;230;184;land;false;urban;1
8199;65;241;253;land;false;plains;1
8200;128;232;236;land;false;urban;1
8201;208;250;84;land;false;hills;1
8202;224;204;97;land;false;forest;1
8203;33;250;238;land;false;forest;1
8204;217;182;237;land;false;plains;1
8205;241;229;70;land;false;urban;1
8206;224;43;247;land;false;plains;1
8207;193;253;212;land;false;hills;1
8208;180;225;98;land;false;plains;1
8209;229;209;173;land;false;forest;1
8210;252;164;182;land;false;hills;1
8211;123;236;154;land;true;forest;1
8212;206;217;96;land;false;forest;1
8213;104;241;193;land;false;plains;1
8214;186;115;230;land;false;forest;1
8215;244;47;210;land;false;hills;1
8216;204;242;220;land;false;mountain;1
8217;105;240;195;land;false;plains;1
8218;215;227;241;land;false;mountain;1
8219;96;231;238;land;false;mountain;1
8220;133;154;251;land;false;mountain;1
8221;135;248;158;land;false;plains;1
8222;141;201;219;land;false;plains;1
8223;212;228;215;land;false;hills;1
8224;171;247;139;land;false;forest;1
8225;220;97;190;land;false;hills;1
8226;124;199;212;land;false;plains;1
8227;191;214;139;land;false;plains;1
8228;184;169;208;land;false;mountain;1
8229;135;188;218;land;false;plains;1
8230;118;235;248;land;false;mountain;1
8231;177;207;134;land;false;forest;1
8232;227;202;208;land;false;hills;1
8233;133;195;252;land;false;forest;1
8234;144;168;189;land;false;forest;1
8235;221;237;204;land;false;forest;1
8236;120;175;225;land;false;urban;1
8237;190;135;204;land;false;hills;1
8238;193;245;217;land;false;hills;1
8239;79;245;199;land;false;forest;1
8240;91;223;216;land;false;plains;1
8241;174;144;206;land;false;hills;1
8242;224;158;188;land;false;forest;1
8243;175;245;199;land;false;plains;1
8244;147;197;246;land;false;urban;1
8245;240;231;55;land;true;plains;1
8246;226;120;251;land;false;plains;1
8247;69;248;199;land;false;plains;1
8248;225;194;121;land;false;plains;1
8249;237;205;180;land;false;forest;1
8250;245;106;247;land;false;forest;1
8251;81;249;246;land;false;forest;1
8252;239;104;252;land;false;hills;1
8253;246;167;141;land;false;plains;1
8254;141;202;158;land;false;forest;1
8255;228;246;213;land;false;forest;1
8256;198;234;96;land;false;forest;1
8257;226;173;119;land;false;mountain;1
8258;227;128;181;land;false;forest;1
8259;226;242;216;land;false;plains;1
8260;162;218;155;land;false;plains;1
8261;215;214;122;land;false;plains;1
8262;117;216;225;land;false;mountain;1
8263;204;228;112;land;false;plains;1
8264;114;244;161;land;false;urban;1
8265;148;234;190;land;false;urban;1
8266;196;201;160;land;false;forest;1
8267;243;250;64;land;false;plains;1
8268;234;56;241;land;false;hills;1
8269;233;239;157;land;false;plains;1
8270;235;208;197;land;false;hills;1
8271;202;191;135;land;false;forest;1
8272;40;221;245;land;false;forest;1
8273;210;144;173;land;false;hills;1
8274;212;203;90;land;false;hills;1
8275;214;234;118;land;false;hills;1
8276;169;139;240;land;false;hills;1
8277;158;208;201;land;false;plains;1
8278;117;201;234;land;false;mountain;1
8279;234;166;188;land;false;urban;1
8280;154;227;232;land;false;plains;1
8281;249;161;221;land;false;plains;1
8282;241;219;233;land;false;forest;1
8283;191;240;157;land;false;hills;1
8284;131;206;194;land;false;urban;1
8285;170;173;193;land;false;plains;1
8286;212;239;157;land;false;forest;1
8287;211;179;116;land;false;plains;1
8288;139;167;239;land;false;mountain;1
8289;141;206;198;land;false;urban;1
8290;192;121;222;land;false;mountain;1
8291;212;246;156;land;false;plains;1
8292;50;254;211;land;false;plains;1
8293;228;148;158;land;false;plains;1
8294;223;252;162;land;false;mountain;1
8295;212;118;217;land;false;plains;1
8296;72;244;236;land;false;plains;1
8297;251;100;162;land;false;plains;1
8298;241;252;187;land;false;hills;1
8299;232;247;254;land;false;plains;1
8300;210;232;182;land;false;plains;1
8301;206;182;198;land;false;forest;1
8302;160;214;130;land;false;forest;1
8303;166;239;212;land;false;plains;1
8304;231;34;245;land;false;hills;1
8305;233;104;235;land;false;plains;1
8306;195;251;234;land;false;plains;1
8307;151;122;244;land;false;forest;1
8308;217;137;231;land;false;hills;1
8309;209;170;186;land;false;mountain;1
8310;189;219;224;land;false;forest;1
8311;165;122;234;land;false;plains;1
8312;254;108;209;land;false;plains;1
8313;166;198;205;land;false;urban;1
8314;243;132;131;land;false;mountain;1
8315;152;244;251;land;false;mountain;1
8316;244;232;26;land;false;plains;1
8317;199;198;239;land;false;hills;1
8318;237;153;245;land;false;urban;1
8319;215;236;170;land;false;forest;1
8320;129;198;206;land;false;hills;1
8321;229;73;218;land;false;hills;1
8322;246;179;155;land;false;urban;1
8323;242;129;193;land;false;plains;1
8324;210;188;196;land;false;hills;1
8325;175;137;196;land;false;hills;1
8326;227;192;233;land;false;mountain;1
8327;30;254;222;land;false;plains;1
8328;194;132;252;land;false;plains;1
8329;235;123;146;land;false;urban;1
8330;131;230;168;land;false;mountain;1
8331;172;200;245;land;false;forest;1
8332;185;238;110;land;false;mountain;1
8333;213;196;119;land;false;plains;1
8334;230;166;254;land;true;forest;1
8335;245;138;240;land;false;plains;1
8336;166;234;113;land;false;forest;1
8337;241;113;156;land;false;plains;1
8338;175;79;254;land;false;plains;1
8339;238;161;153;land;false;forest;1
8340;218;211;210;land;false;forest;1
8341;167;204;197;land;false;forest;1
8342;242;241;202;land;false;plains;1
8343;218;202;113;land;false;forest;1
8344;178;136;211;land;false;urban;1
8345;210;238;242;land;false;urban;1
8346;170;239;97;land;false;plains;1
8347;157;162;219;land;false;forest;1
8348;188;208;126;land;false;plains;1
8349;185;216;131;land;false;plains;1
8350;242;123;159;land;false;forest;1
8351;229;210;228;land;false;plains;1
8352;150;193;174;land;true;plains;1
8353;253;223;34;land;true;forest;1
8354;172;159;249;land;false;plains;1
8355;175;196;217;land;false;forest;1
8356;80;212;229;land;true;plains;1
8357;185;110;222;land;false;plains;1
8358;231;130;190;land;false;forest;1
8359;90;243;188;land;false;plains;1
8360;168;225;235;land;false;plains;1
8361;222;224;143;land;false;plains;1
8362;190;250;113;land;false;plains;1
8363;234;67;247;land;false;plains;1
8364;149;241;143;land;false;hills;1
8365;243;141;210;land;false;plains;1
8366;226;154;211;land;false;mountain;1
8367;204;77;242;land;false;urban;1
8368;165;253;109;land;true;plains;1
8369;239;102;253;land;false;forest;1
8370;145;243;189;land;false;urban;1
8371;120;192;189;land;false;mountain;1
8372;146;194;202;land;false;plains;1
8373;221;207;97;land;false;hills;1
8374;214;189;117;land;false;forest;1
8375;157;153;228;land;false;plains;1
8376;109;224;183;land;false;plains;1
8377;229;161;213;land;false;forest;1
8378;211;227;253;land;false;plains;1
8379;185;246;149;land;false;forest;1
8380;230;168;245;land;true;forest;1
8381;227;117;234;land;false;mountain;1
8382;172;225;240;land;false;mountain;1
8383;244;115;249;land;false;forest;1
8384;194;82;247;land;false;plains;1
8385;187;251;64;land;false;forest;1
8386;243;186;90;land;false;plains;1
8387;99;184;238;land;false;forest;1
8388;213;134;165;land;false;hills;1
8389;197;153;168;land;false;mountain;1
8390;218;102;238;land;false;hills;1
8391;145;174;218;land;false;plains;1
8392;252;51;240;land;false;mountain;1
8393;191;205;229;land;false;plains;1
8394;254;184;229;land;false;plains;1
8395;228;211;72;land;false;hills;1
8396;203;184;131;land;false;mountain;1
8397;191;205;113;land;false;plains;1
8398;216;178;171;land;false;plains;1
8399;249;245;34;land;false;hills;1
8400;195;180;151;land;false;mountain;1
8401;195;61;249;land;false;mountain;1
8402;148;221;242;land;false;plains;1
8403;158;168;193;land;false;plains;1
8404;240;238;210;land;false;plains;1
8405;207;246;130;land;false;plains;1
8406;251;132;191;land;false;plains;1
8407;164;170;211;land;false;plains;1
8408;238;155;124;land;false;plains;1
8409;199;165;234;land;false;forest;1
8410;212;169;218;land;false;mountain;1
8411;162;247;114;land;false;forest;1
8412;246;252;88;land;false;forest;1
8413;179;217;134;land;true;forest;1
8414;238;31;247;land;false;plains;1
8415;177;172;219;land;false;forest;1
8416;192;201;183;land;false;urban;1
8417;109;182;245;land;true;urban;1
8418;223;137;204;land;false;plains;1
8419;133;235;161;land;false;plains;1
8420;112;189;200;land;false;plains;1
8421;232;240;59;land;false;plains;1
8422;197;206;106;land;false;hills;1
8423;226;249;73;land;false;mountain;1
8424;146;162;199;land;false;forest;1
8425;156;246;141;land;false;plains;1
8426;152;215;199;land;false;urban;1
8427;231;127;188;land;false;plains;1
8428;146;170;186;land;false;plains;1
8429;246;243;186;land;false;plains;1
8430;110;155;254;land;false;plains;1
8431;165;160;194;land;false;plains;1
8432;180;234;139;land;false;forest;1
8433;190;227;192;land;false;forest;1
8434;100;244;234;land;false;plains;1
8435;253;205;227;land;false;plains;1
8436;253;213;99;land;false;hills;1
8437;193;122;220;land;false;hills;1
8438;245;106;223;land;false;forest;1
8439;164;206;136;land;false;hills;1
8440;232;199;148;land;false;mountain;1
8441;106;192;216;land;false;forest;1
8442;199;204;123;land;false;hills;1
8443;211;204;198;land;false;forest;1
8444;230;185;87;land;false;hills;1
8445;132;178;204;land;true;forest;1
8446;171;153;191;land;false;forest;1
8447;226;189;204;land;false;forest;1
8448;138;251;182;land;false;plains;1
8449;220;228;141;land;false;plains;1
8450;221;127;213;land;false;hills;1
8451;240;216;135;land;false;hills;1
8452;243;215;111;land;false;hills;1
8453;253;232;51;land;false;plains;1
8454;93;232;243;land;false;urban;1
8455;151;183;245;land;false;plains;1
8456;238;243;104;land;false;hills;1
8457;240;184;113;land;false;plains;1
8458;145;248;187;land;false;forest;1
8459;86;218;209;land;false;plains;1
8460;179;170;165;land;false;hills;1
8461;203;156;187;land;true;plains;1
8462;209;192;189;land;false;plains;1
8463;155;152;206;land;false;hills;1
8464;187;227;91;land;false;plains;1
8465;155;145;254;land;false;forest;1
8466;232;158;175;land;false;forest;1
8467;159;253;228;land;false;hills;1
8468;226;80;250;land;false;forest;1
8469;207;143;198;land;false;plains;1
8470;252;153;99;land;false;forest;1
8471;195;112;196;land;false;hills;1
8472;185;244;240;land;false;plains;1
8473;233;217;206;land;false;plains;1
8474;194;254;225;land;false;hills;1
8475;130;246;209;land;false;hills;1
8476;154;220;225;land;false;plains;1
8477;90;211;245;land;true;hills;1
8478;251;35;232;land;false;plains;1
8479;233;62;232;land;false;forest;1
8480;133;215;241;land;false;hills;1
8481;162;173;229;land;false;plains;1
8482;193;250;155;land;false;plains;1
8483;142;195;198;land;false;hills;1
8484;111;214;215;land;false;forest;1
8485;142;158;225;land;false;plains;1
8486;220;218;235;land;false;plains;1
8487;152;143;243;land;false;forest;1
8488;212;189;248;land;false;plains;1
8489;153;168;205;land;true;plains;1
8490;168;181;159;land;false;forest;1
8491;217;173;168;land;false;hills;1
8492;150;204;200;land;false;plains;1
8493;182;195;170;land;false;forest;1
8494;216;68;253;land;false;plains;1
8495;248;251;225;land;false;hills;1
8496;245;120;163;land;false;plains;1
8497;243;23;247;land;false;hills;1
8498;204;251;81;land;false;urban;1
8499;240;161;217;land;false;plains;1
8500;239;161;205;land;false;plains;1
8501;210;220;110;land;false;plains;1
8502;241;117;206;land;false;hills;1
8503;221;184;163;land;false;plains;1
8504;94;245;199;land;false;hills;1
8505;115;235;210;land;false;forest;1
8506;183;204;186;land;false;forest;1
8507;225;184;203;land;false;plains;1
8508;227;169;158;land;false;mountain;1
8509;185;242;170;land;false;forest;1
8510;192;103;223;land;false;forest;1
8511;127;165;225;land;false;forest;1
8512;199;214;214;land;false;forest;1
8513;233;174;251;land;false;forest;1
8514;218;178;201;land;false;plains;1
8515;214;160;239;land;false;plains;1
8516;250;65;220;land;false;hills;1
8517;163;210;189;land;false;plains;1
8518;222;216;250;land;false;mountain;1
8519;140;247;150;land;false;hills;1
8520;244;120;221;land;false;plains;1
8521;214;251;111;land;false;plains;1
8522;253;168;149;land;false;forest;1
8523;126;197;249;land;false;hills;1
8524;239;80;182;land;true;urban;1
8525;108;182;219;land;false;hills;1
8526;148;213;148;land;false;hills;1
8527;218;210;133;land;false;forest;1
8528;249;185;113;land;false;hills;1
8529;82;240;239;land;false;plains;1
8530;217;196;251;land;false;plains;1
8531;238;101;214;land;false;plains;1
8532;222;167;234;land;false;plains;1
8533;139;235;192;land;false;hills;1
8534;92;227;183;land;false;plains;1
8535;199;254;198;land;false;plains;1
8536;181;186;153;land;false;mountain;1
8537;227;191;234;land;false;hills;1
8538;167;158;230;land;false;plains;1
8539;226;232;199;land;false;forest;1
8540;252;32;238;land;false;hills;1
8541;173;143;231;land;false;hills;1
8542;135;194;240;land;false;plains;1
8543;134;246;151;land;false;urban;1
8544;253;246;170;land;false;mountain;1
8545;179;244;134;land;false;plains;1
8546;188;207;228;land;false;mountain;1
8547;242;128;172;land;false;hills;1
8548;185;217;149;land;false;forest;1
8549;122;180;216;land;false;hills;1
8550;239;138;248;land;false;plains;1
8551;218;109;248;land;false;forest;1
8552;180;200;172;land;false;plains;1
8553;238;102;204;land;false;hills;1
8554;217;184;242;land;false;forest;1
8555;87;241;181;land;false;plains;1
8556;193;228;251;land;false;forest;1
8557;191;130;204;land;false;plains;1
8558;81;249;232;land;false;hills;1
8559;172;225;244;land;false;forest;1
8560;203;167;133;land;false;forest;1
8561;209;105;245;land;true;forest;1
8562;138;186;245;land;false;plains;1
8563;245;254;25;land;false;forest;1
8564;216;232;102;land;true;plains;1
8565;163;113;242;land;false;urban;1
8566;232;242;163;land;false;plains;1
8567;245;152;121;land;false;plains;1
8568;155;138;226;land;false;hills;1
8569;200;140;173;land;false;mountain;1
8570;253;162;102;land;false;forest;1
8571;140;169;214;land;false;plains;1
8572;149;146;207;land;false;plains;1
8573;174;149;228;land;false;plains;1
8574;219;240;90;land;false;plains;1
8575;252;75;180;land;false;forest;1
8576;138;166;238;land;false;plains;1
8577;129;222;200;land;false;forest;1
8578;192;254;96;land;false;hills;1
8579;253;191;222;land;false;plains;1
8580;244;250;75;land;false;forest;1
8581;197;194;110;land;false;forest;1
8582;250;158;227;land;false;plains;1
8583;131;237;161;land;false;forest;1
8584;230;237;118;land;false;plains;1
8585;185;130;188;land;false;mountain;1
8586;100;238;202;land;false;mountain;1
8587;242;107;165;land;false;forest;1
8588;213;243;205;land;false;plains;1
8589;102;235;234;land;false;forest;1
8590;219;144;232;land;false;plains;1
8591;172;121;238;land;false;forest;1
8592;101;238;237;land;false;forest;1
8593;249;174;195;land;false;urban;1
8594;212;235;138;land;false;plains;1
8595;178;211;225;land;false;urban;1
8596;90;225;200;land;false;forest;1
8597;182;119;226;land;false;hills;1
8598;200;218;125;land;false;urban;1
8599;193;240;151;land;false;plains;1
8600;212;88;240;land;false;plains;1
8601;224;227;111;land;false;hills;1
8602;183;167;159;land;true;plains;1
8603;203;206;161;land;false;plains;1
8604;235;237;246;land;false;mountain;1
8605;148;145;212;land;false;plains;1
8606;127;224;206;land;false;forest;1
8607;119;227;232;land;false;forest;1
8608;188;108;236;land;false;plains;1
8609;28;253;226;land;false;forest;1
8610;213;197;250;land;false;hills;1
8611;229;213;217;land;false;forest;1
8612;219;97;186;land;false;hills;1
8613;189;243;237;land;false;hills;1
8614;162;115;245;land;false;plains;1
8615;229;155;149;land;false;hills;1
8616;145;156;248;land;false;mountain;1
8617;201;149;201;land;false;plains;1
8618;240;99;249;land;false;plains;1
8619;243;148;252;land;false;forest;1
8620;247;167;147;land;false;hills;1
8621;95;250;200;land;false;plains;1
8622;226;180;174;land;false;forest;1
8623;189;142;230;land;false;hills;1
8624;234;127;194;land;false;hills;1
8625;148;204;241;land;false;hills;1
8626;69;230;238;land;false;plains;1
8627;240;187;236;land;false;mountain;1
8628;241;176;122;land;false;plains;1
8629;208;139;183;land;false;plains;1
8630;70;229;235;land;false;forest;1
8631;196;217;243;land;false;forest;1
8632;196;239;192;land;false;plains;1
8633;178;98;251;land;false;plains;1
8634;213;254;100;land;false;plains;1
8635;62;228;229;land;false;plains;1
8636;188;93;230;land;false;hills;1
8637;154;231;233;land;true;forest;1
8638;188;198;233;land;false;forest;1
8639;227;97;189;land;false;plains;1
8640;212;189;214;land;false;hills;1
8641;133;149;243;land;false;plains;1
8642;243;82;248;land;false;plains;1
8643;217;160;217;land;false;forest;1
8644;246;174;105;land;false;plains;1
8645;142;215;183;land;false;plains;1
8646;146;157;221;land;false;urban;1
8647;190;202;190;land;false;plains;1
8648;247;223;95;land;false;plains;1
8649;242;170;142;land;false;hills;1
8650;178;179;193;land;false;forest;1
8651;201;214;111;land;false;plains;1
8652;226;219;139;land;false;forest;1
8653;232;237;221;land;false;plains;1
8654;137;246;170;land;false;hills;1
8655;154;237;129;land;false;mountain;1
8656;175;238;147;land;false;forest;1
8657;202;102;222;land;false;mountain;1
8658;183;197;192;land;false;forest;1
8659;156;209;157;land;false;plains;1
8660;92;196;221;land;false;forest;1
8661;205;158;205;land;false;forest;1
8662;168;246;245;land;false;plains;1
8663;196;179;201;land;false;plains;1
8664;151;136;246;land;false;plains;1
8665;196;193;130;land;false;forest;1
8666;232;29;248;land;false;hills;1
8667;191;135;222;land;false;forest;1
8668;253;205;139;land;false;mountain;1
8669;187;96;231;land;false;mountain;1
8670;235;204;161;land;false;hills;1
8671;233;230;145;land;false;mountain;1
8672;99;213;224;land;true;forest;1
8673;243;151;163;land;false;plains;1
8674;213;243;192;land;false;forest;1
8675;188;149;201;land;true;forest;1
8676;231;137;237;land;false;plains;1
8677;133;222;230;land;false;hills;1
8678;203;93;246;land;false;hills;1
8679;118;254;147;land;false;forest;1
8680;202;125;179;land;false;hills;1
8681;182;228;232;land;false;forest;1
8682;173;232;187;land;false;forest;1
8683;118;198;190;land;false;mountain;1
8684;192;169;150;land;false;plains;1
8685;221;156;130;land;false;hills;1
8686;212;195;139;land;true;plains;1
8687;55;236;210;land;false;plains;1
8688;205;219;131;land;false;hills;1
8689;217;210;209;land;false;hills;1
8690;200;54;253;land;false;plains;1
8691;98;223;206;land;false;urban;1
8692;98;254;176;land;false;hills;1
8693;235;207;125;land;false;plains;1
8694;249;128;175;land;false;forest;1
8695;158;180;240;land;false;plains;1
8696;158;181;230;land;false;plains;1
8697;171;203;175;land;false;plains;1
8698;168;188;148;land;false;forest;1
8699;185;204;220;land;false;plains;1
8700;254;223;129;land;false;mountain;1
8701;144;249;232;land;false;plains;1
8702;206;240;175;land;false;mountain;1
8703;217;252;140;land;false;forest;1
8704;244;230;84;land;false;hills;1
8705;236;68;219;land;true;plains;1
8706;226;238;82;land;false;mountain;1
8707;142;195;175;land;false;hills;1
8708;168;177;174;land;false;hills;1
8709;196;233;184;land;false;forest;1
8710;207;167;245;land;false;forest;1
8711;152;248;125;land;true;plains;1
8712;220;132;158;land;false;plains;1
8713;150;182;186;land;true;plains;1
8714;199;116;188;land;false;hills;1
8715;111;243;211;land;true;urban;1
8716;80;245;248;land;false;plains;1
8717;246;167;234;land;false;forest;1
8718;215;222;177;land;false;plains;1
8719;175;217;224;land;false;forest;1
8720;237;89;237;land;false;forest;1
8721;201;151;194;land;false;plains;1
8722;246;179;83;land;false;plains;1
8723;170;161;202;land;false;plains;1
8724;82;241;222;land;false;hills;1
8725;244;190;226;land;false;plains;1
8726;134;201;195;land;false;hills;1
8727;189;199;253;land;false;plains;1
8728;246;188;97;land;false;plains;1
8729;152;247;126;land;false;plains;1
8730;169;243;222;land;false;plains;1
8731;245;251;50;land;true;plains;1
8732;211;232;85;land;false;mountain;1
8733;247;227;61;land;false;forest;1
8734;181;188;250;land;false;forest;1
8735;184;213;146;land;false;forest;1
8736;246;103;212;land;false;hills;1
8737;228;213;224;land;false;forest;1
8738;246;17;254;land;false;plains;1
8739;148;243;111;land;false;forest;1
8740;104;212;244;land;false;forest;1
8741;221;230;76;land;false;plains;1
8742;206;241;105;land;false;plains;1
8743;178;134;236;land;false;forest;1
8744;225;197;130;land;false;forest;1
8745;237;110;238;land;true;plains;1
8746;243;186;165;land;false;plains;1
8747;211;191;107;land;false;hills;1
8748;197;204;128;land;false;hills;1
8749;120;205;177;land;false;mountain;1
8750;217;224;154;land;false;forest;1
8751;238;222;212;land;false;hills;1
8752;231;202;80;land;false;forest;1
8753;140;123;251;land;false;plains;1
8754;249;191;130;land;false;forest;1
8755;237;133;170;land;false;plains;1
8756;164;186;243;land;false;forest;1
8757;250;204;225;land;false;plains;1
8758;231;198;145;land;false;plains;1
8759;72;248;242;land;false;hills;1
8760;130;226;165;land;false;forest;1
8761;193;179;244;land;true;hills;1
8762;252;156;216;land;false;plains;1
8763;237;214;234;land;false;hills;1
8764;141;237;200;land;false;forest;1
8765;224;134;224;land;false;forest;1
8766;240;156;254;land;false;plains;1
8767;226;75;223;land;false;plains;1
8768;203;89;209;land;false;plains;1
8769;229;254;241;land;false;hills;1
8770;234;134;152;land;false;plains;1
8771;143;114;244;land;false;forest;1
8772;189;160;228;land;false;hills;1
8773;247;120;208;land;false;mountain;1
8774;240;216;251;land;false;plains;1
8775;194;214;198;land;false;plains;1
8776;128;178;244;land;true;urban;1
8777;250;72;198;land;false;plains;1
8778;234;220;124;land;false;forest;1
8779;224;194;113;land;false;hills;1
8780;115;176;215;land;false;plains;1
8781;169;214;239;land;false;urban;1
8782;39;241;248;land;false;plains;1
8783;241;113;178;land;false;hills;1
8784;134;190;233;land;false;plains;1
8785;189;185;180;land;false;forest;1
8786;126;246;137;land;false;plains;1
8787;179;230;159;land;false;hills;1
8788;162;244;213;land;false;plains;1
8789;249;160;181;land;false;urban;1
8790;136;210;181;land;true;plains;1
8791;251;114;217;land;false;forest;1
8792;182;231;144;land;false;hills;1
8793;241;173;159;land;false;forest;1
8794;205;199;146;land;false;plains;1
8795;100;217;196;land;true;plains;1
8796;229;168;155;land;false;plains;1
8797;254;187;82;land;false;mountain;1
8798;221;195;102;land;false;mountain;1
8799;233;229;39;land;false;plains;1
8800;113;203;231;land;false;forest;1
8801;64;223;219;land;false;forest;1
8802;86;251;242;land;false;plains;1
8803;189;224;184;land;false;plains;1
8804;176;200;172;land;false;plains;1
8805;233;242;26;land;false;plains;1
8806;220;131;160;land;false;mountain;1
8807;187;233;121;land;false;plains;1
8808;253;205;60;land;false;plains;1
8809;236;245;80;land;false;mountain;1
8810;223;239;116;land;false;plains;1
8811;230;246;109;land;false;plains;1
8812;198;230;190;land;false;forest;1
8813;243;226;144;land;false;plains;1
8814;234;231;214;land;false;plains;1
8815;197;187;222;land;false;hills;1
8816;252;185;190;land;false;mountain;1
8817;218;204;211;land;false;mountain;1
8818;172;191;153;land;false;plains;1
8819;226;166;189;land;false;plains;1
8820;206;249;120;land;false;forest;1
8821;224;128;226;land;false;mountain;1
8822;145;218;180;land;false;hills;1
8823;168;202;154;land;false;forest;1
8824;160;225;195;land;false;plains;1
8825;228;82;254;land;false;plains;1
8826;210;170;178;land;false;urban;1
8827;203;118;245;land;false;forest;1
8828;151;138;246;land;false;plains;1
8829;239;97;200;land;true;plains;1
8830;145;152;207;land;true;plains;1
8831;138;170;194;land;false;plains;1
8832;198;175;185;land;false;mountain;1
8833;251;219;85;land;false;forest;1
8834;172;152;244;land;true;urban;1
8835;224;191;151;land;false;urban;1
8836;241;250;241;land;false;plains;1
8837;177;111;223;land;false;forest;1
8838;231;224;81;land;false;mountain;1
8839;190;250;203;land;false;forest;1
8840;72;236;246;land;false;hills;1
8841;193;201;152;land;false;hills;1
8842;159;225;163;land;false;plains;1
8843;254;223;204;land;false;mountain;1
8844;246;204;139;land;false;hills;1
8845;102;226;243;land;false;hills;1
8846;110;232;230;land;false;hills;1
8847;217;209;183;land;false;plains;1
8848;215;69;236;land;false;mountain;1
8849;224;156;227;land;false;hills;1
8850;205;172;232;land;false;plains;1
8851;160;244;195;land;false;plains;1
8852;235;113;178;land;false;forest;1
8853;250;180;135;land;true;hills;1
8854;245;198;245;land;false;forest;1
8855;81;221;235;land;false;hills;1
8856;243;180;180;land;false;hills;1
8857;221;219;224;land;false;plains;1
8858;228;192;207;land;false;hills;1
8859;240;239;55;land;false;hills;1
8860;224;193;183;land;false;forest;1
8861;238;239;190;land;false;plains;1
8862;236;218;77;land;false;plains;1
8863;251;135;216;land;false;forest;1
8864;250;195;218;land;false;hills;1
8865;247;216;114;land;true;plains;1
8866;224;186;215;land;false;forest;1
8867;148;140;223;land;false;forest;1
8868;231;212;181;land;false;plains;1
8869;253;79;224;land;false;mountain;1
8870;244;111;175;land;false;hills;1
8871;203;238;201;land;false;hills;1
8872;74;241;193;land;false;forest;1
8873;211;147;179;land;false;forest;1
8874;224;226;65;land;false;hills;1
8875;224;85;225;land;false;hills;1
8876;147;144;221;land;true;forest;1
8877;217;254;105;land;true;forest;1
8878;195;243;221;land;true;plains;1
8879;230;143;176;land;false;plains;1
8880;249;46;242;land;false;plains;1
8881;248;219;58;land;false;plains;1
8882;187;236;191;land;false;urban;1
8883;207;150;218;land;true;urban;1
8884;86;230;210;land;false;forest;1
8885;237;138;237;land;false;plains;1
8886;64;250;250;land;false;plains;1
8887;153;185;192;land;false;urban;1
8888;118;230;243;land;false;plains;1
8889;134;154;229;land;false;urban;1
8890;208;203;99;land;false;plains;1
8891;232;244;246;land;false;plains;1
8892;188;153;241;land;false;plains;1
8893;116;251;169;land;false;plains;1
8894;218;161;218;land;false;plains;1
8895;242;228;210;land;false;plains;1
8896;209;148;181;land;false;hills;1
8897;228;166;184;land;false;plains;1
8898;202;246;236;land;false;plains;1
8899;249;247;80;land;true;plains;1
8900;128;221;154;land;true;plains;1
8901;199;249;240;land;false;forest;1
8902;198;173;233;land;true;urban;1
8903;254;196;225;land;true;urban;1
8904;150;168;201;land;true;urban;1
8905;164;176;225;land;true;urban;1
8906;224;166;204;land;true;urban;1
8907;52;251;235;land;true;plains;1
8908;190;132;230;land;false;urban;1
8909;168;234;150;land;false;forest;1
8910;100;194;220;land;true;plains;1
8911;230;222;166;land;true;forest;1
8912;231;254;110;land;true;urban;1
8913;128;242;210;land;false;plains;1
8914;202;247;199;land;false;hills;1
8915;236;249;250;land;true;plains;1
8916;101;199;251;land;false;plains;1
8917;149;191;174;land;false;hills;1
8918;217;211;251;land;false;urban;1
8919;187;122;223;land;true;urban;1
8920;221;98;234;land;false;hills;1
8921;248;65;245;land;false;plains;1
8922;187;211;208;land;true;plains;1
8923;222;194;94;land;true;plains;1
8924;175;201;169;land;false;forest;1
8925;252;192;250;land;true;urban;1
8926;80;234;214;land;true;plains;1
8927;210;243;79;land;false;plains;1
8928;57;200;249;land;false;forest;1
8929;189;102;210;land;false;forest;1
8930;158;229;124;land;false;plains;1
8931;236;212;174;land;false;plains;1
8932;139;231;191;land;false;plains;1
8933;253;72;252;land;false;plains;1
8934;210;135;171;land;true;plains;1
8935;216;82;218;land;false;forest;1
8936;198;151;225;land;false;forest;1
8937;209;202;156;land;false;urban;1
8938;230;117;182;land;false;forest;1
8939;97;224;187;land;false;urban;1
8940;140;217;171;land;false;forest;1
8941;131;221;250;land;true;urban;1
8942;160;211;252;land;false;forest;1
8943;181;208;189;land;false;hills;1
8944;194;253;144;land;false;forest;1
8945;125;227;191;land;true;urban;1
8946;212;198;214;land;false;urban;1
8947;161;247;210;land;false;plains;1
8948;201;158;240;land;false;hills;1
8949;188;237;251;land;false;plains;1
8950;141;161;239;land;false;plains;1
8951;185;196;198;land;false;plains;1
8952;205;244;85;land;false;forest;1
8953;219;149;247;land;false;forest;1
8954;97;203;244;land;true;forest;1
8955;188;222;210;land;false;plains;1
8956;203;108;237;land;false;forest;1
8957;232;190;87;land;false;plains;1
8958;13;239;250;land;false;urban;1
8959;186;108;244;land;false;plains;1
8960;247;105;205;land;false;plains;1
8961;180;96;231;land;false;plains;1
8962;238;180;181;land;false;urban;1
8963;222;177;148;land;true;plains;1
8964;184;148;219;land;false;urban;1
8965;239;155;116;land;true;plains;1
8966;152;202;187;land;true;plains;1
8967;174;229;230;land;false;plains;1
8968;235;102;177;land;false;forest;1
8969;247;239;113;land;false;forest;1
8970;238;172;245;land;false;plains;1
8971;191;239;102;land;true;plains;1
8972;174;142;230;land;true;hills;1
8973;103;198;216;land;false;plains;1
8974;68;247;252;land;false;urban;1
8975;133;228;247;land;false;urban;1
8976;233;208;236;land;false;hills;1
8977;183;140;245;land;false;plains;1
8978;249;234;39;land;false;plains;1
8979;188;184;211;land;false;plains;1
8980;253;191;87;land;false;forest;1
8981;233;155;169;land;false;urban;1
8982;154;178;194;land;false;plains;1
8983;222;209;183;land;false;plains;1
8984;118;254;205;land;false;forest;1
8985;249;196;228;land;false;urban;1
8986;195;213;166;land;true;plains;1
8987;207;191;145;land;false;plains;1
8988;227;210;147;land;true;forest;1
8989;185;211;228;land;false;forest;1
8990;176;196;241;land;false;plains;1
8991;227;97;191;land;false;plains;1
8992;226;123;205;land;false;hills;1
8993;225;187;251;land;true;forest;1
8994;219;231;106;land;false;hills;1
8995;193;189;168;land;false;forest;1
8996;174;249;116;land;true;urban;1
8997;196;89;230;land;false;plains;1
8998;174;208;235;land;true;urban;1
8999;208;207;175;land;false;forest;1
9000;67;221;247;land;false;urban;1
9001;207;238;136;land;false;plains;1
9002;183;240;100;land;false;plains;1
9003;186;193;229;land;false;forest;1
9004;166;248;156;land;false;plains;1
9005;254;72;227;land;false;urban;1
9006;213;97;243;land;true;urban;1
9007;184;218;166;land;false;urban;1
9008;224;137;162;land;false;forest;1
9009;241;211;119;land;false;plains;1
9010;149;237;128;land;false;forest;1
9011;146;168;211;land;true;forest;1
9012;35;248;220;land;false;forest;1
9013;201;147;240;land;false;forest;1
9014;156;235;164;land;false;urban;1
9015;232;154;139;land;false;plains;1
9016;239;102;200;land;false;forest;1
9017;227;208;215;land;false;plains;1
9018;218;246;110;land;false;urban;1
9019;66;251;193;land;false;plains;1
9020;196;170;167;land;false;plains;1
9021;127;238;146;land;false;forest;1
9022;178;199;164;land;false;plains;1
9023;172;110;231;land;false;urban;1
9024;221;217;124;land;false;hills;1
9025;68;211;254;land;false;forest;1
9026;85;223;248;land;false;hills;1
9027;217;234;202;land;false;forest;1
9028;201;182;246;land;false;hills;1
9029;191;170;187;land;true;plains;1
9030;215;119;189;land;true;urban;1
9031;106;235;236;land;false;forest;1
9032;142;222;220;land;false;plains;1
9033;110;227;212;land;false;forest;1
9034;215;218;70;land;true;forest;1
9035;247;228;108;land;false;forest;1
9036;236;216;253;land;false;forest;1
9037;165;252;251;land;false;urban;1
9038;245;216;148;land;false;forest;1
9039;94;206;253;land;false;urban;1
9040;190;102;249;land;false;forest;1
9041;123;175;210;land;false;plains;1
9042;233;144;137;land;true;urban;1
9043;81;207;220;land;false;urban;1
9044;192;251;168;land;false;forest;1
9045;208;191;190;land;false;urban;1
9046;205;242;77;land;false;plains;1
9047;178;246;153;land;false;forest;1
9048;240;164;211;land;false;plains;1
9049;204;90;211;land;false;forest;1
9050;234;120;218;land;false;forest;1
9051;107;211;246;land;false;plains;1
9052;225;89;218;land;false;urban;1
9053;246;236;235;land;false;forest;1
9054;206;223;190;land;true;plains;1
9055;109;222;234;land;false;urban;1
9056;222;183;132;land;false;forest;1
9057;202;233;116;land;false;forest;1
9058;245;251;226;land;false;plains;1
9059;223;162;144;land;false;forest;1
9060;254;231;51;land;false;plains;1
9061;224;131;204;land;false;forest;1
9062;172;224;185;land;false;forest;1
9063;215;160;144;land;false;urban;1
9064;139;191;250;land;false;forest;1
9065;246;201;60;land;false;forest;1
9066;222;197;241;land;false;forest;1
9067;214;192;234;land;false;forest;1
9068;197;197;126;land;false;hills;1
9069;229;106;237;land;false;forest;1
9070;237;60;240;land;false;forest;1
9071;238;216;54;land;true;urban;1
9072;218;200;243;land;false;plains;1
9073;226;181;96;land;false;plains;1
9074;168;237;241;land;false;forest;1
9075;135;228;159;land;false;forest;1
9076;231;209;232;land;false;forest;1
9077;175;209;129;land;true;plains;1
9078;116;178;215;land;false;forest;1
9079;216;228;157;land;false;forest;1
9080;185;186;236;land;true;urban;1
9081;215;164;203;land;true;forest;1
9082;160;247;213;land;false;forest;1
9083;222;143;237;land;false;forest;1
9084;141;189;232;land;false;urban;1
9085;240;82;254;land;false;forest;1
9086;251;127;171;land;false;forest;1
9087;190;193;186;land;false;urban;1
9088;250;61;199;land;false;forest;1
9089;121;235;205;land;false;plains;1
9090;244;117;189;land;false;forest;1
9091;244;220;182;land;false;forest;1
9092;213;238;58;land;false;forest;1
9093;230;137;205;land;true;urban;1
9094;208;92;221;land;false;urban;1
9095;185;209;202;land;false;forest;1
9096;57;205;241;land;false;forest;1
9097;105;204;239;land;false;forest;1
9098;129;175;250;land;true;forest;1
9099;128;206;219;land;false;urban;1
9100;254;43;241;land;false;urban;1
9101;120;243;234;land;false;forest;1
9102;147;217;235;land;false;plains;1
9103;215;199;116;land;true;urban;1
9104;194;166;196;land;false;plains;1
9105;109;197;250;land;false;plains;1
9106;219;74;225;land;false;forest;1
9107;79;224;222;land;false;forest;1
9108;182;152;248;land;true;plains;1
9109;152;202;216;land;true;forest;1
9110;116;186;244;land;true;forest;1
9111;166;97;253;land;false;urban;1
9112;142;185;180;land;false;forest;1
9113;227;172;216;land;false;hills;1
9114;217;207;102;land;true;forest;1
9115;142;215;167;land;true;urban;1
9116;157;175;170;land;false;forest;1
9117;180;150;233;land;false;hills;1
9118;143;231;242;land;false;plains;1
9119;252;218;201;land;true;urban;1
9120;124;251;127;land;false;forest;1
9121;200;98;203;land;false;forest;1
9122;138;232;199;land;false;plains;1
9123;204;226;202;land;false;forest;1
9124;134;220;197;land;false;forest;1
9125;74;231;222;land;false;forest;1
9126;97;205;238;land;true;forest;1
9127;219;104;198;land;false;forest;1
9128;211;234;170;land;false;forest;1
9129;249;25;254;land;false;forest;1
9130;199;234;138;land;false;forest;1
9131;222;201;248;land;true;forest;1
9132;125;219;174;land;false;forest;1
9133;111;183;215;land;true;plains;1
9134;129;218;193;land;false;forest;1
9135;213;181;225;land;false;forest;1
9136;230;240;126;land;false;forest;1
9137;249;186;180;land;false;urban;1
9138;254;227;188;land;true;forest;1
9139;167;242;247;land;false;plains;1
9140;152;239;248;land;false;forest;1
9141;128;151;248;land;true;forest;1
9142;237;214;67;land;true;urban;1
9143;154;207;160;land;false;forest;1
9144;244;190;73;land;false;forest;1
9145;144;244;137;land;false;plains;1
9146;156;175;232;land;true;urban;1
9147;226;196;190;land;false;forest;1
9148;201;84;243;land;false;forest;1
9149;220;145;144;land;true;forest;1
9150;229;211;168;land;false;plains;1
9151;223;230;56;land;false;plains;1
9152;228;247;216;land;false;hills;1
9153;244;237;180;land;false;forest;1
9154;113;189;229;land;true;urban;1
9155;248;249;78;land;false;forest;1
9156;112;238;190;land;false;forest;1
9157;172;207;222;land;false;forest;1
9158;213;152;220;land;false;plains;1
9159;216;168;154;land;true;plains;1
9160;213;210;236;land;false;forest;1
9161;220;106;199;land;false;forest;1
9162;140;218;168;land;false;plains;1
9163;94;242;205;land;true;urban;1
9164;81;225;218;land;false;plains;1
9165;178;218;236;land;true;urban;1
9166;184;208;168;land;true;forest;1
9167;196;145;193;land;false;forest;1
9168;241;195;234;land;false;forest;1
9169;208;237;242;land;false;plains;1
9170;51;236;226;land;false;forest;1
9171;144;169;215;land;true;forest;1
9172;150;164;214;land;false;forest;1
9173;193;100;211;land;false;forest;1
9174;177;202;223;land;false;plains;1
9175;100;252;189;land;false;plains;1
9176;214;254;130;land;false;forest;1
9177;234;228;165;land;false;plains;1
9178;76;246;214;land;false;hills;1
9179;227;171;204;land;true;forest;1
9180;243;222;229;land;false;forest;1
9181;182;144;235;land;false;forest;1
9182;144;233;154;land;false;plains;1
9183;182;236;135;land;true;forest;1
9184;185;197;224;land;true;forest;1
9185;180;220;132;land;false;forest;1
9186;115;236;153;land;true;forest;1
9187;245;153;244;land;false;forest;1
9188;173;174;191;land;false;forest;1
9189;231;239;158;land;false;urban;1
9190;231;93;229;land;true;forest;1
9191;149;236;170;land;false;forest;1
9192;173;172;230;land;false;forest;1
9193;169;252;143;land;true;forest;1
9194;253;208;127;land;false;forest;1
9195;168;119;254;land;true;forest;1
9196;204;146;187;land;true;forest;1
9197;193;206;132;land;false;forest;1
9198;206;187;164;land;false;forest;1
9199;223;168;128;land;false;forest;1
9200;207;179;251;land;true;forest;1
9201;199;160;252;land;true;urban;1
9202;227;183;180;land;false;plains;1
9203;168;231;153;land;false;forest;1
9204;206;198;162;land;false;plains;1
9205;212;234;102;land;false;forest;1
9206;166;216;150;land;false;forest;1
9207;190;228;97;land;false;forest;1
9208;152;121;250;land;false;urban;1
9209;226;156;253;land;false;forest;1
9210;107;196;224;land;false;forest;1
9211;117;191;234;land;false;forest;1
9212;237;215;96;land;false;plains;1
9213;248;30;251;land;true;forest;1
9214;188;226;140;land;false;plains;1
9215;202;245;179;land;false;plains;1
9216;252;120;147;land;false;plains;1
9217;241;242;231;land;true;forest;1
9218;191;211;169;land;false;forest;1
9219;229;219;109;land;false;forest;1
9220;219;200;106;land;false;urban;1
9221;155;245;185;land;true;forest;1
9222;92;181;252;land;true;forest;1
9223;102;232;172;land;true;forest;1
9224;209;87;215;land;false;forest;1
9225;131;232;217;land;false;plains;1
9226;111;213;204;land;false;forest;1
9227;172;215;198;land;false;urban;1
9228;152;170;186;land;false;forest;1
9229;225;170;121;land;true;plains;1
9230;160;181;170;land;true;plains;1
9231;233;243;179;land;false;plains;1
9232;186;163;252;land;false;forest;1
9233;192;213;253;land;false;forest;1
9234;128;191;187;land;false;urban;1
9235;204;97;214;land;false;plains;1
9236;182;111;232;land;true;forest;1
9237;228;147;163;land;false;forest;1
9238;211;184;218;land;false;forest;1
9239;233;188;159;land;false;hills;1
9240;155;251;131;land;false;forest;1
9241;150;210;238;land;true;forest;1
9242;203;252;195;land;false;plains;1
9243;225;250;160;land;true;forest;1
9244;218;219;123;land;false;forest;1
9245;202;164;152;land;true;forest;1
9246;208;250;168;land;true;forest;1
9247;155;251;110;land;true;forest;1
9248;161;216;249;land;false;plains;1
9249;221;181;150;land;false;urban;1
9250;249;210;104;land;false;forest;1
9251;239;231;233;land;false;plains;1
9252;56;216;252;land;false;forest;1
9253;72;239;233;land;false;plains;1
9254;98;204;218;land;false;forest;1
9255;133;228;169;land;false;forest;1
9256;168;186;224;land;false;plains;1
9257;157;199;154;land;false;forest;1
9258;170;172;230;land;true;urban;1
9259;58;246;236;land;false;plains;1
9260;246;152;248;land;true;plains;1
9261;232;187;90;land;true;forest;1
9262;240;132;185;land;false;forest;1
9263;237;33;250;land;false;forest;1
9264;81;196;231;land;false;forest;1
9265;206;228;148;land;false;urban;1
9266;210;148;206;land;true;plains;1
9267;254;230;74;land;true;plains;1
9268;49;229;228;land;false;urban;1
9269;103;199;235;land;false;plains;1
9270;248;204;185;land;false;forest;1
9271;214;127;165;land;false;plains;1
9272;173;181;147;land;false;urban;1
9273;151;180;209;land;false;forest;1
9274;197;113;191;land;false;plains;1
9275;177;207;151;land;false;plains;1
9276;174;196;149;land;true;forest;1
9277;164;242;102;land;false;forest;1
9278;96;220;188;land;false;forest;1
9279;185;215;128;land;false;plains;1
9280;160;214;252;land;false;plains;1
9281;136;215;200;land;false;plains;1
9282;102;231;245;land;true;plains;1
9283;189;232;139;land;false;forest;1
9284;210;199;122;land;false;plains;1
9285;94;227;216;land;false;plains;1
9286;221;232;95;land;false;urban;1
9287;184;180;224;land;false;urban;1
9288;160;236;106;land;false;urban;1
9289;225;191;107;land;false;plains;1
9290;216;76;239;land;false;forest;1
9291;140;160;239;land;false;urban;1
9292;174;182;209;land;false;plains;1
9293;183;208;135;land;false;plains;1
9294;225;174;251;land;true;forest;1
9295;250;228;72;land;false;urban;1
9296;234;238;32;land;false;forest;1
9297;176;206;125;land;true;plains;1
9298;227;116;215;land;false;forest;1
9299;163;253;223;land;false;plains;1
9300;217;214;90;land;false;urban;1
9301;234;217;71;land;false;plains;1
9302;180;159;205;land;false;plains;1
9303;212;187;203;land;false;plains;1
9304;251;132;217;land;false;plains;1
9305;159;246;203;land;false;urban;1
9306;202;192;114;land;false;forest;1
9307;211;236;210;land;false;hills;1
9308;208;250;107;land;false;plains;1
9309;148;201;238;land;false;urban;1
9310;195;116;243;land;false;plains;1
9311;157;223;203;land;false;urban;1
9312;204;158;186;land;false;forest;1
9313;209;195;206;land;false;forest;1
9314;207;231;143;land;false;forest;1
9315;212;173;177;land;false;plains;1
9316;74;216;241;land;false;urban;1
9317;124;250;129;land;false;plains;1
9318;241;182;185;land;false;hills;1
9319;223;209;110;land;false;forest;1
9320;219;169;171;land;false;forest;1
9321;141;240;233;land;false;urban;1
9322;242;150;242;land;true;forest;1
9323;214;229;201;land;false;hills;1
9324;201;212;238;land;false;forest;1
9325;205;217;214;land;false;forest;1
9326;219;142;147;land;true;urban;1
9327;224;185;186;land;false;urban;1
9328;93;208;207;land;false;plains;1
9329;212;239;54;land;false;plains;1
9330;225;209;108;land;false;urban;1
9331;233;101;252;land;true;forest;1
9332;128;254;189;land;false;plains;1
9333;248;228;95;land;false;forest;1
9334;190;83;234;land;false;urban;1
9335;192;190;182;land;false;plains;1
9336;229;169;192;land;false;forest;1
9337;136;251;188;land;false;urban;1
9338;148;151;228;land;true;forest;1
9339;165;105;239;land;false;urban;1
9340;174;98;241;land;false;plains;1
9341;139;202;222;land;false;urban;1
9342;245;104;226;land;false;urban;1
9343;238;128;153;land;false;forest;1
9344;229;171;140;land;false;hills;1
9345;210;151;158;land;false;forest;1
9346;85;224;252;land;false;forest;1
9347;250;240;112;land;false;forest;1
9348;243;227;251;land;false;forest;1
9349;250;225;136;land;true;plains;1
9350;224;247;171;land;false;forest;1
9351;170;200;197;land;false;forest;1
9352;252;193;213;land;false;urban;1
9353;241;130;204;land;false;forest;1
9354;208;252;132;land;false;plains;1
9355;148;239;239;land;false;plains;1
9356;172;174;249;land;false;plains;1
9357;204;143;198;land;true;forest;1
9358;241;122;249;land;false;forest;1
9359;231;200;75;land;false;plains;1
9360;115;208;190;land;false;urban;1
9361;233;129;148;land;false;urban;1
9362;243;7;251;land;false;urban;1
9363;204;156;211;land;false;urban;1
9364;191;159;180;land;false;hills;1
9365;221;213;243;land;false;forest;1
9366;139;236;141;land;false;hills;1
9367;146;247;109;land;true;plains;1
9368;156;254;106;land;false;forest;1
9369;224;241;153;land;false;forest;1
9370;241;45;226;land;true;urban;1
9371;205;223;220;land;false;forest;1
9372;211;247;169;land;true;forest;1
9373;149;220;253;land;false;forest;1
9374;252;163;173;land;false;forest;1
9375;222;213;235;land;true;forest;1
9376;145;164;239;land;false;forest;1
9377;207;237;95;land;false;forest;1
9378;248;237;61;land;false;plains;1
9379;250;173;136;land;false;forest;1
9380;235;196;94;land;false;plains;1
9381;225;236;180;land;true;forest;1
9382;194;216;249;land;true;forest;1
9383;235;212;104;land;false;plains;1
9384;164;144;208;land;false;plains;1
9385;237;173;201;land;false;urban;1
9386;93;250;170;land;false;urban;1
9387;251;219;133;land;false;forest;1
9388;166;123;228;land;false;forest;1
9389;245;161;174;land;true;forest;1
9390;219;249;124;land;true;forest;1
9391;213;153;198;land;false;plains;1
9392;236;103;246;land;true;forest;1
9393;207;192;131;land;false;plains;1
9394;243;187;141;land;false;forest;1
9395;179;185;251;land;false;forest;1
9396;217;216;220;land;true;forest;1
9397;160;127;252;land;false;forest;1
9398;176;98;242;land;false;urban;1
9399;244;81;236;land;false;forest;1
9400;245;73;217;land;false;plains;1
9401;251;235;226;land;false;forest;1
9402;155;248;221;land;false;forest;1
9403;232;200;160;land;false;plains;1
9404;238;152;128;land;false;plains;1
9405;151;170;207;land;false;forest;1
9406;124;193;229;land;false;plains;1
9407;225;189;190;land;false;plains;1
9408;185;178;225;land;true;plains;1
9409;227;113;190;land;false;forest;1
9410;125;239;190;land;false;plains;1
9411;219;226;100;land;true;forest;1
9412;193;233;163;land;false;forest;1
9413;127;177;204;land;false;forest;1
9414;230;161;124;land;false;plains;1
9415;140;203;201;land;false;forest;1
9416;158;231;205;land;false;forest;1
9417;135;237;171;land;false;forest;1
9418;112;211;185;land;true;forest;1
9419;171;249;103;land;false;plains;1
9420;28;225;248;land;true;plains;1
9421;108;225;233;land;false;forest;1
9422;185;245;192;land;false;plains;1
9423;215;232;197;land;false;hills;1
9424;200;55;246;land;false;forest;1
9425;165;197;158;land;false;forest;1
9426;93;201;210;land;false;forest;1
9427;224;253;82;land;false;forest;1
9428;252;202;232;land;false;forest;1
9429;230;151;184;land;false;forest;1
9430;180;115;230;land;false;forest;1
9431;238;201;82;land;false;plains;1
9432;201;102;209;land;false;plains;1
9433;158;157;229;land;false;forest;1
9434;252;30;228;land;false;forest;1
9435;251;127;196;land;false;plains;1
9436;143;191;208;land;false;hills;1
9437;207;208;191;land;false;hills;1
9438;244;214;236;land;true;forest;1
9439;174;212;167;land;false;forest;1
9440;235;162;235;land;false;forest;1
9441;155;238;113;land;false;plains;1
9442;171;117;215;land;false;plains;1
9443;167;222;218;land;false;forest;1
9444;244;240;105;land;false;forest;1
9445;124;241;207;land;false;forest;1
9446;75;241;240;land;true;forest;1
9447;219;233;147;land;true;forest;1
9448;198;216;158;land;false;forest;1
9449;243;116;232;land;false;plains;1
9450;182;152;208;land;false;plains;1
9451;147;191;191;land;false;forest;1
9452;194;99;210;land;false;forest;1
9453;213;195;166;land;true;forest;1
9454;249;249;173;land;false;forest;1
9455;238;237;186;land;false;plains;1
9456;227;249;45;land;false;plains;1
9457;150;234;127;land;false;forest;1
9458;204;196;134;land;false;forest;1
9459;122;226;189;land;false;forest;1
9460;127;208;177;land;false;plains;1
9461;151;249;187;land;false;forest;1
9462;246;207;240;land;false;forest;1
9463;245;212;63;land;false;forest;1
9464;129;248;171;land;true;forest;1
9465;241;156;151;land;false;forest;1
9466;213;137;239;land;true;forest;1
9467;216;203;83;land;false;forest;1
9468;204;183;221;land;false;hills;1
9469;225;190;159;land;false;forest;1
9470;204;205;181;land;false;plains;1
9471;149;229;166;land;false;plains;1
9472;132;237;140;land;false;forest;1
9473;190;158;186;land;false;forest;1
9474;139;230;250;land;false;forest;1
9475;221;216;180;land;false;forest;1
9476;249;195;207;land;false;plains;1
9477;246;230;145;land;false;forest;1
9478;177;216;174;land;false;plains;1
9479;181;239;98;land;false;forest;1
9480;240;208;57;land;false;forest;1
9481;207;215;173;land;false;hills;1
9482;150;224;209;land;true;forest;1
9483;253;233;30;land;false;forest;1
9484;243;216;50;land;false;forest;1
9485;247;181;201;land;false;forest;1
9486;185;79;240;land;false;forest;1
9487;245;156;193;land;false;plains;1
9488;245;250;151;land;false;urban;1
9489;74;239;193;land;true;forest;1
9490;98;200;229;land;true;forest;1
9491;253;112;254;land;false;forest;1
9492;250;153;225;land;false;forest;1
9493;149;228;214;land;false;forest;1
9494;199;164;198;land;false;hills;1
9495;226;241;198;land;false;forest;1
9496;224;167;197;land;false;forest;1
9497;221;203;199;land;false;forest;1
9498;209;67;244;land;false;forest;1
9499;125;178;237;land;true;forest;1
9500;241;196;193;land;false;forest;1
9501;59;225;254;land;false;forest;1
9502;194;240;207;land;false;plains;1
9503;212;216;164;land;false;forest;1
9504;232;75;252;land;false;forest;1
9505;168;253;143;land;true;forest;1
9506;170;233;227;land;true;plains;1
9507;128;249;166;land;false;forest;1
9508;167;166;239;land;false;forest;1
9509;244;210;226;land;false;forest;1
9510;117;164;227;land;false;forest;1
9511;28;254;248;land;false;forest;1
9512;181;123;246;land;false;forest;1
9513;150;232;131;land;false;forest;1
9514;59;245;241;land;false;forest;1
9515;208;247;231;land;false;forest;1
9516;116;199;243;land;false;forest;1
9517;225;242;89;land;false;forest;1
9518;224;84;224;land;false;forest;1
9519;173;165;225;land;false;forest;1
9520;120;210;227;land;false;plains;1
9521;237;253;150;land;false;forest;1
9522;202;180;225;land;false;forest;1
9523;252;163;146;land;false;forest;1
9524;156;186;161;land;false;forest;1
9525;218;250;215;land;false;forest;1
9526;147;231;203;land;true;forest;1
9527;206;251;80;land;false;urban;1
9528;249;200;178;land;false;forest;1
9529;183;245;121;land;false;plains;1
9530;112;240;203;land;false;forest;1
9531;132;211;233;land;false;plains;1
9532;182;199;230;land;false;forest;1
9533;245;183;184;land;false;forest;1
9534;197;125;217;land;false;plains;1
9535;253;100;184;land;false;plains;1
9536;190;168;223;land;false;forest;1
9537;174;207;124;land;false;forest;1
9538;166;111;231;land;false;forest;1
9539;173;114;237;land;false;forest;1
9540;252;213;138;land;false;forest;1
9541;145;230;175;land;false;urban;1
9542;239;99;183;land;true;forest;1
9543;214;98;214;land;false;forest;1
9544;243;175;130;land;false;plains;1
9545;204;242;155;land;false;plains;1
9546;224;249;98;land;false;plains;1
9547;230;106;201;land;false;plains;1
9548;82;218;216;land;false;forest;1
9549;133;180;205;land;false;plains;1
9550;144;201;246;land;false;plains;1
9551;244;212;141;land;true;plains;1
9552;97;250;161;land;true;forest;1
9553;219;145;250;land;false;plains;1
9554;235;190;251;land;false;forest;1
9555;87;188;229;land;false;plains;1
9556;117;224;185;land;false;forest;1
9557;223;217;178;land;false;plains;1
9558;118;181;230;land;false;forest;1
9559;254;221;99;land;false;forest;1
9560;201;206;97;land;false;forest;1
9561;244;154;107;land;false;plains;1
9562;202;237;193;land;false;plains;1
9563;219;215;87;land;false;forest;1
9564;229;179;188;land;false;plains;1
9565;219;215;147;land;false;forest;1
9566;183;157;244;land;false;plains;1
9567;114;199;226;land;false;plains;1
9568;243;222;216;land;false;forest;1
9569;116;201;220;land;false;plains;1
9570;155;252;101;land;false;plains;1
9571;71;231;206;land;false;plains;1
9572;225;251;139;land;false;plains;1
9573;251;111;249;land;false;forest;1
9574;237;114;247;land;false;forest;1
9575;159;244;105;land;false;forest;1
9576;215;89;203;land;true;plains;1
9577;225;216;251;land;false;forest;1
9578;241;188;185;land;false;plains;1
9579;107;244;189;land;false;plains;1
9580;194;174;210;land;false;forest;1
9581;185;154;219;land;false;plains;1
9582;199;165;243;land;false;plains;1
9583;226;229;130;land;false;plains;1
9584;230;47;249;land;false;forest;1
9585;204;96;242;land;false;urban;1
9586;190;156;238;land;false;plains;1
9587;252;154;100;land;false;plains;1
9588;217;151;204;land;false;hills;1
9589;121;236;223;land;false;forest;1
9590;113;180;213;land;false;forest;1
9591;206;179;161;land;false;plains;1
9592;223;174;137;land;false;forest;1
9593;120;172;215;land;false;forest;1
9594;159;212;232;land;false;plains;1
9595;253;84;208;land;false;urban;1
9596;91;233;184;land;false;plains;1
9597;223;248;227;land;true;plains;1
9598;212;219;189;land;false;urban;1
9599;51;251;221;land;false;forest;1
9600;236;175;201;land;false;plains;1
9601;170;182;252;land;false;forest;1
9602;246;244;68;land;false;forest;1
9603;225;252;123;land;false;forest;1
9604;44;254;208;land;false;plains;1
9605;234;193;123;land;false;forest;1
9606;245;167;142;land;false;plains;1
9607;146;174;252;land;false;forest;1
9608;226;38;239;land;false;forest;1
9609;212;50;243;land;false;forest;1
9610;238;152;129;land;false;plains;1
9611;192;212;217;land;false;forest;1
9612;173;151;179;land;false;plains;1
9613;170;192;237;land;false;plains;1
9614;198;198;232;land;false;plains;1
9615;68;243;207;land;false;forest;1
9616;233;122;203;land;false;forest;1
9617;164;236;183;land;false;forest;1
9618;136;199;247;land;false;plains;1
9619;205;189;234;land;false;forest;1
9620;65;234;217;land;false;plains;1
9621;254;245;148;land;false;plains;1
9622;201;214;182;land;false;forest;1
9623;120;247;227;land;false;forest;1
9624;208;234;187;land;true;plains;1
9625;164;149;231;land;false;plains;1
9626;108;221;210;land;false;forest;1
9627;192;232;202;land;false;forest;1
9628;119;235;240;land;false;forest;1
9629;214;172;150;land;false;plains;1
9630;111;248;160;land;false;plains;1
9631;235;243;236;land;false;plains;1
9632;149;218;230;land;false;plains;1
9633;221;119;193;land;false;hills;1
9634;181;216;199;land;false;plains;1
9635;238;118;212;land;false;forest;1
9636;241;175;184;land;false;forest;1
9637;180;225;213;land;false;plains;1
9638;232;235;128;land;false;plains;1
9639;203;170;197;land;false;forest;1
9640;194;201;194;land;false;plains;1
9641;252;137;233;land;false;plains;1
9642;26;240;244;land;false;forest;1
9643;238;204;135;land;false;forest;1
9644;237;245;124;land;false;forest;1
9645;228;135;144;land;false;plains;1
9646;145;206;178;land;false;forest;1
9647;227;161;243;land;false;plains;1
9648;246;194;245;land;false;plains;1
9649;239;233;223;land;false;urban;1
9650;151;129;251;land;true;plains;1
9651;177;153;186;land;false;plains;1
9652;226;239;172;land;false;hills;1
9653;208;103;227;land;false;plains;1
9654;176;234;249;land;false;forest;1
9655;190;150;177;land;false;urban;1
9656;147;237;177;land;false;plains;1
9657;186;249;115;land;false;hills;1
9658;166;240;179;land;false;forest;1
9659;193;170;162;land;false;forest;1
9660;163;152;237;land;false;plains;1
9661;220;92;198;land;false;forest;1
9662;194;248;187;land;false;forest;1
9663;208;221;186;land;false;plains;1
9664;246;146;132;land;false;plains;1
9665;220;151;243;land;false;plains;1
9666;192;251;59;land;false;plains;1
9667;165;240;254;land;false;hills;1
9668;210;241;168;land;true;plains;1
9669;163;251;226;land;false;forest;1
9670;158;218;219;land;false;forest;1
9671;98;222;253;land;false;forest;1
9672;235;220;198;land;false;forest;1
9673;241;178;233;land;false;plains;1
9674;133;141;253;land;false;plains;1
9675;229;211;180;land;false;forest;1
9676;188;213;243;land;false;forest;1
9677;143;135;234;land;false;plains;1
9678;177;129;195;land;false;plains;1
9679;196;165;173;land;false;forest;1
9680;189;217;139;land;false;forest;1
9681;224;243;222;land;false;plains;1
9682;156;221;201;land;false;plains;1
9683;130;253;249;land;false;plains;1
9684;225;232;231;land;false;forest;1
9685;95;226;231;land;false;forest;1
9686;93;244;183;land;true;plains;1
9687;225;181;169;land;false;forest;1
9688;243;235;206;land;false;forest;1
9689;217;207;241;land;false;forest;1
9690;167;191;151;land;false;forest;1
9691;218;219;173;land;false;plains;1
9692;252;128;208;land;false;plains;1
9693;252;225;150;land;false;forest;1
9694;169;249;236;land;false;forest;1
9695;215;139;197;land;false;forest;1
9696;165;182;182;land;false;forest;1
9697;138;194;203;land;false;plains;1
9698;195;173;165;land;false;plains;1
9699;245;100;200;land;false;hills;1
9700;217;190;155;land;false;plains;1
9701;142;252;141;land;false;forest;1
9702;215;153;252;land;false;plains;1
9703;249;235;189;land;false;plains;1
9704;222;242;59;land;false;forest;1
9705;217;158;175;land;false;plains;1
9706;168;152;228;land;false;forest;1
9707;187;142;197;land;false;plains;1
9708;234;76;227;land;false;plains;1
9709;252;243;82;land;false;urban;1
9710;236;215;192;land;false;forest;1
9711;230;178;101;land;false;forest;1
9712;195;235;109;land;false;plains;1
9713;115;237;151;land;false;plains;1
9714;155;234;144;land;false;plains;1
9715;188;185;206;land;false;plains;1
9716;252;166;87;land;false;plains;1
9717;197;253;82;land;false;forest;1
9718;230;224;168;land;false;forest;1
9719;161;193;178;land;false;forest;1
9720;253;69;243;land;false;forest;1
9721;224;152;239;land;false;plains;1
9722;187;245;215;land;false;forest;1
9723;190;198;241;land;false;forest;1
9724;119;249;184;land;false;plains;1
9725;238;202;224;land;false;plains;1
9726;109;221;210;land;false;forest;1
9727;164;202;195;land;false;forest;1
9728;179;181;210;land;false;plains;1
9729;227;246;139;land;false;plains;1
9730;126;222;228;land;false;plains;1
9731;134;196;230;land;false;plains;1
9732;239;235;180;land;false;forest;1
9733;115;215;199;land;false;forest;1
9734;148;192;226;land;false;forest;1
9735;191;238;169;land;false;plains;1
9736;212;157;212;land;false;plains;1
9737;104;237;200;land;false;forest;1
9738;141;241;247;land;false;forest;1
9739;182;231;107;land;false;plains;1
9740;188;179;202;land;false;forest;1
9741;193;169;163;land;false;plains;1
9742;111;176;214;land;false;forest;1
9743;191;129;227;land;false;plains;1
9744;205;144;246;land;false;plains;1
9745;233;193;124;land;false;plains;1
9746;75;208;218;land;false;plains;1
9747;164;139;205;land;false;plains;1
9748;118;178;237;land;false;plains;1
9749;210;247;91;land;false;plains;1
9750;228;215;69;land;false;plains;1
9751;158;166;228;land;false;plains;1
9752;236;225;149;land;false;forest;1
9753;246;171;183;land;false;forest;1
9754;222;248;94;land;false;forest;1
9755;206;220;208;land;false;hills;1
9756;143;221;220;land;false;plains;1
9757;162;213;198;land;false;hills;1
9758;248;140;238;land;true;plains;1
9759;223;214;200;land;false;plains;1
9760;250;198;227;land;false;plains;1
9761;106;216;243;land;false;forest;1
9762;227;194;231;land;false;forest;1
9763;98;250;155;land;true;plains;1
9764;103;246;154;land;false;plains;1
9765;216;222;118;land;false;forest;1
9766;248;85;220;land;false;plains;1
9767;198;105;225;land;false;plains;1
9768;84;234;229;land;false;forest;1
9769;236;152;199;land;true;plains;1
9770;222;103;246;land;false;forest;1
9771;221;164;116;land;false;forest;1
9772;162;137;206;land;false;urban;1
9773;227;148;167;land;false;plains;1
9774;251;179;92;land;false;plains;1
9775;147;163;233;land;false;plains;1
9776;190;230;127;land;false;plains;1
9777;248;203;61;land;false;forest;1
9778;252;184;165;land;false;forest;1
9779;76;226;224;land;false;plains;1
9780;225;237;218;land;false;plains;1
9781;205;236;158;land;false;plains;1
9782;227;184;191;land;false;plains;1
9783;248;199;179;land;false;plains;1
9784;193;242;234;land;false;plains;1
9785;106;228;188;land;false;plains;1
9786;217;189;195;land;false;forest;1
9787;254;242;113;land;false;forest;1
9788;176;165;213;land;true;plains;1
9789;129;238;168;land;false;forest;1
9790;174;253;157;land;false;forest;1
9791;207;137;245;land;false;plains;1
9792;113;221;212;land;false;plains;1
9793;249;217;103;land;false;plains;1
9794;203;253;130;land;false;forest;1
9795;177;244;88;land;false;forest;1
9796;141;212;252;land;false;forest;1
9797;244;124;168;land;false;forest;1
9798;207;173;199;land;true;plains;1
9799;83;239;218;land;false;plains;1
9800;213;208;124;land;false;plains;1
9801;221;177;182;land;false;plains;1
9802;110;238;202;land;true;plains;1
9803;77;247;231;land;false;plains;1
9804;170;237;194;land;false;plains;1
9805;241;210;118;land;false;forest;1
9806;115;198;215;land;false;hills;1
9807;218;233;102;land;true;plains;1
9808;244;117;190;land;false;plains;1
9809;192;250;130;land;false;forest;1
9810;184;254;106;land;false;forest;1
9811;137;151;219;land;false;plains;1
9812;250;199;131;land;false;plains;1
9813;232;208;158;land;false;forest;1
9814;230;42;254;land;false;plains;1
9815;105;240;221;land;false;plains;1
9816;129;238;225;land;false;plains;1
9817;172;160;220;land;false;plains;1
9818;216;139;230;land;false;plains;1
9819;232;164;215;land;false;plains;1
9820;182;204;241;land;false;plains;1
9821;229;212;133;land;false;forest;1
9822;156;173;176;land;false;forest;1
9823;248;86;254;land;false;plains;1
9824;222;170;133;land;false;plains;1
9825;100;189;218;land;false;plains;1
9826;254;156;217;land;false;forest;1
9827;199;205;228;land;false;urban;1
9828;198;253;148;land;true;plains;1
9829;252;130;185;land;false;plains;1
9830;66;253;189;land;false;forest;1
9831;179;195;197;land;false;plains;1
9832;62;225;220;land;true;plains;1
9833;133;182;203;land;false;plains;1
9834;137;175;217;land;false;plains;1
9835;193;241;85;land;false;forest;1
9836;239;170;240;land;false;forest;1
9837;168;232;168;land;false;plains;1
9838;253;193;222;land;true;urban;1
9839;254;98;225;land;false;plains;1
9840;235;232;253;land;false;plains;1
9841;233;92;247;land;false;plains;1
9842;254;161;131;land;false;plains;1
9843;223;193;157;land;false;forest;1
9844;225;194;189;land;false;forest;1
9845;112;207;212;land;false;hills;1
9846;178;149;189;land;true;plains;1
9847;220;110;185;land;false;plains;1
9848;156;154;251;land;true;plains;1
9849;212;119;208;land;false;forest;1
9850;167;126;229;land;false;plains;1
9851;243;92;249;land;false;plains;1
9852;195;194;242;land;false;urban;1
9853;156;106;250;land;false;plains;1
9854;142;241;156;land;false;plains;1
9855;141;243;154;land;false;forest;1
9856;229;251;156;land;false;forest;1
9857;245;188;236;land;false;hills;1
9858;118;160;223;land;false;forest;1
9859;55;232;235;land;false;plains;1
9860;194;225;121;land;false;plains;1
9861;108;249;240;land;false;plains;1
9862;238;195;193;land;false;plains;1
9863;238;108;230;land;true;plains;1
9864;195;133;193;land;false;plains;1
9865;194;136;185;land;false;plains;1
9866;114;203;191;land;false;plains;1
9867;248;140;157;land;false;plains;1
9868;188;204;152;land;false;plains;1
9869;193;246;244;land;false;plains;1
9870;242;234;231;land;false;plains;1
9871;172;244;236;land;false;plains;1
9872;208;125;172;land;false;forest;1
9873;247;215;83;land;true;forest;1
9874;222;231;170;land;false;plains;1
9875;215;166;200;land;false;forest;1
9876;143;197;227;land;false;plains;1
9877;174;220;152;land;false;plains;1
9878;186;164;196;land;false;plains;1
9879;230;209;176;land;false;forest;1
9880;215;249;232;land;false;forest;1
9881;184;173;241;land;false;forest;1
9882;209;171;202;land;true;plains;1
9883;125;218;236;land;false;plains;1
9884;161;166;200;land;false;plains;1
9885;129;248;204;land;false;plains;1
9886;209;210;218;land;false;plains;1
9887;250;170;118;land;false;plains;1
9888;238;25;252;land;false;forest;1
9889;210;156;246;land;false;forest;1
9890;226;252;209;land;false;urban;1
9891;208;211;243;land;false;forest;1
9892;185;240;233;land;false;plains;1
9893;177;158;172;land;false;plains;1
9894;184;232;153;land;false;forest;1
9895;234;220;152;land;false;plains;1
9896;175;233;231;land;false;plains;1
9897;211;205;216;land;false;plains;1
9898;170;193;177;land;false;forest;1
9899;146;204;152;land;false;plains;1
9900;206;145;234;land;false;plains;1
9901;232;245;29;land;false;plains;1
9902;178;171;154;land;false;urban;1
9903;76;194;245;land;false;plains;1
9904;254;190;128;land;false;plains;1
9905;132;234;171;land;false;plains;1
9906;108;192;220;land;false;plains;1
9907;160;235;203;land;false;plains;1
9908;127;230;240;land;false;forest;1
9909;143;142;253;land;false;hills;1
9910;110;212;217;land;false;forest;1
9911;247;234;228;land;true;plains;1
9912;143;225;221;land;false;plains;1
9913;158;150;207;land;false;forest;1
9914;32;240;249;land;false;plains;1
9915;153;231;139;land;false;plains;1
9916;245;113;224;land;false;plains;1
9917;207;134;166;land;false;forest;1
9918;243;57;203;land;false;forest;1
9919;140;180;199;land;false;plains;1
9920;210;195;168;land;false;plains;1
9921;87;248;201;land;false;plains;1
9922;229;245;138;land;false;plains;1
9923;131;243;182;land;false;forest;1
9924;230;192;115;land;false;forest;1
9925;219;165;248;land;false;urban;1
9926;81;238;253;land;false;plains;1
9927;176;193;185;land;false;forest;1
9928;100;253;243;land;false;plains;1
9929;244;216;131;land;false;plains;1
9930;247;127;182;land;false;plains;1
9931;235;245;214;land;false;forest;1
9932;139;215;251;land;false;plains;1
9933;69;244;226;land;false;forest;1
9934;244;85;217;land;false;forest;1
9935;73;250;208;land;false;plains;1
9936;242;89;240;land;false;plains;1
9937;211;181;219;land;false;plains;1
9938;225;186;124;land;false;forest;1
9939;153;199;175;land;false;plains;1
9940;233;246;198;land;false;forest;1
9941;252;203;206;land;false;forest;1
9942;245;132;203;land;false;hills;1
9943;230;146;235;land;false;plains;1
9944;179;132;233;land;false;plains;1
9945;246;128;224;land;false;plains;1
9946;235;249;87;land;false;forest;1
9947;249;163;243;land;false;forest;1
9948;208;234;121;land;false;forest;1
9949;202;81;244;land;false;forest;1
9950;217;250;217;land;false;forest;1
9951;79;249;233;land;false;plains;1
9952;219;195;142;land;false;forest;1
9953;222;184;135;land;false;plains;1
9954;193;212;254;land;false;plains;1
9955;189;202;115;land;false;plains;1
9956;210;108;223;land;false;plains;1
9957;201;254;221;land;false;plains;1
9958;226;216;123;land;false;plains;1
9959;185;197;163;land;false;plains;1
9960;203;180;231;land;false;plains;1
9961;122;233;219;land;false;forest;1
9962;214;205;135;land;true;urban;1
9963;213;138;250;land;false;plains;1
9964;246;236;163;land;false;forest;1
9965;216;182;120;land;false;urban;1
9966;212;81;229;land;false;plains;1
9967;243;235;246;land;false;plains;1
9968;188;88;250;land;false;forest;1
9969;229;124;217;land;false;plains;1
9970;246;219;198;land;false;hills;1
9971;206;183;190;land;false;plains;1
9972;213;149;241;land;false;plains;1
9973;174;221;220;land;false;plains;1
9974;234;208;109;land;false;plains;1
9975;239;123;139;land;false;plains;1
9976;252;154;249;land;false;forest;1
9977;225;239;144;land;false;urban;1
9978;248;159;215;land;false;urban;1
9979;96;200;221;land;false;plains;1
9980;202;118;219;land;false;plains;1
9981;156;140;214;land;false;plains;1
9982;249;126;249;land;false;plains;1
9983;245;160;140;land;false;forest;1
9984;127;206;172;land;false;plains;1
9985;144;184;183;land;false;plains;1
9986;232;60;235;land;false;plains;1
9987;217;208;234;land;false;forest;1
9988;209;132;172;land;false;plains;1
9989;162;166;254;land;false;plains;1
9990;198;103;219;land;false;plains;1
9991;248;197;164;land;false;forest;1
9992;217;170;247;land;true;plains;1
9993;254;97;208;land;false;forest;1
9994;143;204;214;land;false;plains;1
9995;192;168;207;land;false;plains;1
9996;150;214;213;land;false;plains;1
9997;204;233;93;land;false;forest;1
9998;231;235;135;land;false;plains;1
9999;234;122;223;land;false;forest;1
10000;113;198;244;land;false;plains;1
10001;157;237;243;land;false;plains;1
10002;240;195;205;land;false;forest;1
10003;185;222;96;land;false;forest;1
10004;151;207;234;land;false;forest;1
10005;50;247;248;land;false;plains;1
10006;253;164;208;land;false;plains;1
10007;189;214;217;land;false;plains;1
10008;187;158;190;land;false;forest;1
10009;208;198;183;land;false;forest;1
10010;215;250;115;land;false;forest;1
10011;188;103;233;land;false;forest;1
10012;220;107;182;land;false;plains;1
10013;253;144;253;land;false;plains;1
10014;99;167;253;land;false;plains;1
10015;222;57;225;land;false;plains;1
10016;207;195;113;land;false;forest;1
10017;174;251;185;land;false;plains;1
10018;248;196;176;land;false;plains;1
10019;238;241;225;land;false;urban;1
10020;249;243;18;land;false;plains;1
10021;202;123;204;land;false;forest;1
10022;189;109;239;land;false;hills;1
10023;199;199;167;land;false;plains;1
10024;229;53;223;land;false;plains;1
10025;142;231;224;land;false;plains;1
10026;236;77;207;land;false;forest;1
10027;165;168;176;land;false;urban;1
10028;247;147;133;land;false;plains;1
10029;244;64;227;land;false;forest;1
10030;111;171;237;land;false;forest;1
10031;242;139;157;land;false;plains;1
10032;84;231;195;land;false;forest;1
10033;242;203;86;land;true;forest;1
10034;145;182;200;land;true;forest;1
10035;158;192;200;land;false;plains;1
10036;132;249;127;land;false;plains;1
10037;104;232;241;land;false;plains;1
10038;133;200;220;land;false;plains;1
10039;249;161;158;land;false;plains;1
10040;206;250;99;land;false;forest;1
10041;175;201;127;land;false;forest;1
10042;141;229;138;land;false;plains;1
10043;228;217;154;land;false;plains;1
10044;178;231;129;land;false;plains;1
10045;246;104;235;land;false;plains;1
10046;243;218;230;land;false;plains;1
10047;237;89;184;land;true;forest;1
10048;116;172;246;land;false;plains;1
10049;210;144;162;land;false;plains;1
10050;212;125;178;land;false;plains;1
10051;221;243;178;land;false;forest;1
10052;135;219;214;land;false;plains;1
10053;252;156;192;land;false;forest;1
10054;225;244;75;land;false;forest;1
10055;242;87;225;land;false;plains;1
10056;228;141;221;land;false;plains;1
10057;217;248;151;land;false;plains;1
10058;101;240;173;land;false;forest;1
10059;218;233;248;land;false;forest;1
10060;81;181;241;land;false;plains;1
10061;105;253;150;land;false;urban;1
10062;97;227;239;land;false;plains;1
10063;160;163;212;land;false;plains;1
10064;220;230;194;land;false;forest;1
10065;252;244;38;land;false;plains;1
10066;177;221;215;land;false;plains;1
10067;246;216;97;land;false;plains;1
10068;240;192;110;land;false;plains;1
10069;127;225;156;land;false;plains;1
10070;208;214;183;land;false;forest;1
10071;216;252;54;land;false;plains;1
10072;189;214;138;land;false;forest;1
10073;178;224;217;land;false;plains;1
10074;252;132;249;land;false;plains;1
10075;208;95;242;land;false;plains;1
10076;124;198;206;land;false;urban;1
10077;253;21;227;land;false;plains;1
10078;199;246;186;land;false;urban;1
10079;220;164;210;land;false;plains;1
10080;73;210;219;land;false;forest;1
10081;231;72;215;land;false;forest;1
10082;189;105;232;land;false;plains;1
10083;202;135;206;land;false;plains;1
10084;201;202;139;land;true;plains;1
10085;244;146;150;land;false;plains;1
10086;134;253;184;land;false;plains;1
10087;236;174;227;land;false;forest;1
10088;210;242;56;land;false;forest;1
10089;224;94;195;land;false;plains;1
10090;246;196;66;land;false;forest;1
10091;253;222;212;land;false;plains;1
10092;90;186;243;land;false;plains;1
10093;242;92;250;land;false;plains;1
10094;218;251;81;land;false;plains;1
10095;183;242;176;land;true;plains;1
10096;251;192;140;land;false;plains;1
10097;219;218;74;land;false;plains;1
10098;225;194;92;land;true;plains;1
10099;156;229;206;land;false;plains;1
10100;61;215;238;land;false;plains;1
10101;219;228;154;land;false;plains;1
10102;193;162;187;land;false;plains;1
10103;241;231;32;land;false;forest;1
10104;135;250;152;land;false;forest;1
10105;124;157;251;land;false;plains;1
10106;169;237;120;land;false;plains;1
10107;249;181;142;land;false;plains;1
10108;241;203;69;land;false;plains;1
10109;98;206;207;land;false;plains;1
10110;233;236;192;land;false;plains;1
10111;143;224;247;land;false;forest;1
10112;238;91;198;land;false;plains;1
10113;251;15;244;land;true;plains;1
10114;121;250;247;land;false;plains;1
10115;222;91;210;land;false;urban;1
10116;97;241;234;land;false;plains;1
10117;180;78;249;land;false;plains;1
10118;39;247;252;land;false;plains;1
10119;240;186;111;land;false;plains;1
10120;223;108;204;land;false;plains;1
10121;254;107;230;land;false;forest;1
10122;136;143;231;land;false;forest;1
10123;240;203;190;land;false;forest;1
10124;172;209;251;land;false;plains;1
10125;242;213;81;land;false;plains;1
10126;243;174;147;land;false;plains;1
10127;144;233;160;land;false;plains;1
10128;147;246;234;land;false;plains;1
10129;104;205;233;land;false;plains;1
10130;164;195;231;land;false;plains;1
10131;143;218;158;land;false;plains;1
10132;162;191;243;land;false;plains;1
10133;116;237;248;land;false;forest;1
10134;173;195;146;land;false;plains;1
10135;182;119;203;land;false;plains;1
10136;220;191;90;land;false;plains;1
10137;232;220;73;land;false;plains;1
10138;224;143;155;land;false;plains;1
10139;239;154;184;land;false;plains;1
10140;237;173;102;land;false;forest;1
10141;209;205;192;land;false;plains;1
10142;212;95;250;land;true;plains;1
10143;242;124;206;land;false;plains;1
10144;87;203;242;land;false;plains;1
10145;161;156;210;land;false;plains;1
10146;233;202;230;land;false;urban;1
10147;227;144;136;land;false;plains;1
10148;194;94;245;land;false;plains;1
10149;67;232;233;land;false;plains;1
10150;193;249;66;land;true;plains;1
10151;212;196;155;land;false;forest;1
10152;139;201;185;land;false;plains;1
10153;247;195;206;land;false;plains;1
10154;116;201;233;land;false;plains;1
10155;172;166;193;land;false;plains;1
10156;181;246;167;land;false;plains;1
10157;62;228;215;land;false;plains;1
10158;137;184;188;land;false;plains;1
10159;169;165;167;land;false;plains;1
10160;245;252;198;land;false;plains;1
10161;237;79;250;land;false;plains;1
10162;167;249;113;land;false;plains;1
10163;230;188;130;land;false;plains;1
10164;230;141;214;land;false;plains;1
10165;249;133;218;land;false;plains;1
10166;104;243;241;land;false;urban;1
10167;232;73;221;land;false;forest;1
10168;188;239;233;land;false;plains;1
10169;104;233;242;land;false;plains;1
10170;210;254;152;land;false;plains;1
10171;46;223;238;land;false;plains;1
10172;43;254;208;land;false;urban;1
10173;156;221;226;land;false;plains;1
10174;93;233;195;land;false;plains;1
10175;243;143;148;land;false;plains;1
10176;234;165;172;land;false;urban;1
10177;141;251;210;land;false;urban;1
10178;44;213;244;land;true;forest;1
10179;172;151;245;land;false;plains;1
10180;173;201;200;land;false;plains;1
10181;185;216;128;land;false;plains;1
10182;251;250;29;land;false;plains;1
10183;124;156;229;land;false;plains;1
10184;92;217;247;land;false;urban;1
10185;130;243;232;land;false;plains;1
10186;244;236;235;land;false;plains;1
10187;129;199;221;land;false;plains;1
10188;229;250;171;land;false;plains;1
10189;128;252;198;land;false;plains;1
10190;182;253;84;land;false;hills;1
10191;252;254;31;land;false;plains;1
10192;222;237;94;land;false;plains;1
10193;142;189;233;land;false;plains;1
10194;154;240;242;land;false;forest;1
10195;203;92;219;land;false;plains;1
10196;207;98;197;land;false;plains;1
10197;184;201;241;land;false;urban;1
10198;188;205;203;land;false;plains;1
10199;252;175;99;land;true;urban;1
10200;222;217;252;land;false;plains;1
10201;214;248;142;land;false;forest;1
10202;69;218;253;land;false;plains;1
10203;218;205;102;land;false;plains;1
10204;168;192;216;land;false;forest;1
10205;75;236;232;land;false;plains;1
10206;248;193;230;land;false;plains;1
10207;217;235;237;land;false;urban;1
10208;173;132;235;land;false;plains;1
10209;222;144;135;land;false;plains;1
10210;233;241;102;land;false;plains;1
10211;203;228;232;land;false;plains;1
10212;172;194;191;land;false;forest;1
10213;242;235;97;land;false;plains;1
10214;111;237;206;land;false;forest;1
10215;202;187;142;land;false;forest;1
10216;97;236;182;land;false;plains;1
10217;79;229;208;land;false;forest;1
10218;254;237;172;land;false;plains;1
10219;176;253;114;land;false;plains;1
10220;250;251;27;land;false;plains;1
10221;138;189;181;land;false;plains;1
10222;107;224;223;land;false;plains;1
10223;159;222;170;land;false;plains;1
10224;190;95;248;land;false;plains;1
10225;167;164;239;land;true;urban;1
10226;170;206;136;land;false;plains;1
10227;254;217;105;land;false;urban;1
10228;244;151;236;land;true;plains;1
10229;201;213;150;land;false;forest;1
10230;228;204;217;land;false;plains;1
10231;241;127;220;land;false;urban;1
10232;61;242;250;land;false;forest;1
10233;237;38;245;land;false;forest;1
10234;117;152;239;land;false;plains;1
10235;182;249;99;land;false;plains;1
10236;235;47;250;land;false;plains;1
10237;209;209;121;land;false;plains;1
10238;163;208;188;land;false;plains;1
10239;158;205;201;land;true;plains;1
10240;254;164;182;land;true;plains;1
10241;242;217;110;land;false;forest;1
10242;169;208;206;land;false;plains;1
10243;224;201;215;land;false;plains;1
10244;112;209;246;land;false;plains;1
10245;235;245;170;land;false;plains;1
10246;188;157;173;land;false;plains;1
10247;23;240;244;land;false;plains;1
10248;125;156;249;land;false;plains;1
10249;134;171;251;land;false;forest;1
10250;246;159;122;land;true;plains;1
10251;177;182;212;land;false;forest;1
10252;242;179;93;land;false;forest;1
10253;243;127;239;land;false;plains;1
10254;249;251;6;land;false;plains;1
10255;244;172;101;land;false;plains;1
10256;249;107;196;land;false;plains;1
10257;187;242;217;land;false;plains;1
10258;116;242;170;land;false;forest;1
10259;250;183;199;land;false;plains;1
10260;189;254;103;land;false;plains;1
10261;77;205;221;land;false;plains;1
10262;197;145;164;land;false;plains;1
10263;226;226;171;land;false;plains;1
10264;164;228;230;land;false;forest;1
10265;118;215;226;land;false;forest;1
10266;148;252;196;land;false;plains;1
10267;239;172;102;land;false;plains;1
10268;204;244;136;land;false;forest;1
10269;239;17;253;land;false;plains;1
10270;216;58;249;land;false;forest;1
10271;224;125;228;land;false;forest;1
10272;111;234;220;land;false;plains;1
10273;222;243;131;land;false;plains;1
10274;146;222;175;land;false;forest;1
10275;215;151;177;land;false;plains;1
10276;191;204;212;land;false;plains;1
10277;191;111;230;land;false;forest;1
10278;179;239;115;land;false;plains;1
10279;128;240;174;land;false;plains;1
10280;253;232;116;land;false;forest;1
10281;176;144;251;land;false;plains;1
10282;196;133;239;land;false;plains;1
10283;220;238;208;land;false;urban;1
10284;248;131;222;land;false;forest;1
10285;129;214;230;land;true;plains;1
10286;247;213;143;land;false;plains;1
10287;243;87;213;land;false;urban;1
10288;100;206;203;land;false;plains;1
10289;236;219;246;land;false;hills;1
10290;100;190;249;land;false;forest;1
10291;139;240;122;land;false;plains;1
10292;143;242;251;land;false;plains;1
10293;158;250;107;land;true;plains;1
10294;203;214;191;land;false;plains;1
10295;141;247;190;land;false;forest;1
10296;167;191;239;land;false;plains;1
10297;180;235;97;land;false;plains;1
10298;215;171;232;land;false;plains;1
10299;246;219;235;land;false;plains;1
10300;222;196;120;land;false;plains;1
10301;244;160;168;land;false;plains;1
10302;241;187;93;land;false;plains;1
10303;91;252;247;land;false;plains;1
10304;116;234;190;land;true;plains;1
10305;212;243;167;land;false;plains;1
10306;127;191;199;land;false;urban;1
10307;240;215;112;land;false;plains;1
10308;224;113;203;land;false;plains;1
10309;247;151;152;land;false;forest;1
10310;153;180;174;land;false;forest;1
10311;171;239;116;land;false;plains;1
10312;242;106;204;land;false;plains;1
10313;147;250;223;land;false;plains;1
10314;235;101;222;land;false;forest;1
10315;173;181;157;land;false;plains;1
10316;114;230;243;land;false;forest;1
10317;238;202;126;land;false;plains;1
10318;108;212;254;land;false;plains;1
10319;147;230;224;land;false;hills;1
10320;181;232;155;land;false;forest;1
10321;216;169;210;land;false;forest;1
10322;219;138;191;land;false;plains;1
10323;168;249;238;land;false;plains;1
10324;186;235;246;land;false;plains;1
10325;152;137;218;land;false;plains;1
10326;205;241;199;land;false;plains;1
10327;192;230;242;land;false;plains;1
10328;132;143;252;land;false;forest;1
10329;227;145;187;land;false;plains;1
10330;137;185;243;land;false;plains;1
10331;190;107;241;land;false;plains;1
10332;133;190;227;land;false;plains;1
10333;92;214;199;land;true;plains;1
10334;209;192;236;land;false;forest;1
10335;146;161;251;land;false;forest;1
10336;128;227;232;land;false;plains;1
10337;52;236;214;land;false;forest;1
10338;234;166;240;land;false;forest;1
10339;219;120;175;land;false;forest;1
10340;218;220;222;land;false;forest;1
10341;224;234;84;land;false;plains;1
10342;124;157;225;land;false;plains;1
10343;238;142;223;land;false;plains;1
10344;234;139;141;land;false;forest;1
10345;215;73;244;land;false;forest;1
10346;162;153;213;land;false;forest;1
10347;234;85;200;land;false;forest;1
10348;227;115;190;land;false;forest;1
10349;221;174;149;land;false;urban;1
10350;224;251;204;land;false;plains;1
10351;252;112;238;land;false;plains;1
10352;15;245;248;land;false;forest;1
10353;190;150;253;land;false;forest;1
10354;179;114;253;land;false;forest;1
10355;168;171;241;land;false;plains;1
10356;162;172;195;land;false;plains;1
10357;232;188;201;land;false;plains;1
10358;223;249;31;land;false;forest;1
10359;243;200;137;land;false;forest;1
10360;242;204;130;land;false;forest;1
10361;151;216;144;land;false;plains;1
10362;203;178;193;land;false;plains;1
10363;172;231;107;land;false;plains;1
10364;201;118;232;land;false;plains;1
10365;162;217;173;land;false;plains;1
10366;227;108;211;land;false;forest;1
10367;170;114;225;land;false;plains;1
10368;214;160;230;land;false;plains;1
10369;207;89;238;land;false;urban;1
10370;116;245;204;land;false;forest;1
10371;244;92;216;land;false;plains;1
10372;166;243;188;land;false;forest;1
10373;208;186;210;land;false;plains;1
10374;215;169;146;land;false;plains;1
10375;196;206;164;land;false;plains;1
10376;126;252;141;land;false;urban;1
10377;242;197;148;land;false;forest;1
10378;222;229;67;land;false;plains;1
10379;230;176;232;land;false;plains;1
10380;251;192;191;land;false;forest;1
10381;227;232;215;land;false;plains;1
10382;168;129;231;land;false;urban;1
10383;195;135;220;land;false;plains;1
10384;216;173;208;land;false;plains;1
10385;84;196;229;land;false;plains;1
10386;241;250;84;land;false;forest;1
10387;245;200;216;land;false;plains;1
10388;194;162;149;land;false;plains;1
10389;230;61;230;land;false;plains;1
10390;210;179;237;land;false;forest;1
10391;225;92;211;land;false;urban;1
10392;142;200;166;land;false;urban;1
10393;245;244;96;land;false;plains;1
10394;155;254;100;land;false;forest;1
10395;202;153;164;land;false;urban;1
10396;198;175;181;land;false;plains;1
10397;206;248;134;land;false;plains;1
10398;208;204;200;land;false;plains;1
10399;174;226;149;land;false;plains;1
10400;91;175;250;land;false;plains;1
10401;135;120;254;land;false;plains;1
10402;142;186;236;land;false;plains;1
10403;123;188;206;land;false;plains;1
10404;187;162;250;land;false;urban;1
10405;208;206;193;land;false;plains;1
10406;153;148;211;land;false;plains;1
10407;167;219;253;land;false;plains;1
10408;194;249;109;land;false;plains;1
10409;227;253;137;land;false;plains;1
10410;248;49;241;land;false;forest;1
10411;215;227;188;land;false;plains;1
10412;156;223;183;land;false;forest;1
10413;247;185;209;land;false;plains;1
10414;164;238;165;land;false;forest;1
10415;117;166;220;land;false;plains;1
10416;195;155;163;land;false;forest;1
10417;176;207;223;land;false;forest;1
10418;128;189;200;land;false;plains;1
10419;164;146;226;land;false;plains;1
10420;168;253;103;land;false;plains;1
10421;145;168;243;land;false;forest;1
10422;200;240;102;land;false;plains;1
10423;101;218;183;land;false;forest;1
10424;146;131;232;land;false;plains;1
10425;209;160;150;land;false;plains;1
10426;238;215;223;land;false;plains;1
10427;252;135;125;land;false;plains;1
10428;185;172;191;land;false;plains;1
10429;170;242;122;land;false;plains;1
10430;171;184;236;land;false;urban;1
10431;227;78;236;land;true;plains;1
10432;207;245;219;land;false;forest;1
10433;248;234;216;land;false;plains;1
10434;216;185;197;land;false;forest;1
10435;246;181;122;land;false;forest;1
10436;227;239;39;land;false;plains;1
10437;227;97;188;land;false;urban;1
10438;231;202;136;land;false;forest;1
10439;238;135;149;land;false;plains;1
10440;211;197;243;land;false;plains;1
10441;182;171;234;land;false;forest;1
10442;213;93;231;land;false;plains;1
10443;221;72;252;land;false;forest;1
10444;215;179;126;land;false;forest;1
10445;90;243;192;land;false;plains;1
10446;208;215;249;land;false;plains;1
10447;209;169;145;land;false;plains;1
10448;204;238;60;land;false;forest;1
10449;232;140;167;land;false;forest;1
10450;14;247;248;land;false;plains;1
10451;207;253;196;land;false;forest;1
10452;205;204;201;land;false;plains;1
10453;136;241;126;land;false;plains;1
10454;185;190;239;land;false;forest;1
10455;210;244;165;land;false;urban;1
10456;226;231;218;land;false;plains;1
10457;202;127;232;land;false;plains;1
10458;76;205;224;land;false;forest;1
10459;201;205;98;land;false;plains;1
10460;169;253;211;land;false;forest;1
10461;212;253;189;land;false;urban;1
10462;242;132;200;land;false;plains;1
10463;176;230;231;land;false;forest;1
10464;150;252;154;land;false;forest;1
10465;94;243;214;land;false;forest;1
10466;227;212;243;land;false;plains;1
10467;249;217;89;land;false;plains;1
10468;226;181;140;land;false;plains;1
10469;144;188;252;land;false;forest;1
10470;244;153;147;land;false;plains;1
10471;248;232;170;land;false;forest;1
10472;185;188;202;land;false;plains;1
10473;254;223;175;land;false;plains;1
10474;170;108;230;land;false;plains;1
10475;95;238;203;land;false;plains;1
10476;209;236;206;land;false;urban;1
10477;227;254;213;land;false;plains;1
10478;142;159;244;land;false;forest;1
10479;209;135;247;land;false;forest;1
10480;163;212;132;land;false;forest;1
10481;32;224;249;land;false;forest;1
10482;209;188;123;land;false;urban;1
10483;205;89;230;land;false;plains;1
10484;126;221;241;land;false;plains;1
10485;250;189;154;land;false;plains;1
10486;250;107;222;land;false;forest;1
10487;250;228;81;land;false;plains;1
10488;216;90;200;land;false;plains;1
10489;79;251;177;land;false;hills;1
10490;144;157;202;land;false;forest;1
10491;201;117;186;land;false;forest;1
10492;195;67;240;land;false;forest;1
10493;157;180;188;land;false;plains;1
10494;238;220;113;land;false;plains;1
10495;174;227;178;land;false;plains;1
10496;110;215;184;land;false;plains;1
10497;209;94;215;land;false;forest;1
10498;223;167;177;land;false;plains;1
10499;244;246;64;land;false;plains;1
10500;220;132;214;land;false;urban;1
10501;222;212;98;land;true;plains;1
10502;227;235;73;land;false;forest;1
10503;137;157;234;land;false;forest;1
10504;132;174;199;land;false;urban;1
10505;128;232;205;land;false;plains;1
10506;149;223;160;land;false;plains;1
10507;126;192;243;land;false;plains;1
10508;201;212;236;land;false;forest;1
10509;99;252;174;land;false;plains;1
10510;241;145;231;land;false;plains;1
10511;213;159;164;land;false;plains;1
10512;147;167;241;land;false;plains;1
10513;170;244;247;land;false;plains;1
10514;130;226;185;land;false;forest;1
10515;206;212;145;land;false;forest;1
10516;157;239;234;land;false;forest;1
10517;142;189;236;land;false;urban;1
10518;163;169;246;land;false;plains;1
10519;228;140;179;land;false;plains;1
10520;241;123;179;land;false;forest;1
10521;252;246;187;land;false;hills;1
10522;90;244;208;land;false;plains;1
10523;224;172;199;land;false;forest;1
10524;213;50;247;land;false;forest;1
10525;232;113;252;land;false;plains;1
10526;212;97;204;land;false;urban;1
10527;244;223;142;land;false;forest;1
10528;139;167;211;land;false;plains;1
10529;221;42;250;land;false;plains;1
10530;244;243;56;land;false;forest;1
10531;253;200;158;land;false;plains;1
10532;118;205;189;land;false;plains;1
10533;241;241;253;land;false;plains;1
10534;127;240;216;land;false;plains;1
10535;168;214;223;land;false;plains;1
10536;119;235;214;land;false;plains;1
10537;165;147;227;land;false;plains;1
10538;172;235;134;land;false;plains;1
10539;112;224;199;land;false;plains;1
10540;108;211;235;land;false;plains;1
10541;211;246;65;land;false;plains;1
10542;186;151;229;land;false;plains;1
10543;131;205;220;land;false;plains;1
10544;244;203;190;land;false;plains;1
10545;237;141;215;land;false;plains;1
10546;203;175;123;land;false;plains;1
10547;177;194;153;land;false;plains;1
10548;215;250;194;land;false;plains;1
10549;212;143;213;land;false;forest;1
10550;183;253;180;land;false;urban;1
10551;193;200;203;land;false;plains;1
10552;178;209;210;land;false;plains;1
10553;236;41;252;land;false;plains;1
10554;220;238;81;land;false;hills;1
10555;240;203;142;land;true;plains;1
10556;228;237;251;land;false;forest;1
10557;228;216;132;land;false;urban;1
10558;207;134;218;land;false;urban;1
10559;224;125;236;land;false;plains;1
10560;139;213;211;land;false;forest;1
10561;203;211;138;land;false;plains;1
10562;253;118;246;land;false;plains;1
10563;214;159;234;land;false;plains;1
10564;182;216;181;land;false;plains;1
10565;105;242;165;land;false;plains;1
10566;246;210;91;land;false;forest;1
10567;245;150;192;land;false;plains;1
10568;170;233;159;land;false;plains;1
10569;64;224;241;land;false;plains;1
10570;245;205;204;land;false;forest;1
10571;107;234;169;land;false;urban;1
10572;158;224;227;land;false;plains;1
10573;247;58;207;land;false;plains;1
10574;250;212;79;land;false;plains;1
10575;79;217;244;land;false;urban;1
10576;174;106;244;land;false;urban;1
10577;217;207;188;land;false;plains;1
10578;188;162;199;land;false;plains;1
10579;209;229;69;land;false;plains;1
10580;231;202;101;land;false;urban;1
10581;227;86;229;land;false;urban;1
10582;132;254;167;land;false;plains;1
10583;101;165;243;land;false;plains;1
10584;182;254;237;land;false;plains;1
10585;233;213;203;land;false;plains;1
10586;203;225;149;land;false;plains;1
10587;155;104;243;land;false;plains;1
10588;204;197;115;land;false;forest;1
10589;218;132;156;land;false;plains;1
10590;180;167;158;land;false;plains;1
10591;185;251;239;land;false;plains;1
10592;226;207;102;land;false;plains;1
10593;69;221;217;land;false;plains;1
10594;253;199;128;land;false;urban;1
10595;84;233;215;land;false;plains;1
10596;160;247;95;land;false;forest;1
10597;215;238;194;land;false;forest;1
10598;204;138;202;land;false;urban;1
10599;156;243;170;land;false;plains;1
10600;155;230;209;land;false;plains;1
10601;206;236;165;land;false;plains;1
10602;210;239;169;land;false;plains;1
10603;128;180;238;land;false;plains;1
10604;162;210;222;land;false;plains;1
10605;189;251;231;land;false;plains;1
10606;224;233;145;land;false;plains;1
10607;125;173;204;land;false;urban;1
10608;222;112;210;land;false;forest;1
10609;68;253;195;land;false;plains;1
10610;197;147;247;land;false;forest;1
10611;238;51;247;land;false;urban;1
10612;222;212;204;land;false;plains;1
10613;204;225;109;land;false;plains;1
10614;233;90;189;land;false;plains;1
10615;223;153;192;land;false;forest;1
10616;241;242;190;land;false;forest;1
10617;186;230;245;land;false;urban;1
10618;231;126;241;land;false;plains;1
10619;119;236;197;land;false;forest;1
10620;161;193;174;land;false;urban;1
10621;138;239;213;land;false;plains;1
10622;93;223;247;land;false;plains;1
10623;130;207;214;land;false;hills;1
10624;149;250;213;land;false;plains;1
10625;234;173;225;land;false;plains;1
10626;167;249;250;land;false;forest;1
10627;116;226;175;land;false;forest;1
10628;62;233;221;land;false;plains;1
10629;222;146;207;land;false;plains;1
10630;199;233;87;land;false;plains;1
10631;93;228;208;land;false;forest;1
10632;205;246;199;land;false;plains;1
10633;187;141;179;land;false;plains;1
10634;183;78;250;land;false;forest;1
10635;128;250;171;land;false;plains;1
10636;171;221;184;land;false;urban;1
10637;176;128;207;land;false;plains;1
10638;203;128;235;land;false;plains;1
10639;253;104;197;land;false;plains;1
10640;227;192;230;land;false;plains;1
10641;198;208;141;land;false;plains;1
10642;116;200;214;land;false;forest;1
10643;223;146;167;land;false;forest;1
10644;237;108;178;land;false;forest;1
10645;240;233;147;land;false;plains;1
10646;131;249;195;land;false;forest;1
10647;239;179;202;land;false;plains;1
10648;125;223;232;land;false;plains;1
10649;110;224;183;land;false;plains;1
10650;200;181;207;land;false;urban;1
10651;128;183;198;land;false;plains;1
10652;105;232;251;land;false;plains;1
10653;144;198;249;land;false;forest;1
10654;235;203;246;land;false;urban;1
10655;195;133;250;land;false;urban;1
10656;221;43;238;land;false;plains;1
10657;153;192;172;land;false;plains;1
10658;137;196;231;land;false;forest;1
10659;195;176;167;land;false;forest;1
10660;205;159;155;land;false;plains;1
10661;171;97;242;land;false;plains;1
10662;109;206;206;land;false;forest;1
10663;252;178;156;land;false;plains;1
10664;206;125;199;land;false;urban;1
10665;249;248;26;land;false;urban;1
10666;141;191;252;land;false;forest;1
10667;162;238;199;land;false;plains;1
10668;159;172;237;land;false;plains;1
10669;175;145;226;land;false;forest;1
10670;180;227;167;land;false;forest;1
10671;219;166;193;land;false;urban;1
10672;167;250;179;land;false;plains;1
10673;253;103;168;land;false;plains;1
10674;59;243;234;land;false;hills;1
10675;222;156;194;land;true;plains;1
10676;236;63;236;land;false;plains;1
10677;144;121;253;land;false;urban;1
10678;129;232;191;land;false;urban;1
10679;204;133;181;land;false;plains;1
10680;96;230;254;land;false;plains;1
10681;119;207;197;land;false;plains;1
10682;249;253;14;land;false;plains;1
10683;187;190;196;land;false;forest;1
10684;249;139;117;land;false;plains;1
10685;246;204;121;land;false;urban;1
10686;229;239;110;land;false;forest;1
10687;214;155;186;land;false;plains;1
10688;226;118;158;land;false;forest;1
10689;189;143;193;land;false;plains;1
10690;186;166;183;land;false;forest;1
10691;85;212;225;land;false;plains;1
10692;199;191;165;land;false;plains;1
10693;243;179;209;land;false;plains;1
10694;98;222;217;land;false;forest;1
10695;210;235;188;land;false;plains;1
10696;73;213;216;land;false;forest;1
10697;187;239;152;land;false;plains;1
10698;115;217;207;land;false;forest;1
10699;167;251;158;land;false;forest;1
10700;168;112;241;land;false;plains;1
10701;166;227;244;land;false;plains;1
10702;252;57;197;land;false;plains;1
10703;249;200;244;land;false;forest;1
10704;77;235;197;land;false;plains;1
10705;148;162;248;land;false;plains;1
10706;176;216;253;land;false;urban;1
10707;226;175;182;land;false;forest;1
10708;89;254;235;land;false;plains;1
10709;211;210;136;land;false;forest;1
10710;88;183;252;land;false;plains;1
10711;177;243;203;land;false;forest;1
10712;155;182;222;land;false;forest;1
10713;158;208;171;land;false;plains;1
10714;211;138;166;land;false;plains;1
10715;121;194;201;land;false;plains;1
10716;234;251;236;land;false;plains;1
10717;155;247;144;land;false;plains;1
10718;217;242;101;land;false;plains;1
10719;225;190;140;land;false;forest;1
10720;241;218;190;land;false;forest;1
10721;92;203;214;land;false;forest;1
10722;146;250;143;land;false;plains;1
10723;208;147;248;land;false;plains;1
10724;172;203;195;land;false;forest;1
10725;219;226;183;land;false;forest;1
10726;168;252;169;land;false;urban;1
10727;130;252;231;land;false;plains;1
10728;244;194;88;land;false;plains;1
10729;77;242;207;land;false;forest;1
10730;175;242;113;land;false;forest;1
10731;217;147;182;land;false;plains;1
10732;202;144;204;land;false;urban;1
10733;209;254;231;land;false;plains;1
10734;199;84;249;land;false;plains;1
10735;249;98;221;land;true;plains;1
10736;136;179;242;land;false;plains;1
10737;99;169;235;land;false;forest;1
10738;92;238;216;land;false;forest;1
10739;237;149;131;land;false;plains;1
10740;248;215;65;land;false;forest;1
10741;185;243;194;land;false;forest;1
10742;75;250;197;land;false;forest;1
10743;192;232;137;land;false;plains;1
10744;196;236;155;land;false;plains;1
10745;160;167;248;land;false;forest;1
10746;120;138;248;land;false;plains;1
10747;163;117;254;land;false;plains;1
10748;247;206;188;land;false;plains;1
10749;123;155;245;land;false;urban;1
10750;242;205;170;land;false;plains;1
10751;223;219;94;land;false;forest;1
10752;237;214;250;land;false;plains;1
10753;207;145;162;land;false;plains;1
10754;211;129;216;land;false;plains;1
10755;165;239;169;land;false;forest;1
10756;107;252;191;land;false;plains;1
10757;250;154;202;land;false;plains;1
10758;192;233;146;land;false;forest;1
10759;205;195;166;land;false;forest;1
10760;178;161;198;land;false;forest;1
10761;210;153;212;land;false;forest;1
10762;158;120;250;land;false;plains;1
10763;144;248;181;land;false;plains;1
10764;240;198;181;land;false;plains;1
10765;120;215;219;land;false;plains;1
10766;113;234;160;land;false;plains;1
10767;60;244;202;land;false;plains;1
10768;182;158;205;land;false;forest;1
10769;173;186;162;land;true;forest;1
10770;227;201;184;land;false;forest;1
10771;223;133;185;land;false;forest;1
10772;77;234;247;land;false;urban;1
10773;138;172;229;land;false;forest;1
10774;224;194;189;land;false;forest;1
10775;151;230;239;land;false;forest;1
10776;211;156;222;land;false;urban;1
10777;158;243;249;land;false;plains;1
10778;204;248;74;land;false;forest;1
10779;214;250;126;land;false;plains;1
10780;231;213;209;land;false;plains;1
10781;108;182;233;land;false;forest;1
10782;207;85;246;land;false;plains;1
10783;252;112;226;land;false;plains;1
10784;247;228;86;land;false;urban;1
10785;246;185;136;land;false;plains;1
10786;238;220;171;land;false;plains;1
10787;159;249;98;land;false;forest;1
10788;218;125;214;land;false;plains;1
10789;248;254;234;land;false;urban;1
10790;220;226;200;land;false;plains;1
10791;162;127;231;land;false;forest;1
10792;118;238;147;land;false;plains;1
10793;121;166;245;land;false;forest;1
10794;178;181;167;land;false;plains;1
10795;208;244;134;land;false;plains;1
10796;235;167;141;land;false;forest;1
10797;154;190;224;land;false;forest;1
10798;179;174;193;land;false;forest;1
10799;221;192;206;land;false;plains;1
10800;232;94;180;land;true;plains;1
10801;250;174;235;land;false;plains;1
10802;245;180;112;land;false;forest;1
10803;205;254;232;land;false;forest;1
10804;112;241;236;land;false;plains;1
10805;100;219;227;land;false;forest;1
10806;201;127;245;land;false;forest;1
10807;228;207;83;land;false;plains;1
10808;233;187;93;land;false;forest;1
10809;181;148;184;land;false;plains;1
10810;227;116;248;land;false;plains;1
10811;202;194;242;land;false;plains;1
10812;164;145;244;land;false;forest;1
10813;114;214;210;land;false;forest;1
10814;227;233;138;land;false;plains;1
10815;246;104;158;land;false;plains;1
10816;181;176;176;land;false;plains;1
10817;194;247;94;land;false;forest;1
10818;241;138;156;land;false;urban;1
10819;176;111;229;land;false;plains;1
10820;143;207;174;land;false;plains;1
10821;232;46;226;land;false;plains;1
10822;155;152;242;land;false;forest;1
10823;165;239;167;land;true;plains;1
10824;201;199;182;land;false;plains;1
10825;210;61;243;land;false;forest;1
10826;195;136;225;land;false;urban;1
10827;82;252;202;land;false;plains;1
10828;107;245;198;land;false;plains;1
10829;239;199;74;land;false;plains;1
10830;186;107;228;land;false;forest;1
10831;242;121;236;land;false;plains;1
10832;213;239;162;land;false;forest;1
10833;245;186;107;land;false;plains;1
10834;221;124;189;land;false;plains;1
10835;253;204;179;land;false;plains;1
10836;203;186;217;land;false;plains;1
10837;244;228;66;land;false;plains;1
10838;156;137;239;land;false;forest;1
10839;146;191;172;land;false;urban;1
10840;203;175;162;land;false;plains;1
10841;228;225;159;land;false;plains;1
10842;162;136;227;land;false;plains;1
10843;227;207;173;land;false;plains;1
10844;210;234;176;land;false;plains;1
10845;186;110;247;land;false;plains;1
10846;232;133;237;land;false;plains;1
10847;183;179;185;land;false;forest;1
10848;125;175;229;land;false;plains;1
10849;113;214;181;land;false;forest;1
10850;107;170;231;land;false;forest;1
10851;246;246;9;land;false;urban;1
10852;185;234;110;land;false;plains;1
10853;128;160;237;land;false;plains;1
10854;175;162;221;land;false;forest;1
10855;248;153;206;land;false;hills;1
10856;215;177;160;land;false;plains;1
10857;151;175;217;land;false;plains;1
10858;167;173;199;land;false;plains;1
10859;227;215;110;land;false;plains;1
10860;196;130;209;land;false;forest;1
10861;234;93;188;land;false;plains;1
10862;170;254;115;land;false;plains;1
10863;145;130;235;land;false;forest;1
10864;89;239;196;land;false;plains;1
10865;235;244;172;land;false;forest;1
10866;244;74;211;land;false;urban;1
10867;223;245;84;land;false;plains;1
10868;106;223;252;land;false;plains;1
10869;69;250;224;land;false;plains;1
10870;207;193;114;land;false;plains;1
10871;219;231;191;land;false;plains;1
10872;198;83;224;land;false;plains;1
10873;186;237;157;land;false;hills;1
10874;168;146;200;land;true;plains;1
10875;171;248;88;land;false;plains;1
10876;217;229;81;land;false;urban;1
10877;62;250;236;land;false;plains;1
10878;123;245;170;land;false;plains;1
10879;186;153;211;land;false;forest;1
10880;222;229;247;land;false;plains;1
10881;193;152;197;land;false;plains;1
10882;227;158;174;land;false;plains;1
10883;199;206;122;land;false;forest;1
10884;238;183;127;land;false;plains;1
10885;243;182;210;land;false;plains;1
10886;237;242;112;land;false;plains;1
10887;213;83;244;land;false;forest;1
10888;235;96;248;land;false;forest;1
10889;217;198;212;land;false;plains;1
10890;174;198;234;land;false;plains;1
10891;203;120;231;land;false;plains;1
10892;218;164;126;land;false;plains;1
10893;176;221;237;land;false;plains;1
10894;206;234;224;land;false;forest;1
10895;214;147;206;land;false;plains;1
10896;185;205;113;land;false;urban;1
10897;220;254;234;land;false;forest;1
10898;206;156;210;land;false;plains;1
10899;247;238;105;land;false;plains;1
10900;238;155;216;land;false;plains;1
10901;50;231;228;land;false;forest;1
10902;57;245;234;land;false;plains;1
10903;205;212;141;land;false;plains;1
10904;232;151;175;land;false;forest;1
10905;243;104;213;land;true;plains;1
10906;169;222;180;land;false;plains;1
10907;150;162;244;land;false;plains;1
10908;145;219;211;land;false;plains;1
10909;235;91;207;land;false;forest;1
10910;137;209;159;land;false;plains;1
10911;192;254;245;land;false;plains;1
10912;165;193;198;land;false;plains;1
10913;192;233;86;land;true;forest;1
10914;53;206;248;land;false;plains;1
10915;242;50;217;land;false;urban;1
10916;166;253;146;land;false;forest;1
10917;188;252;217;land;false;plains;1
10918;238;186;185;land;false;plains;1
10919;229;93;233;land;false;hills;1
10920;152;198;237;land;false;hills;1
10921;146;146;225;land;true;plains;1
10922;245;147;203;land;false;plains;1
10923;209;197;218;land;false;plains;1
10924;226;192;108;land;false;forest;1
10925;177;247;87;land;false;forest;1
10926;75;245;212;land;false;plains;1
10927;196;210;151;land;false;plains;1
10928;171;242;99;land;false;plains;1
10929;146;202;190;land;false;plains;1
10930;194;139;186;land;false;plains;1
10931;211;199;244;land;false;forest;1
10932;197;173;244;land;false;plains;1
10933;137;207;204;land;false;plains;1
10934;148;203;235;land;false;plains;1
10935;253;224;160;land;false;plains;1
10936;245;233;240;land;false;plains;1
10937;198;254;214;land;false;plains;1
10938;225;164;135;land;false;forest;1
10939;129;242;214;land;false;forest;1
10940;252;196;62;land;false;urban;1
10941;167;197;215;land;false;urban;1
10942;252;171;225;land;false;plains;1
10943;39;239;228;land;false;plains;1
10944;207;199;152;land;false;plains;1
10945;238;46;228;land;false;forest;1
10946;248;241;134;land;false;hills;1
10947;180;203;175;land;false;plains;1
10948;187;213;110;land;false;hills;1
10949;174;228;241;land;false;urban;1
10950;252;211;147;land;false;plains;1
10951;202;245;250;land;false;plains;1
10952;195;245;66;land;false;forest;1
10953;176;204;163;land;false;plains;1
10954;166;241;137;land;false;forest;1
10955;249;92;202;land;false;plains;1
10956;238;234;237;land;false;forest;1
10957;240;182;146;land;false;plains;1
10958;180;173;190;land;false;plains;1
10959;208;246;144;land;false;forest;1
10960;190;177;254;land;false;plains;1
10961;218;213;145;land;false;plains;1
10962;184;231;97;land;false;plains;1
10963;220;69;240;land;false;plains;1
10964;247;43;251;land;false;forest;1
10965;249;251;62;land;false;plains;1
10966;160;211;195;land;false;plains;1
10967;248;114;178;land;false;plains;1
10968;254;63;235;land;false;forest;1
10969;176;251;146;land;false;urban;1
10970;223;140;253;land;false;forest;1
10971;179;208;179;land;true;plains;1
10972;209;129;224;land;false;plains;1
10973;150;241;111;land;false;urban;1
10974;107;244;154;land;false;plains;1
10975;218;121;185;land;false;plains;1
10976;171;205;142;land;false;plains;1
10977;195;241;254;land;false;plains;1
10978;82;247;173;land;false;forest;1
10979;167;165;223;land;false;forest;1
10980;129;243;203;land;false;plains;1
10981;247;210;247;land;false;forest;1
10982;190;216;160;land;false;urban;1
10983;226;92;251;land;false;plains;1
10984;206;110;197;land;false;plains;1
10985;233;203;240;land;false;urban;1
10986;115;136;253;land;false;plains;1
10987;95;198;216;land;true;forest;1
10988;128;229;169;land;false;plains;1
10989;214;185;226;land;false;plains;1
10990;209;202;118;land;false;urban;1
10991;163;176;229;land;false;forest;1
10992;221;198;193;land;false;plains;1
10993;56;243;230;land;false;plains;1
10994;242;229;183;land;false;urban;1
10995;159;244;185;land;false;plains;1
10996;102;251;154;land;false;urban;1
10997;246;117;201;land;false;forest;1
10998;75;205;223;land;false;plains;1
10999;251;203;86;land;false;plains;1
11000;176;187;221;land;false;plains;1
11001;186;132;188;land;false;forest;1
11002;231;114;208;land;false;hills;1
11003;226;190;92;land;false;plains;1
11004;210;242;98;land;false;forest;1
11005;234;194;204;land;false;forest;1
11006;253;169;235;land;false;plains;1
11007;210;75;243;land;false;plains;1
11008;224;87;196;land;false;urban;1
11009;86;188;232;land;false;plains;1
11010;233;205;215;land;false;hills;1
11011;139;250;175;land;true;plains;1
11012;183;92;236;land;true;plains;1
11013;143;171;229;land;false;forest;1
11014;226;212;93;land;false;forest;1
11015;218;221;95;land;false;urban;1
11016;62;251;191;land;false;plains;1
11017;192;198;216;land;false;forest;1
11018;109;194;237;land;false;plains;1
11019;252;97;187;land;false;plains;1
11020;98;183;235;land;false;plains;1
11021;142;165;238;land;true;plains;1
11022;202;196;183;land;false;forest;1
11023;204;234;127;land;false;plains;1
11024;251;107;201;land;false;plains;1
11025;238;46;245;land;false;plains;1
11026;192;222;173;land;false;plains;1
11027;225;204;123;land;false;plains;1
11028;238;119;224;land;false;forest;1
11029;96;164;245;land;false;plains;1
11030;226;189;152;land;false;hills;1
11031;104;221;233;land;true;forest;1
11032;175;191;176;land;false;forest;1
11033;244;203;126;land;false;plains;1
11034;219;227;200;land;true;plains;1
11035;201;240;182;land;false;forest;1
11036;232;108;218;land;false;urban;1
11037;214;162;127;land;false;plains;1
11038;205;235;148;land;false;plains;1
11039;102;206;234;land;false;plains;1
11040;223;96;234;land;false;plains;1
11041;190;223;224;land;false;plains;1
11042;41;254;215;land;false;urban;1
11043;91;193;246;land;false;plains;1
11044;185;170;250;land;false;forest;1
11045;140;233;225;land;false;plains;1
11046;194;170;151;land;false;plains;1
11047;211;173;158;land;false;forest;1
11048;241;239;231;land;false;urban;1
11049;222;216;87;land;false;plains;1
11050;223;254;214;land;false;plains;1
11051;251;212;159;land;false;plains;1
11052;211;201;213;land;false;plains;1
11053;158;136;227;land;false;forest;1
11054;148;230;238;land;false;urban;1
11055;234;58;247;land;false;plains;1
11056;144;180;216;land;true;plains;1
11057;253;241;204;land;false;forest;1
11058;237;253;235;land;false;urban;1
11059;239;194;122;land;false;plains;1
11060;202;237;194;land;false;plains;1
11061;118;214;186;land;false;forest;1
11062;250;49;206;land;false;forest;1
11063;246;184;240;land;false;plains;1
11064;215;162;232;land;false;plains;1
11065;206;154;252;land;false;hills;1
11066;218;138;157;land;false;hills;1
11067;240;96;197;land;false;plains;1
11068;131;224;235;land;false;plains;1
11069;251;252;50;land;false;urban;1
11070;242;45;247;land;false;plains;1
11071;207;154;167;land;false;urban;1
11072;238;189;176;land;false;forest;1
11073;201;163;144;land;false;plains;1
11074;194;229;207;land;false;plains;1
11075;247;248;6;land;false;plains;1
11076;199;125;233;land;false;plains;1
11077;220;159;181;land;false;urban;1
11078;206;235;63;land;false;plains;1
11079;113;244;214;land;false;hills;1
11080;230;224;72;land;true;plains;1
11081;203;224;133;land;false;forest;1
11082;125;234;250;land;false;forest;1
11083;110;237;164;land;false;plains;1
11084;215;223;76;land;false;forest;1
11085;246;236;152;land;false;forest;1
11086;222;248;80;land;true;plains;1
11087;158;230;154;land;false;plains;1
11088;209;185;124;land;false;plains;1
11089;246;120;227;land;false;forest;1
11090;189;239;183;land;true;plains;1
11091;167;214;167;land;true;plains;1
11092;213;252;198;land;true;urban;1
11093;131;220;250;land;false;forest;1
11094;179;176;224;land;false;forest;1
11095;216;138;166;land;false;plains;1
11096;199;238;174;land;false;plains;1
11097;104;173;245;land;false;forest;1
11098;221;169;240;land;false;plains;1
11099;149;175;195;land;false;plains;1
11100;87;243;216;land;false;forest;1
11101;239;170;211;land;false;plains;1
11102;125;253;244;land;false;forest;1
11103;241;204;61;land;false;forest;1
11104;191;221;246;land;false;forest;1
11105;181;160;172;land;false;plains;1
11106;243;112;251;land;false;forest;1
11107;254;148;110;land;false;forest;1
11108;158;224;188;land;false;urban;1
11109;219;142;217;land;false;forest;1
11110;233;228;136;land;false;hills;1
11111;102;236;234;land;false;plains;1
11112;254;172;90;land;false;urban;1
11113;247;158;151;land;false;plains;1
11114;58;224;240;land;false;plains;1
11115;190;82;246;land;false;hills;1
11116;207;154;210;land;false;urban;1
11117;189;179;147;land;false;forest;1
11118;254;89;167;land;false;plains;1
11119;156;245;240;land;false;plains;1
11120;211;114;220;land;false;plains;1
11121;98;248;172;land;false;forest;1
11122;203;153;219;land;false;plains;1
11123;139;229;211;land;false;forest;1
11124;132;242;200;land;false;plains;1
11125;160;196;250;land;false;forest;1
11126;192;243;85;land;false;urban;1
11127;167;119;232;land;false;forest;1
11128;220;222;171;land;false;plains;1
11129;240;112;225;land;false;plains;1
11130;230;221;180;land;false;plains;1
11131;210;236;56;land;false;plains;1
11132;209;189;157;land;false;forest;1
11133;238;142;205;land;false;plains;1
11134;117;213;225;land;false;plains;1
11135;226;176;209;land;true;plains;1
11136;239;237;49;land;false;plains;1
11137;219;192;100;land;false;forest;1
11138;89;237;187;land;false;forest;1
11139;176;253;121;land;false;urban;1
11140;233;169;156;land;false;plains;1
11141;227;203;214;land;false;hills;1
11142;243;173;183;land;false;forest;1
11143;254;211;226;land;false;plains;1
11144;154;231;221;land;false;plains;1
11145;131;241;205;land;false;plains;1
11146;235;32;242;land;false;forest;1
11147;180;229;228;land;false;urban;1
11148;207;159;180;land;false;forest;1
11149;113;166;226;land;false;plains;1
11150;225;215;64;land;false;plains;1
11151;109;235;174;land;true;forest;1
11152;226;126;207;land;true;plains;1
11153;242;186;79;land;false;forest;1
11154;200;86;222;land;false;forest;1
11155;187;196;154;land;false;plains;1
11156;229;193;175;land;false;forest;1
11157;216;214;178;land;false;plains;1
11158;239;208;144;land;false;plains;1
11159;217;162;215;land;true;forest;1
11160;167;238;114;land;false;forest;1
11161;242;222;126;land;false;forest;1
11162;205;186;220;land;false;forest;1
11163;49;235;233;land;false;forest;1
11164;216;220;149;land;false;forest;1
11165;153;212;167;land;false;hills;1
11166;152;169;214;land;false;forest;1
11167;120;200;203;land;false;forest;1
11168;210;132;234;land;false;forest;1
11169;113;220;211;land;false;forest;1
11170;186;166;219;land;false;plains;1
11171;214;190;181;land;false;hills;1
11172;231;220;158;land;true;plains;1
11173;205;151;198;land;false;forest;1
11174;165;143;229;land;false;plains;1
11175;195;133;247;land;false;plains;1
11176;209;245;178;land;false;plains;1
11177;213;156;195;land;false;forest;1
11178;209;118;237;land;false;plains;1
11179;235;204;74;land;false;plains;1
11180;89;208;238;land;false;forest;1
11181;216;251;123;land;true;urban;1
11182;111;217;180;land;true;forest;1
11183;150;205;159;land;false;plains;1
11184;243;81;216;land;false;plains;1
11185;193;139;179;land;false;forest;1
11186;233;185;191;land;false;forest;1
11187;241;248;14;land;false;plains;1
11188;208;124;189;land;false;plains;1
11189;172;229;140;land;false;plains;1
11190;120;209;187;land;false;plains;1
11191;212;230;204;land;false;forest;1
11192;83;210;220;land;false;forest;1
11193;146;215;155;land;false;hills;1
11194;122;240;154;land;false;urban;1
11195;234;82;214;land;false;plains;1
11196;196;230;75;land;false;forest;1
11197;66;232;242;land;false;plains;1
11198;120;249;209;land;false;plains;1
11199;204;210;153;land;false;forest;1
11200;217;192;160;land;false;plains;1
11201;175;212;215;land;false;plains;1
11202;222;246;80;land;false;plains;1
11203;213;239;204;land;false;plains;1
11204;243;252;235;land;false;plains;1
11205;103;157;249;land;false;plains;1
11206;170;184;148;land;false;forest;1
11207;241;183;207;land;false;plains;1
11208;194;210;169;land;false;plains;1
11209;238;135;206;land;false;plains;1
11210;41;254;254;land;false;plains;1
11211;248;166;141;land;false;plains;1
11212;237;138;127;land;false;plains;1
11213;210;118;197;land;false;plains;1
11214;233;199;112;land;false;plains;1
11215;188;217;119;land;false;forest;1
11216;173;191;147;land;true;forest;1
11217;242;97;176;land;false;plains;1
11218;241;51;218;land;false;plains;1
11219;193;174;159;land;false;forest;1
11220;242;137;128;land;false;plains;1
11221;169;215;149;land;false;forest;1
11222;212;179;195;land;false;plains;1
11223;220;142;250;land;false;forest;1
11224;88;225;218;land;false;forest;1
11225;185;220;250;land;false;plains;1
11226;125;202;234;land;false;forest;1
11227;143;175;208;land;false;plains;1
11228;182;142;218;land;false;forest;1
11229;252;190;127;land;false;plains;1
11230;210;126;245;land;false;plains;1
11231;138;133;241;land;true;plains;1
11232;198;188;216;land;true;plains;1
11233;208;253;118;land;false;plains;1
11234;235;177;234;land;false;plains;1
11235;129;155;229;land;false;forest;1
11236;104;232;200;land;false;forest;1
11237;224;138;184;land;false;plains;1
11238;123;250;235;land;false;plains;1
11239;58;237;208;land;false;forest;1
11240;182;234;167;land;false;plains;1
11241;178;160;220;land;false;forest;1
11242;193;120;192;land;true;forest;1
11243;76;226;199;land;false;plains;1
11244;237;240;225;land;false;forest;1
11245;30;245;249;land;false;plains;1
11246;219;53;253;land;false;plains;1
11247;252;119;180;land;false;forest;1
11248;191;93;237;land;false;forest;1
11249;204;224;169;land;false;forest;1
11250;126;230;150;land;false;forest;1
11251;207;119;200;land;false;plains;1
11252;253;215;190;land;false;forest;1
11253;236;157;173;land;false;forest;1
11254;138;169;229;land;false;plains;1
11255;190;199;252;land;false;plains;1
11256;159;179;169;land;false;forest;1
11257;163;232;243;land;false;forest;1
11258;202;143;230;land;false;plains;1
11259;95;196;242;land;false;forest;1
11260;131;235;247;land;false;forest;1
11261;245;216;159;land;false;forest;1
11262;220;77;212;land;false;plains;1
11263;64;232;220;land;false;forest;1
11264;140;154;226;land;false;forest;1
11265;191;117;239;land;false;plains;1
11266;165;193;166;land;false;plains;1
11267;243;228;107;land;false;forest;1
11268;234;171;233;land;false;hills;1
11269;147;227;143;land;false;forest;1
11270;215;197;204;land;false;plains;1
11271;143;229;234;land;false;forest;1
11272;179;247;174;land;false;plains;1
11273;168;246;198;land;false;plains;1
11274;238;159;138;land;false;forest;1
11275;172;177;241;land;false;forest;1
11276;133;216;178;land;false;forest;1
11277;249;178;81;land;false;plains;1
11278;218;66;248;land;false;plains;1
11279;208;143;235;land;false;plains;1
11280;143;174;224;land;false;plains;1
11281;244;244;174;land;false;plains;1
11282;200;165;193;land;false;plains;1
11283;244;120;168;land;false;plains;1
11284;251;206;181;land;false;forest;1
11285;215;180;183;land;false;forest;1
11286;186;201;208;land;false;forest;1
11287;169;235;98;land;false;plains;1
11288;226;131;194;land;false;hills;1
11289;95;199;228;land;false;plains;1
11290;242;216;249;land;false;forest;1
11291;192;201;196;land;true;forest;1
11292;227;140;194;land;false;forest;1
11293;218;195;144;land;false;forest;1
11294;246;104;191;land;false;forest;1
11295;142;160;213;land;false;hills;1
11296;241;172;190;land;false;hills;1
11297;231;195;111;land;false;plains;1
11298;205;230;205;land;false;forest;1
11299;115;239;221;land;false;forest;1
11300;202;229;179;land;false;plains;1
11301;68;239;234;land;false;forest;1
11302;224;162;213;land;false;forest;1
11303;195;148;201;land;false;plains;1
11304;168;253;124;land;false;forest;1
11305;128;129;254;land;false;plains;1
11306;154;177;175;land;false;plains;1
11307;185;93;238;land;false;plains;1
11308;216;168;229;land;true;plains;1
11309;188;226;108;land;false;forest;1
11310;187;124;246;land;false;forest;1
11311;213;143;226;land;false;plains;1
11312;123;228;188;land;false;plains;1
11313;170;226;140;land;false;forest;1
11314;238;212;229;land;false;plains;1
11315;161;132;214;land;false;forest;1
11316;240;169;143;land;false;forest;1
11317;115;235;161;land;false;forest;1
11318;180;205;232;land;false;forest;1
11319;212;199;206;land;false;plains;1
11320;227;59;221;land;false;plains;1
11321;252;180;140;land;false;plains;1
11322;215;182;105;land;false;forest;1
11323;251;76;223;land;false;plains;1
11324;171;188;192;land;false;hills;1
11325;250;106;178;land;false;forest;1
11326;227;73;238;land;false;forest;1
11327;250;169;224;land;false;plains;1
11328;190;175;225;land;false;plains;1
11329;203;151;252;land;false;plains;1
11330;196;141;237;land;false;plains;1
11331;216;200;139;land;false;plains;1
11332;139;212;190;land;false;urban;1
11333;152;202;163;land;false;plains;1
11334;179;205;209;land;false;forest;1
11335;150;160;213;land;false;plains;1
11336;225;251;202;land;false;plains;1
11337;197;229;185;land;false;plains;1
11338;159;218;251;land;false;plains;1
11339;189;243;211;land;false;forest;1
11340;140;131;241;land;false;plains;1
11341;212;120;216;land;false;forest;1
11342;125;253;192;land;false;hills;1
11343;184;108;225;land;false;plains;1
11344;177;187;190;land;false;forest;1
11345;136;226;206;land;false;plains;1
11346;220;230;165;land;false;plains;1
11347;211;110;194;land;false;plains;1
11348;250;170;161;land;false;forest;1
11349;249;113;227;land;false;forest;1
11350;183;207;207;land;false;forest;1
11351;183;202;229;land;false;plains;1
11352;181;184;236;land;false;forest;1
11353;231;132;158;land;false;plains;1
11354;144;125;232;land;false;forest;1
11355;182;169;214;land;false;plains;1
11356;207;232;180;land;false;urban;1
11357;254;166;121;land;false;plains;1
11358;210;191;109;land;false;plains;1
11359;231;138;230;land;false;urban;1
11360;253;236;248;land;false;plains;1
11361;229;161;176;land;false;plains;1
11362;126;191;237;land;false;forest;1
11363;251;214;82;land;false;plains;1
11364;179;121;209;land;false;plains;1
11365;245;206;193;land;false;plains;1
11366;185;181;191;land;false;plains;1
11367;167;245;229;land;false;plains;1
11368;217;117;184;land;false;plains;1
11369;185;246;187;land;false;plains;1
11370;236;217;248;land;false;forest;1
11371;156;193;215;land;false;plains;1
11372;251;141;164;land;false;plains;1
11373;221;92;225;land;false;hills;1
11374;189;211;112;land;false;forest;1
11375;117;176;252;land;false;plains;1
11376;176;181;180;land;false;plains;1
11377;222;249;61;land;false;forest;1
11378;182;186;167;land;false;forest;1
11379;251;216;182;land;false;plains;1
11380;150;207;164;land;false;forest;1
11381;239;111;159;land;false;plains;1
11382;228;249;254;land;false;forest;1
11383;243;207;187;land;false;plains;1
11384;249;150;177;land;false;forest;1
11385;183;243;132;land;false;forest;1
11386;198;154;164;land;false;plains;1
11387;178;245;193;land;false;plains;1
11388;246;211;225;land;false;hills;1
11389;34;236;234;land;false;plains;1
11390;252;173;251;land;true;forest;1
11391;190;143;231;land;false;forest;1
11392;211;247;200;land;false;plains;1
11393;220;117;241;land;false;forest;1
11394;228;48;252;land;false;forest;1
11395;100;234;235;land;false;plains;1
11396;186;197;138;land;false;plains;1
11397;219;227;139;land;false;plains;1
11398;254;162;171;land;false;plains;1
11399;244;81;220;land;false;forest;1
11400;241;183;85;land;false;forest;1
11401;149;163;233;land;false;plains;1
11402;224;250;184;land;false;hills;1
11403;244;160;169;land;false;forest;1
11404;148;227;208;land;false;plains;1
11405;149;157;236;land;false;plains;1
11406;241;201;241;land;false;plains;1
11407;240;222;224;land;false;plains;1
11408;177;115;239;land;false;plains;1
11409;43;229;233;land;false;plains;1
11410;246;155;209;land;false;plains;1
11411;173;215;127;land;false;hills;1
11412;242;16;246;land;false;forest;1
11413;170;188;218;land;false;forest;1
11414;208;252;52;land;false;plains;1
11415;232;124;148;land;false;plains;1
11416;216;153;212;land;false;plains;1
11417;174;199;163;land;false;forest;1
11418;199;204;200;land;false;forest;1
11419;250;7;250;land;false;forest;1
11420;161;168;238;land;false;plains;1
11421;160;166;198;land;false;plains;1
11422;210;254;61;land;false;plains;1
11423;246;197;218;land;false;plains;1
11424;168;137;227;land;false;plains;1
11425;240;121;250;land;false;forest;1
11426;239;145;253;land;false;plains;1
11427;250;173;140;land;false;plains;1
11428;246;254;237;land;false;plains;1
11429;167;199;158;land;false;urban;1
11430;172;241;177;land;false;plains;1
11431;168;113;230;land;false;forest;1
11432;170;246;235;land;false;plains;1
11433;218;82;219;land;false;urban;1
11434;203;193;244;land;false;forest;1
11435;250;109;254;land;false;forest;1
11436;145;235;248;land;false;forest;1
11437;199;224;143;land;false;urban;1
11438;188;149;252;land;false;hills;1
11439;248;144;233;land;true;plains;1
11440;239;188;75;land;false;forest;1
11441;193;177;251;land;false;forest;1
11442;182;180;166;land;false;plains;1
11443;16;243;249;land;false;plains;1
11444;194;117;205;land;false;plains;1
11445;69;240;247;land;false;plains;1
11446;188;108;234;land;false;hills;1
11447;194;218;113;land;false;plains;1
11448;161;203;144;land;false;plains;1
11449;229;249;59;land;false;plains;1
11450;164;186;169;land;false;plains;1
11451;174;165;167;land;false;plains;1
11452;237;237;63;land;false;forest;1
11453;126;248;243;land;false;plains;1
11454;191;226;160;land;false;forest;1
11455;122;229;209;land;false;forest;1
11456;113;242;147;land;false;forest;1
11457;212;203;104;land;false;plains;1
11458;213;140;163;land;false;plains;1
11459;242;178;82;land;false;plains;1
11460;228;130;151;land;false;plains;1
11461;237;230;61;land;false;plains;1
11462;171;186;221;land;false;forest;1
11463;202;180;235;land;false;hills;1
11464;134;181;233;land;false;hills;1
11465;248;147;228;land;false;forest;1
11466;213;193;188;land;false;plains;1
11467;87;196;238;land;false;forest;1
11468;231;247;115;land;false;forest;1
11469;208;153;249;land;false;plains;1
11470;144;228;175;land;false;plains;1
11471;164;241;186;land;false;plains;1
11472;35;235;243;land;false;plains;1
11473;230;195;234;land;false;plains;1
11474;216;136;208;land;false;hills;1
11475;251;246;5;land;false;hills;1
11476;181;217;183;land;true;plains;1
11477;231;243;50;land;false;plains;1
11478;215;125;231;land;false;plains;1
11479;167;223;167;land;false;plains;1
11480;239;163;206;land;false;plains;1
11481;211;153;216;land;false;plains;1
11482;126;250;215;land;false;plains;1
11483;223;231;192;land;false;plains;1
11484;219;241;53;land;false;plains;1
11485;201;219;172;land;true;urban;1
11486;141;249;164;land;false;forest;1
11487;205;185;191;land;false;plains;1
11488;113;239;210;land;false;plains;1
11489;129;228;211;land;false;plains;1
11490;200;196;164;land;false;plains;1
11491;211;187;187;land;false;plains;1
11492;88;238;192;land;false;plains;1
11493;114;225;164;land;false;forest;1
11494;211;221;167;land;false;forest;1
11495;186;234;175;land;false;forest;1
11496;250;230;105;land;false;forest;1
11497;178;185;189;land;false;forest;1
11498;248;238;95;land;false;plains;1
11499;152;214;215;land;false;plains;1
11500;98;252;191;land;false;plains;1
11501;122;207;213;land;false;hills;1
11502;172;168;201;land;false;forest;1
11503;211;228;219;land;false;plains;1
11504;214;143;177;land;false;forest;1
11505;176;112;238;land;false;plains;1
11506;232;106;208;land;false;forest;1
11507;198;117;212;land;false;plains;1
11508;92;246;184;land;false;plains;1
11509;184;177;183;land;false;hills;1
11510;220;242;107;land;true;plains;1
11511;135;199;201;land;true;forest;1
11512;251;135;229;land;false;forest;1
11513;112;143;253;land;false;plains;1
11514;160;188;162;land;false;plains;1
11515;217;114;217;land;false;plains;1
11516;190;181;225;land;false;plains;1
11517;251;252;71;land;false;forest;1
11518;225;205;164;land;false;plains;1
11519;229;206;85;land;false;hills;1
11520;189;248;163;land;true;plains;1
11521;186;241;227;land;true;forest;1
11522;58;235;235;land;false;plains;1
11523;174;221;172;land;false;plains;1
11524;221;196;207;land;false;plains;1
11525;182;146;250;land;false;plains;1
11526;170;244;118;land;false;plains;1
11527;117;232;152;land;false;plains;1
11528;181;150;188;land;false;plains;1
11529;253;143;195;land;false;plains;1
11530;111;252;200;land;false;forest;1
11531;241;221;133;land;false;forest;1
11532;217;229;170;land;false;plains;1
11533;195;227;124;land;false;plains;1
11534;209;169;161;land;false;plains;1
11535;219;217;175;land;false;plains;1
11536;150;216;161;land;false;forest;1
11537;227;160;138;land;false;forest;1
11538;189;205;120;land;false;plains;1
11539;163;224;223;land;false;forest;1
11540;125;174;214;land;false;plains;1
11541;244;191;85;land;false;forest;1
11542;243;115;184;land;false;plains;1
11543;179;140;209;land;false;hills;1
11544;241;67;204;land;false;hills;1
11545;103;220;231;land;false;forest;1
11546;208;200;179;land;false;urban;1
11547;253;181;88;land;false;forest;1
11548;195;172;176;land;false;plains;1
11549;160;181;225;land;false;forest;1
11550;165;137;203;land;false;forest;1
11551;154;199;185;land;false;plains;1
11552;162;232;247;land;false;plains;1
11553;120;211;206;land;false;plains;1
11554;109;224;241;land;false;plains;1
11555;250;229;57;land;false;forest;1
11556;159;227;179;land;false;plains;1
11557;253;113;206;land;false;plains;1
11558;184;244;235;land;false;plains;1
11559;166;237;231;land;false;forest;1
11560;233;159;235;land;false;forest;1
11561;184;91;229;land;false;forest;1
11562;131;248;227;land;false;forest;1
11563;81;241;187;land;false;forest;1
11564;200;216;241;land;false;forest;1
11565;213;80;243;land;false;forest;1
11566;252;214;74;land;false;forest;1
11567;164;220;190;land;false;forest;1
11568;223;185;250;land;false;plains;1
11569;50;215;244;land;false;forest;1
11570;236;200;207;land;false;forest;1
11571;228;180;165;land;false;forest;1
11572;125;214;195;land;false;forest;1
11573;238;203;181;land;false;forest;1
11574;183;176;243;land;false;plains;1
11575;201;202;221;land;false;plains;1
11576;182;156;214;land;false;plains;1
11577;59;200;252;land;false;plains;1
11578;217;149;209;land;false;plains;1
11579;183;89;231;land;false;plains;1
11580;77;227;230;land;false;plains;1
11581;162;243;208;land;false;forest;1
11582;236;195;218;land;false;forest;1
11583;186;164;185;land;false;plains;1
11584;152;187;190;land;false;plains;1
11585;208;96;233;land;false;plains;1
11586;216;246;159;land;false;plains;1
11587;250;151;105;land;false;plains;1
11588;140;159;239;land;false;plains;1
11589;83;254;220;land;false;plains;1
11590;163;179;220;land;false;plains;1
11591;139;208;206;land;false;plains;1
11592;164;232;162;land;false;plains;1
11593;162;254;252;land;false;forest;1
11594;235;201;83;land;false;plains;1
11595;206;208;130;land;false;plains;1
11596;187;159;218;land;false;plains;1
11597;111;210;234;land;false;plains;1
11598;86;243;251;land;false;plains;1
11599;211;235;196;land;false;forest;1
11600;90;244;175;land;false;plains;1
11601;238;228;137;land;false;forest;1
11602;221;123;185;land;false;forest;1
11603;158;237;232;land;false;plains;1
11604;115;254;222;land;false;forest;1
11605;251;175;153;land;false;plains;1
11606;242;152;146;land;false;plains;1
11607;140;214;202;land;false;plains;1
11608;220;243;219;land;false;forest;1
11609;200;210;174;land;false;hills;1
11610;199;99;226;land;false;forest;1
11611;252;207;157;land;false;plains;1
11612;210;204;230;land;false;plains;1
11613;171;231;235;land;false;forest;1
11614;122;224;210;land;false;forest;1
11615;213;232;191;land;false;hills;1
11616;207;233;148;land;false;forest;1
11617;228;91;225;land;false;plains;1
11618;244;176;174;land;false;forest;1
11619;131;248;190;land;false;forest;1
11620;168;147;247;land;false;plains;1
11621;252;165;212;land;false;plains;1
11622;156;227;171;land;false;plains;1
11623;174;137;233;land;false;plains;1
11624;114;252;181;land;false;forest;1
11625;164;225;209;land;false;forest;1
11626;196;137;235;land;false;forest;1
11627;249;36;225;land;false;plains;1
11628;229;109;195;land;false;forest;1
11629;242;201;154;land;false;forest;1
11630;215;236;79;land;false;plains;1
11631;87;249;227;land;false;plains;1
11632;184;151;237;land;false;forest;1
11633;199;195;125;land;false;plains;1
11634;125;195;198;land;false;plains;1
11635;219;222;210;land;false;hills;1
11636;235;132;200;land;false;forest;1
11637;186;174;217;land;false;plains;1
11638;168;93;251;land;false;forest;1
11639;239;175;88;land;false;urban;1
11640;247;169;120;land;false;plains;1
11641;142;243;157;land;false;plains;1
11642;227;157;147;land;false;plains;1
11643;187;186;135;land;false;plains;1
11644;237;193;167;land;false;plains;1
11645;207;224;108;land;false;forest;1
11646;201;186;250;land;false;forest;1
11647;54;224;251;land;false;forest;1
11648;246;251;198;land;false;forest;1
11649;209;89;205;land;false;plains;1
11650;223;156;128;land;false;plains;1
11651;96;211;215;land;false;plains;1
11652;223;157;217;land;false;forest;1
11653;212;164;146;land;false;forest;1
11654;145;182;192;land;false;plains;1
11655;254;97;240;land;false;plains;1
11656;205;136;161;land;false;plains;1
11657;188;91;249;land;false;hills;1
11658;223;213;102;land;false;forest;1
11659;167;168;252;land;false;forest;1
11660;254;176;97;land;false;plains;1
11661;239;182;89;land;false;forest;1
11662;89;223;191;land;false;plains;1
11663;242;236;130;land;false;plains;1
11664;220;210;170;land;false;hills;1
11665;207;226;122;land;false;hills;1
11666;223;253;95;land;false;forest;1
11667;74;239;241;land;false;plains;1
11668;88;193;235;land;false;plains;1
11669;244;225;41;land;false;plains;1
11670;172;242;108;land;false;plains;1
11671;217;192;110;land;false;plains;1
11672;218;195;204;land;false;forest;1
11673;225;252;59;land;false;forest;1
11674;198;182;171;land;false;hills;1
11675;236;148;154;land;false;plains;1
11676;141;210;216;land;false;forest;1
11677;161;175;166;land;false;forest;1
11678;212;192;241;land;false;plains;1
11679;197;92;231;land;false;plains;1
11680;160;237;142;land;false;plains;1
11681;232;98;248;land;false;forest;1
11682;110;208;237;land;false;forest;1
11683;173;219;188;land;false;forest;1
11684;214;164;198;land;false;plains;1
11685;201;142;251;land;false;plains;1
11686;210;70;238;land;false;hills;1
11687;251;223;125;land;false;forest;1
11688;185;174;235;land;false;forest;1
11689;184;250;121;land;false;plains;1
11690;244;245;216;land;false;forest;1
11691;253;108;253;land;false;plains;1
11692;95;253;215;land;false;forest;1
11693;199;113;241;land;false;plains;1
11694;194;202;165;land;false;plains;1
11695;247;221;192;land;false;plains;1
11696;246;11;252;land;false;forest;1
11697;199;201;145;land;false;plains;1
11698;182;126;217;land;false;hills;1
11699;141;191;238;land;false;forest;1
11700;242;114;201;land;false;plains;1
11701;236;191;192;land;false;plains;1
11702;231;247;121;land;false;forest;1
11703;245;243;124;land;false;forest;1
11704;78;245;194;land;false;forest;1
11705;253;211;54;land;false;plains;1
11706;235;160;125;land;false;plains;1
11707;18;238;250;land;false;forest;1
11708;218;167;186;land;false;forest;1
11709;228;243;79;land;false;plains;1
11710;240;203;239;land;false;plains;1
11711;187;222;170;land;false;plains;1
11712;192;210;237;land;false;plains;1
11713;56;238;207;land;false;plains;1
11714;75;216;232;land;false;forest;1
11715;183;230;166;land;false;plains;1
11716;224;67;231;land;false;plains;1
11717;235;158;250;land;false;forest;1
11718;99;208;194;land;false;plains;1
11719;52;253;230;land;false;plains;1
11720;163;253;192;land;false;plains;1
11721;246;179;179;land;false;plains;1
11722;196;159;247;land;false;hills;1
11723;221;208;101;land;true;forest;1
11724;117;195;197;land;false;forest;1
11725;183;224;234;land;false;forest;1
11726;179;169;179;land;false;forest;1
11727;97;218;214;land;false;plains;1
11728;170;140;234;land;false;plains;1
11729;141;150;215;land;false;forest;1
11730;182;136;196;land;false;plains;1
11731;205;245;243;land;false;plains;1
11732;251;165;180;land;false;plains;1
11733;197;125;234;land;false;plains;1
11734;248;249;240;land;false;plains;1
11735;249;186;250;land;false;forest;1
11736;185;239;130;land;false;hills;1
11737;209;205;137;land;false;forest;1
11738;172;158;245;land;false;plains;1
11739;234;163;141;land;false;plains;1
11740;208;253;228;land;false;plains;1
11741;181;215;207;land;false;hills;1
11742;244;182;81;land;false;hills;1
11743;173;212;224;land;false;forest;1
11744;150;156;196;land;false;plains;1
11745;229;117;159;land;false;plains;1
11746;212;221;130;land;false;plains;1
11747;136;199;206;land;false;plains;1
11748;117;242;247;land;false;forest;1
11749;120;236;230;land;false;forest;1
11750;235;210;101;land;false;forest;1
11751;233;239;197;land;false;forest;1
11752;251;111;242;land;false;forest;1
11753;109;211;202;land;true;forest;1
11754;134;198;233;land;false;forest;1
11755;237;198;90;land;false;forest;1
11756;205;144;188;land;false;plains;1
11757;242;231;111;land;false;plains;1
11758;192;252;201;land;false;forest;1
11759;80;228;209;land;false;plains;1
11760;167;167;190;land;false;plains;1
11761;247;50;231;land;false;plains;1
11762;239;133;174;land;false;plains;1
11763;119;161;245;land;false;plains;1
11764;174;153;236;land;false;forest;1
11765;237;223;67;land;false;forest;1
11766;100;204;207;land;false;forest;1
11767;240;206;75;land;false;forest;1
11768;245;210;227;land;false;forest;1
11769;229;232;248;land;false;plains;1
11770;196;240;199;land;false;plains;1
11771;159;201;176;land;false;plains;1
11772;195;242;238;land;false;plains;1
11773;49;253;234;land;false;plains;1
11774;193;202;201;land;false;hills;1
11775;218;124;222;land;false;forest;1
11776;199;220;164;land;false;forest;1
11777;220;189;207;land;false;forest;1
11778;127;193;183;land;false;plains;1
11779;109;212;195;land;false;forest;1
11780;236;216;142;land;false;plains;1
11781;239;238;203;land;false;hills;1
11782;253;64;185;land;false;forest;1
11783;225;239;253;land;false;forest;1
11784;209;162;163;land;false;forest;1
11785;249;196;205;land;false;forest;1
11786;167;223;132;land;false;plains;1
11787;227;121;253;land;false;forest;1
11788;185;177;251;land;false;plains;1
11789;215;210;192;land;false;forest;1
11790;213;51;254;land;false;plains;1
11791;208;232;244;land;false;forest;1
11792;249;218;205;land;false;plains;1
11793;173;150;227;land;false;plains;1
11794;123;232;220;land;false;plains;1
11795;211;176;233;land;false;plains;1
11796;200;105;253;land;false;plains;1
11797;232;150;158;land;false;plains;1
11798;191;194;242;land;false;forest;1
11799;126;220;253;land;false;hills;1
11800;250;122;229;land;false;plains;1
11801;231;34;237;land;true;plains;1
11802;216;228;135;land;false;plains;1
11803;76;223;220;land;false;plains;1
11804;215;184;181;land;false;plains;1
11805;232;229;254;land;false;plains;1
11806;178;80;245;land;false;forest;1
11807;229;159;124;land;false;forest;1
11808;136;236;132;land;false;plains;1
11809;213;197;211;land;false;forest;1
11810;109;209;195;land;false;plains;1
11811;253;121;129;land;false;forest;1
11812;117;250;201;land;false;forest;1
11813;205;194;153;land;false;plains;1
11814;246;116;224;land;false;forest;1
11815;177;189;179;land;false;plains;1
11816;183;211;246;land;true;plains;1
11817;176;194;134;land;false;plains;1
11818;207;94;218;land;false;forest;1
11819;77;243;190;land;false;forest;1
11820;87;237;191;land;false;plains;1
11821;207;168;226;land;false;plains;1
11822;111;215;240;land;false;forest;1
11823;87;222;195;land;false;forest;1
11824;222;220;203;land;false;forest;1
11825;192;247;199;land;false;forest;1
11826;138;210;204;land;false;forest;1
11827;232;230;123;land;false;forest;1
11828;251;217;137;land;false;forest;1
11829;143;154;227;land;false;plains;1
11830;112;146;252;land;false;plains;1
11831;243;103;226;land;false;plains;1
11832;170;146;196;land;false;forest;1
11833;145;171;206;land;false;forest;1
11834;68;230;233;land;false;forest;1
11835;100;206;208;land;false;forest;1
11836;165;137;245;land;false;forest;1
11837;158;137;208;land;false;plains;1
11838;236;214;237;land;false;hills;1
11839;169;238;191;land;false;plains;1
11840;243;254;208;land;false;forest;1
11841;191;244;99;land;false;plains;1
11842;195;215;141;land;false;hills;1
11843;136;157;213;land;false;forest;1
11844;230;162;151;land;false;forest;1
11845;228;108;165;land;false;plains;1
11846;135;139;231;land;false;plains;1
11847;202;129;224;land;false;plains;1
11848;227;176;160;land;false;plains;1
11849;235;168;136;land;false;plains;1
11850;59;254;214;land;false;urban;1
11851;152;143;236;land;false;hills;1
11852;206;103;192;land;false;forest;1
11853;210;179;252;land;false;plains;1
11854;170;246;253;land;false;plains;1
11855;166;197;216;land;false;plains;1
11856;104;254;156;land;false;plains;1
11857;252;193;246;land;false;plains;1
11858;198;131;200;land;false;plains;1
11859;158;149;202;land;false;plains;1
11860;194;139;184;land;false;hills;1
11861;243;175;172;land;false;plains;1
11862;182;175;242;land;false;plains;1
11863;216;245;158;land;false;forest;1
11864;209;132;197;land;false;forest;1
11865;252;131;198;land;false;plains;1
11866;188;143;222;land;false;plains;1
11867;204;93;213;land;false;forest;1
11868;189;244;210;land;false;plains;1
11869;217;237;177;land;false;plains;1
11870;218;198;156;land;false;forest;1
11871;221;244;128;land;false;plains;1
11872;246;166;114;land;false;forest;1
11873;236;213;239;land;false;plains;1
11874;154;176;171;land;false;forest;1
11875;207;123;232;land;false;forest;1
11876;204;94;254;land;false;plains;1
11877;166;229;111;land;false;plains;1
11878;245;79;206;land;false;forest;1
11879;173;235;97;land;false;hills;1
11880;230;185;193;land;false;forest;1
11881;209;139;176;land;false;plains;1
11882;130;254;163;land;false;plains;1
11883;125;171;248;land;false;plains;1
11884;193;97;245;land;false;plains;1
11885;229;46;232;land;false;plains;1
11886;169;206;192;land;false;forest;1
11887;241;131;156;land;false;plains;1
11888;237;197;226;land;false;plains;1
11889;202;243;227;land;false;urban;1
11890;229;241;114;land;false;plains;1
11891;179;230;228;land;false;forest;1
11892;232;215;145;land;false;plains;1
11893;92;201;234;land;false;plains;1
11894;193;189;238;land;false;plains;1
11895;222;249;194;land;false;forest;1
11896;114;238;245;land;false;forest;1
11897;159;197;215;land;false;plains;1
11898;135;165;237;land;false;forest;1
11899;68;221;218;land;false;forest;1
11900;108;227;171;land;false;forest;1
11901;236;187;195;land;false;plains;1
11902;176;237;182;land;false;forest;1
11903;131;142;240;land;false;plains;1
11904;204;246;198;land;false;forest;1
11905;69;224;219;land;false;plains;1
11906;215;252;112;land;false;forest;1
11907;98;226;188;land;false;plains;1
11908;33;225;254;land;false;plains;1
11909;172;112;248;land;false;plains;1
11910;77;251;234;land;false;plains;1
11911;204;250;150;land;false;plains;1
11912;174;192;254;land;false;plains;1
11913;134;236;232;land;false;forest;1
11914;178;251;199;land;false;plains;1
11915;204;153;242;land;false;plains;1
11916;75;246;209;land;false;hills;1
11917;191;245;246;land;false;forest;1
11918;36;218;251;land;false;forest;1
11919;166;187;211;land;false;plains;1
11920;207;71;229;land;false;plains;1
11921;204;252;222;land;false;plains;1
11922;120;222;235;land;false;plains;1
11923;248;213;199;land;false;plains;1
11924;193;205;245;land;false;mountain;1
11925;117;182;251;land;false;plains;1
11926;197;235;203;land;false;plains;1
11927;254;80;194;land;false;plains;1
11928;181;95;241;land;false;plains;1
11929;251;80;188;land;false;plains;1
11930;246;246;170;land;false;forest;1
11931;220;116;192;land;false;plains;1
11932;189;223;92;land;false;forest;1
11933;125;240;162;land;false;plains;1
11934;203;179;222;land;false;plains;1
11935;140;205;232;land;false;forest;1
11936;71;242;226;land;false;plains;1
11937;168;180;254;land;false;forest;1
11938;247;157;210;land;false;plains;1
11939;238;62;207;land;false;plains;1
11940;211;236;102;land;false;plains;1
11941;242;45;219;land;false;plains;1
11942;176;247;97;land;false;forest;1
11943;194;185;130;land;false;forest;1
11944;221;110;218;land;false;plains;1
11945;84;191;235;land;false;hills;1
11946;119;248;215;land;false;mountain;1
11947;129;217;248;land;false;plains;1
11948;227;210;148;land;false;plains;1
11949;233;126;167;land;false;urban;1
11950;76;242;201;land;false;plains;1
11951;249;239;175;land;false;plains;1
11952;167;222;230;land;false;forest;1
11953;222;161;250;land;false;plains;1
11954;247;19;253;land;false;forest;1
11955;133;190;196;land;false;forest;1
11956;191;96;232;land;false;plains;1
11957;117;146;247;land;false;forest;1
11958;119;237;204;land;false;hills;1
11959;192;235;105;land;false;hills;1
11960;200;223;94;land;false;hills;1
11961;190;159;214;land;false;plains;1
11962;234;248;250;land;false;forest;1
11963;114;205;193;land;false;forest;1
11964;176;207;251;land;false;plains;1
11965;146;185;230;land;false;plains;1
11966;174;107;238;land;false;plains;1
11967;152;246;190;land;false;forest;1
11968;51;243;239;land;false;forest;1
11969;129;155;240;land;false;plains;1
11970;163;143;211;land;false;forest;1
11971;118;245;213;land;false;plains;1
11972;235;172;119;land;false;plains;1
11973;163;132;237;land;false;forest;1
11974;150;153;225;land;false;forest;1
11975;243;200;85;land;false;forest;1
11976;209;102;251;land;false;forest;1
11977;220;152;201;land;false;hills;1
11978;166;233;125;land;false;hills;1
11979;236;216;112;land;false;forest;1
11980;198;251;87;land;false;forest;1
11981;235;235;138;land;false;forest;1
11982;245;244;201;land;false;plains;1
11983;240;241;131;land;false;plains;1
11984;242;250;252;land;false;plains;1
11985;93;233;217;land;false;forest;1
11986;172;245;95;land;false;plains;1
11987;244;222;84;land;false;plains;1
11988;165;221;135;land;false;plains;1
11989;139;181;228;land;false;forest;1
11990;222;228;150;land;false;plains;1
11991;245;222;95;land;false;plains;1
11992;186;250;156;land;false;plains;1
11993;206;220;227;land;false;plains;1
11994;201;243;153;land;false;plains;1
11995;188;160;164;land;false;plains;1
11996;235;58;249;land;true;hills;1
11997;216;245;50;land;false;plains;1
11998;170;201;223;land;false;plains;1
11999;213;142;184;land;false;plains;1
12000;245;246;171;land;false;forest;1
12001;233;228;182;land;false;hills;1
12002;153;217;249;land;false;plains;1
12003;216;132;195;land;false;plains;1
12004;231;109;227;land;false;plains;1
12005;126;190;247;land;false;forest;1
12006;198;245;199;land;false;plains;1
12007;241;213;123;land;false;forest;1
12008;227;236;78;land;false;hills;1
12009;183;213;117;land;false;plains;1
12010;205;215;154;land;false;forest;1
12011;126;206;186;land;false;forest;1
12012;215;190;109;land;false;forest;1
12013;206;231;146;land;false;plains;1
12014;150;217;226;land;false;forest;1
12015;201;182;144;land;false;forest;1
12016;252;113;158;land;false;plains;1
12017;251;231;197;land;false;forest;1
12018;148;254;249;land;false;plains;1
12019;236;156;159;land;false;plains;1
12020;205;64;248;land;false;hills;1
12021;138;240;177;land;false;hills;1
12022;252;226;206;land;false;urban;1
12023;242;204;76;land;false;forest;1
12024;193;171;175;land;false;plains;1
12025;223;227;122;land;false;plains;1
12026;219;100;220;land;false;plains;1
12027;233;254;16;land;false;plains;1
12028;174;208;140;land;false;forest;1
12029;249;244;118;land;false;forest;1
12030;68;202;250;land;false;forest;1
12031;216;214;209;land;false;plains;1
12032;153;239;166;land;false;hills;1
12033;239;218;183;land;false;plains;1
12034;196;252;118;land;false;forest;1
12035;123;254;244;land;false;plains;1
12036;94;179;248;land;false;forest;1
12037;126;248;145;land;false;forest;1
12038;179;99;236;land;false;forest;1
12039;60;252;191;land;false;plains;1
12040;236;208;71;land;false;forest;1
12041;225;251;70;land;false;forest;1
12042;230;197;232;land;false;plains;1
12043;225;147;142;land;false;plains;1
12044;247;232;156;land;false;forest;1
12045;220;226;163;land;false;hills;1
12046;232;251;208;land;false;plains;1
12047;131;208;166;land;false;forest;1
12048;198;194;180;land;false;plains;1
12049;148;218;150;land;false;forest;1
12050;156;195;240;land;false;forest;1
12051;219;192;160;land;false;plains;1
12052;224;182;198;land;false;plains;1
12053;221;143;197;land;false;plains;1
12054;127;200;216;land;false;plains;1
12055;115;208;213;land;false;plains;1
12056;207;216;217;land;false;plains;1
12057;139;211;233;land;false;plains;1
12058;250;136;234;land;false;plains;1
12059;211;215;211;land;false;forest;1
12060;123;220;219;land;false;forest;1
12061;127;214;215;land;false;forest;1
12062;186;209;239;land;true;plains;1
12063;179;250;251;land;true;plains;1
12064;254;119;142;land;false;plains;1
12065;203;107;227;land;false;forest;1
12066;91;228;251;land;false;forest;1
12067;215;239;66;land;false;forest;1
12068;220;232;184;land;false;plains;1
12069;182;227;242;land;false;forest;1
12070;245;19;246;land;false;plains;1
12071;216;211;142;land;false;plains;1
12072;214;243;249;land;false;plains;1
12073;169;202;232;land;false;forest;1
12074;249;194;115;land;false;plains;1
12075;211;208;230;land;false;plains;1
12076;175;181;233;land;false;plains;1
12077;192;79;231;land;false;plains;1
12078;80;208;252;land;false;forest;1
12079;207;251;161;land;false;forest;1
12080;197;179;242;land;false;plains;1
12081;242;64;253;land;false;plains;1
12082;126;132;252;land;false;plains;1
12083;231;196;174;land;false;plains;1
12084;98;240;179;land;false;plains;1
12085;153;218;173;land;false;plains;1
12086;170;91;253;land;false;forest;1
12087;250;88;178;land;false;plains;1
12088;217;225;224;land;false;plains;1
12089;150;183;233;land;false;forest;1
12090;122;229;213;land;false;hills;1
12091;190;204;217;land;false;hills;1
12092;232;221;146;land;false;hills;1
12093;173;239;231;land;false;forest;1
12094;210;237;113;land;false;forest;1
12095;160;180;166;land;false;plains;1
12096;252;223;100;land;false;plains;1
12097;113;175;247;land;false;plains;1
12098;56;253;202;land;false;plains;1
12099;178;150;202;land;false;forest;1
12100;238;240;132;land;false;forest;1
12101;157;117;241;land;false;plains;1
12102;224;247;76;land;false;forest;1
12103;39;232;236;land;false;plains;1
12104;239;36;248;land;false;forest;1
12105;166;204;219;land;false;forest;1
12106;203;230;164;land;false;plains;1
12107;193;129;231;land;false;forest;1
12108;202;76;240;land;false;plains;1
12109;118;158;225;land;false;forest;1
12110;201;181;136;land;false;plains;1
12111;202;217;215;land;false;plains;1
12112;168;204;174;land;false;plains;1
12113;177;198;168;land;false;forest;1
12114;106;168;240;land;false;forest;1
12115;192;147;237;land;false;forest;1
12116;250;203;179;land;false;forest;1
12117;50;251;208;land;false;plains;1
12118;114;242;206;land;false;plains;1
12119;176;103;236;land;false;hills;1
12120;251;81;225;land;false;hills;1
12121;241;227;40;land;false;hills;1
12122;249;199;132;land;false;plains;1
12123;182;67;253;land;false;plains;1
12124;73;254;177;land;false;forest;1
12125;221;205;231;land;false;plains;1
12126;210;173;230;land;false;forest;1
12127;228;91;195;land;false;forest;1
12128;230;176;152;land;false;forest;1
12129;122;239;141;land;false;plains;1
12130;224;174;249;land;false;plains;1
12131;247;41;217;land;false;plains;1
12132;245;176;130;land;false;hills;1
12133;219;161;175;land;false;hills;1
12134;168;241;219;land;true;plains;1
12135;240;247;82;land;false;plains;1
12136;188;205;171;land;false;urban;1
12137;213;128;232;land;false;plains;1
12138;254;235;136;land;false;plains;1
12139;243;111;253;land;false;forest;1
12140;252;148;236;land;false;forest;1
12141;124;239;171;land;false;plains;1
12142;154;244;114;land;false;plains;1
12143;249;237;92;land;false;plains;1
12144;53;246;250;land;false;forest;1
12145;252;247;132;land;false;urban;1
12146;230;208;130;land;false;plains;1
12147;143;236;181;land;false;plains;1
12148;236;123;231;land;false;plains;1
12149;217;254;74;land;false;forest;1
12150;218;125;184;land;false;plains;1
12151;242;118;201;land;false;hills;1
12152;191;137;200;land;false;forest;1
12153;227;236;252;land;false;plains;1
12154;203;147;243;land;false;plains;1
12155;130;141;246;land;false;plains;1
12156;219;233;74;land;false;forest;1
12157;159;190;156;land;false;forest;1
12158;192;152;164;land;false;plains;1
12159;182;196;233;land;false;forest;1
12160;251;115;192;land;false;forest;1
12161;215;137;152;land;false;plains;1
12162;240;177;187;land;false;plains;1
12163;136;177;212;land;false;forest;1
12164;232;234;192;land;false;forest;1
12165;250;137;246;land;false;forest;1
12166;158;203;145;land;false;plains;1
12167;238;244;168;land;false;hills;1
12168;199;225;211;land;false;mountain;1
12169;215;191;121;land;false;forest;1
12170;245;216;194;land;false;forest;1
12171;222;195;217;land;false;forest;1
12172;212;218;213;land;false;forest;1
12173;253;122;138;land;false;plains;1
12174;217;250;94;land;false;hills;1
12175;176;155;241;land;false;forest;1
12176;189;197;119;land;false;plains;1
12177;134;169;202;land;false;plains;1
12178;220;231;219;land;false;forest;1
12179;248;83;187;land;false;plains;1
12180;251;121;209;land;false;plains;1
12181;219;190;178;land;false;hills;1
12182;254;229;215;land;false;forest;1
12183;209;225;67;land;false;plains;1
12184;252;124;188;land;false;plains;1
12185;250;246;71;land;false;plains;1
12186;202;214;199;land;false;plains;1
12187;238;160;138;land;false;plains;1
12188;104;244;203;land;false;plains;1
12189;244;165;200;land;false;hills;1
12190;86;217;228;land;false;plains;1
12191;245;108;153;land;false;forest;1
12192;153;176;211;land;false;urban;1
12193;143;156;213;land;false;plains;1
12194;251;197;59;land;false;plains;1
12195;208;247;49;land;false;forest;1
12196;67;231;234;land;false;plains;1
12197;205;72;233;land;false;plains;1
12198;245;250;58;land;false;forest;1
12199;165;231;160;land;false;forest;1
12200;251;102;234;land;false;forest;1
12201;217;252;202;land;false;forest;1
12202;242;219;240;land;false;forest;1
12203;212;183;118;land;false;forest;1
12204;181;234;159;land;false;plains;1
12205;250;223;80;land;false;plains;1
12206;175;117;211;land;false;plains;1
12207;210;122;243;land;false;hills;1
12208;169;183;245;land;false;hills;1
12209;199;168;214;land;false;forest;1
12210;187;189;129;land;false;plains;1
12211;197;126;250;land;false;plains;1
12212;234;184;130;land;false;plains;1
12213;145;198;181;land;false;forest;1
12214;112;243;181;land;false;plains;1
12215;212;233;232;land;false;forest;1
12216;149;231;162;land;false;plains;1
12217;213;127;199;land;false;forest;1
12218;252;88;178;land;false;forest;1
12219;190;239;99;land;false;plains;1
12220;224;189;160;land;false;forest;1
12221;188;176;239;land;false;mountain;1
12222;252;225;210;land;false;plains;1
12223;215;198;201;land;false;forest;1
12224;111;211;208;land;false;forest;1
12225;240;235;161;land;false;forest;1
12226;252;159;138;land;false;plains;1
12227;179;235;245;land;false;plains;1
12228;194;240;143;land;false;plains;1
12229;167;243;158;land;false;plains;1
12230;135;222;182;land;false;forest;1
12231;90;205;229;land;false;hills;1
12232;169;177;157;land;false;forest;1
12233;202;97;236;land;false;forest;1
12234;250;241;229;land;false;forest;1
12235;159;108;237;land;false;forest;1
12236;156;237;192;land;false;plains;1
12237;131;185;189;land;false;plains;1
12238;208;200;231;land;false;plains;1
12239;63;217;254;land;false;hills;1
12240;238;250;184;land;false;forest;1
12241;56;233;225;land;false;plains;1
12242;227;157;248;land;false;plains;1
12243;253;3;248;land;false;plains;1
12244;240;134;135;land;false;plains;1
12245;242;196;125;land;false;plains;1
12246;165;208;195;land;false;forest;1
12247;117;251;195;land;false;plains;1
12248;241;191;196;land;false;plains;1
12249;191;249;194;land;false;plains;1
12250;253;54;238;land;false;plains;1
12251;251;112;215;land;false;plains;1
12252;105;238;218;land;false;forest;1
12253;245;206;196;land;false;plains;1
12254;172;137;210;land;false;plains;1
12255;148;222;193;land;true;forest;1
12256;187;249;76;land;false;forest;1
12257;239;189;74;land;false;forest;1
12258;153;234;236;land;false;forest;1
12259;183;163;237;land;false;forest;1
12260;246;11;249;land;false;plains;1
12261;252;230;109;land;false;forest;1
12262;254;234;94;land;false;forest;1
12263;220;68;214;land;false;forest;1
12264;177;214;207;land;false;plains;1
12265;214;197;251;land;false;plains;1
12266;188;226;130;land;false;hills;1
12267;212;94;201;land;false;hills;1
12268;239;26;244;land;false;hills;1
12269;97;233;214;land;false;forest;1
12270;237;135;159;land;false;plains;1
12271;251;138;161;land;false;plains;1
12272;240;219;50;land;false;plains;1
12273;146;237;199;land;false;plains;1
12274;231;156;115;land;false;urban;1
12275;248;90;189;land;false;plains;1
12276;211;197;114;land;true;plains;1
12277;249;222;78;land;false;forest;1
12278;155;212;167;land;false;plains;1
12279;198;230;165;land;false;plains;1
12280;227;155;173;land;false;plains;1
12281;159;180;171;land;false;forest;1
12282;224;106;239;land;false;plains;1
12283;109;242;248;land;false;plains;1
12284;157;94;250;land;false;plains;1
12285;72;243;232;land;false;forest;1
12286;221;186;225;land;false;forest;1
12287;251;223;62;land;false;plains;1
12288;242;198;139;land;false;forest;1
12289;240;237;93;land;false;forest;1
12290;246;41;227;land;false;hills;1
12291;201;118;190;land;false;forest;1
12292;220;160;211;land;false;forest;1
12293;252;177;184;land;false;forest;1
12294;122;238;143;land;false;forest;1
12295;97;204;205;land;false;plains;1
12296;203;193;118;land;false;plains;1
12297;223;253;253;land;false;forest;1
12298;234;191;240;land;false;plains;1
12299;210;187;158;land;false;forest;1
12300;239;219;215;land;false;plains;1
12301;161;214;227;land;false;plains;1
12302;213;253;71;land;false;forest;1
12303;249;242;34;land;false;forest;1
12304;244;212;74;land;false;plains;1
12305;235;221;191;land;false;plains;1
12306;230;249;189;land;false;plains;1
12307;180;249;101;land;false;plains;1
12308;149;205;246;land;false;plains;1
12309;194;183;230;land;false;forest;1
12310;213;138;162;land;true;forest;1
12311;210;229;88;land;false;forest;1
12312;213;238;93;land;false;forest;1
12313;147;168;218;land;false;plains;1
12314;204;216;213;land;false;plains;1
12315;78;231;206;land;false;plains;1
12316;184;212;151;land;false;plains;1
12317;182;152;177;land;false;plains;1
12318;176;141;233;land;false;forest;1
12319;226;252;142;land;false;hills;1
12320;216;233;95;land;false;plains;1
12321;166;162;230;land;false;forest;1
12322;218;123;215;land;false;forest;1
12323;216;145;185;land;false;plains;1
12324;196;140;197;land;false;plains;1
12325;115;218;172;land;false;forest;1
12326;204;124;254;land;false;hills;1
12327;140;242;171;land;false;mountain;1
12328;129;216;170;land;false;plains;1
12329;199;205;213;land;false;forest;1
12330;254;153;109;land;false;hills;1
12331;204;229;174;land;false;plains;1
12332;94;167;251;land;false;forest;1
12333;233;229;243;land;false;plains;1
12334;246;246;138;land;false;plains;1
12335;203;167;196;land;false;plains;1
12336;249;214;76;land;false;plains;1
12337;151;154;196;land;false;forest;1
12338;249;189;117;land;false;plains;1
12339;174;84;245;land;false;forest;1
12340;204;95;242;land;false;hills;1
12341;193;202;154;land;false;plains;1
12342;135;247;243;land;false;forest;1
12343;11;241;250;land;false;forest;1
12344;145;231;151;land;false;forest;1
12345;251;97;167;land;false;forest;1
12346;170;193;226;land;false;plains;1
12347;180;181;184;land;false;plains;1
12348;205;226;222;land;false;urban;1
12349;208;194;223;land;false;hills;1
12350;137;182;234;land;false;plains;1
12351;60;233;232;land;false;forest;1
12352;185;240;84;land;false;plains;1
12353;244;69;243;land;false;plains;1
12354;109;198;198;land;false;forest;1
12355;179;250;130;land;false;forest;1
12356;171;132;245;land;false;hills;1
12357;213;220;98;land;false;forest;1
12358;192;135;208;land;false;forest;1
12359;229;254;74;land;false;plains;1
12360;120;212;254;land;false;forest;1
12361;141;180;247;land;false;forest;1
12362;253;157;194;land;false;plains;1
12363;233;120;231;land;false;forest;1
12364;163;138;230;land;false;plains;1
12365;179;158;212;land;false;forest;1
12366;217;188;221;land;false;forest;1
12367;241;103;160;land;false;plains;1
12368;225;217;151;land;false;hills;1
12369;145;200;211;land;false;hills;1
12370;203;219;184;land;false;forest;1
12371;227;160;176;land;false;plains;1
12372;212;191;134;land;false;plains;1
12373;140;226;163;land;false;forest;1
12374;228;84;191;land;false;forest;1
12375;247;179;91;land;false;plains;1
12376;231;81;253;land;false;plains;1
12377;243;116;216;land;false;plains;1
12378;123;206;197;land;false;forest;1
12379;249;195;170;land;false;forest;1
12380;215;167;252;land;true;plains;1
12381;70;248;206;land;false;forest;1
12382;176;127;254;land;false;forest;1
12383;249;94;161;land;false;plains;1
12384;235;210;142;land;false;plains;1
12385;116;235;240;land;false;plains;1
12386;254;166;132;land;false;plains;1
12387;253;76;213;land;false;hills;1
12388;167;187;171;land;false;mountain;1
12389;248;242;195;land;false;plains;1
12390;163;239;226;land;false;hills;1
12391;248;242;28;land;true;plains;1
12392;226;123;161;land;false;plains;1
12393;230;143;146;land;false;forest;1
12394;26;243;252;land;false;plains;1
12395;121;231;177;land;false;plains;1
12396;215;226;208;land;false;forest;1
12397;175;222;227;land;false;plains;1
12398;230;165;185;land;false;plains;1
12399;137;248;250;land;false;plains;1
12400;61;229;234;land;true;plains;1
12401;197;249;73;land;false;plains;1
12402;160;231;162;land;false;forest;1
12403;150;224;130;land;false;plains;1
12404;129;209;184;land;false;plains;1
12405;168;134;224;land;false;forest;1
12406;221;77;226;land;false;plains;1
12407;254;195;103;land;false;plains;1
12408;88;179;253;land;false;hills;1
12409;198;210;103;land;false;forest;1
12410;239;120;242;land;false;plains;1
12411;236;141;211;land;false;forest;1
12412;95;237;214;land;false;forest;1
12413;153;236;139;land;false;forest;1
12414;186;67;248;land;false;forest;1
12415;227;236;250;land;false;forest;1
12416;91;208;214;land;false;plains;1
12417;56;232;229;land;false;forest;1
12418;242;236;216;land;false;forest;1
12419;125;224;167;land;false;urban;1
12420;221;163;183;land;false;forest;1
12421;214;205;247;land;false;plains;1
12422;132;222;245;land;false;forest;1
12423;235;83;187;land;false;forest;1
12424;77;212;225;land;false;forest;1
12425;179;238;170;land;false;mountain;1
12426;194;125;227;land;false;forest;1
12427;135;250;147;land;false;forest;1
12428;209;176;157;land;false;plains;1
12429;231;170;203;land;false;forest;1
12430;185;117;237;land;false;forest;1
12431;192;215;233;land;false;plains;1
12432;195;229;187;land;false;plains;1
12433;179;192;229;land;false;plains;1
12434;234;83;209;land;false;plains;1
12435;247;138;235;land;false;plains;1
12436;129;142;243;land;false;forest;1
12437;229;149;132;land;false;forest;1
12438;155;200;176;land;false;forest;1
12439;77;238;220;land;false;forest;1
12440;155;134;224;land;false;plains;1
12441;174;164;229;land;false;plains;1
12442;150;216;175;land;false;plains;1
12443;211;193;120;land;false;forest;1
12444;186;133;245;land;false;plains;1
12445;226;205;106;land;false;forest;1
12446;161;191;219;land;false;forest;1
12447;161;165;177;land;false;forest;1
12448;76;247;201;land;false;forest;1
12449;196;165;251;land;false;urban;1
12450;145;249;118;land;true;forest;1
12451;248;245;100;land;true;plains;1
12452;231;236;224;land;false;forest;1
12453;205;197;145;land;false;forest;1
12454;185;137;218;land;false;forest;1
12455;94;191;240;land;false;plains;1
12456;223;99;226;land;false;forest;1
12457;238;244;21;land;false;plains;1
12458;243;68;225;land;false;forest;1
12459;70;254;235;land;false;forest;1
12460;67;254;187;land;false;plains;1
12461;239;226;168;land;false;plains;1
12462;250;204;165;land;false;hills;1
12463;210;208;176;land;true;forest;1
12464;111;233;238;land;false;plains;1
12465;196;247;73;land;false;plains;1
12466;36;249;254;land;false;plains;1
12467;177;220;139;land;false;forest;1
12468;100;243;185;land;false;forest;1
12469;230;202;125;land;false;plains;1
12470;192;161;198;land;false;plains;1
12471;197;241;94;land;false;plains;1
12472;245;57;217;land;false;plains;1
12473;181;250;136;land;false;forest;1
12474;142;240;157;land;false;forest;1
12475;232;211;253;land;false;forest;1
12476;246;77;229;land;false;forest;1
12477;126;148;241;land;false;plains;1
12478;184;252;93;land;false;plains;1
12479;130;219;173;land;false;forest;1
12480;230;153;169;land;false;forest;1
12481;230;113;167;land;false;forest;1
12482;197;97;227;land;false;urban;1
12483;213;180;145;land;true;plains;1
12484;211;218;125;land;true;forest;1
12485;215;91;231;land;false;forest;1
12486;218;203;223;land;false;plains;1
12487;254;91;210;land;false;forest;1
12488;141;239;238;land;false;plains;1
12489;228;200;180;land;false;forest;1
12490;229;196;138;land;false;forest;1
12491;201;181;134;land;false;mountain;1
12492;243;185;154;land;false;urban;1
12493;215;202;193;land;false;hills;1
12494;211;229;125;land;false;forest;1
12495;250;111;251;land;false;forest;1
12496;220;186;244;land;false;plains;1
12497;88;253;183;land;false;forest;1
12498;187;184;152;land;false;urban;1
12499;230;222;86;land;false;forest;1
12500;208;193;121;land;false;forest;1
12501;79;222;218;land;false;plains;1
12502;208;219;88;land;false;plains;1
12503;178;237;197;land;false;plains;1
12504;160;224;186;land;false;plains;1
12505;252;197;65;land;false;plains;1
12506;151;164;218;land;false;plains;1
12507;228;229;72;land;false;urban;1
12508;98;211;199;land;false;forest;1
12509;220;163;234;land;false;forest;1
12510;169;220;171;land;false;plains;1
12511;165;185;232;land;false;plains;1
12512;169;215;136;land;false;plains;1
12513;207;140;173;land;false;forest;1
12514;218;122;208;land;false;plains;1
12515;254;246;212;land;false;forest;1
12516;227;98;215;land;false;forest;1
12517;191;161;150;land;false;plains;1
12518;162;94;254;land;false;hills;1
12519;112;249;242;land;false;hills;1
12520;206;181;180;land;false;forest;1
12521;217;161;164;land;false;plains;1
12522;206;99;217;land;false;forest;1
12523;250;209;193;land;false;forest;1
12524;88;243;187;land;false;forest;1
12525;253;74;212;land;false;plains;1
12526;161;231;177;land;false;forest;1
12527;211;245;244;land;false;plains;1
12528;227;218;86;land;false;forest;1
12529;234;246;74;land;false;forest;1
12530;238;209;180;land;false;plains;1
12531;91;216;216;land;false;plains;1
12532;204;188;117;land;false;plains;1
12533;238;150;142;land;false;forest;1
12534;136;139;246;land;false;forest;1
12535;189;237;214;land;false;plains;1
12536;166;176;190;land;false;forest;1
12537;207;240;87;land;false;plains;1
12538;188;236;246;land;false;forest;1
12539;82;213;230;land;false;forest;1
12540;250;179;253;land;false;forest;1
12541;140;252;253;land;false;plains;1
12542;222;196;152;land;false;forest;1
12543;239;251;51;land;false;plains;1
12544;240;211;253;land;false;forest;1
12545;140;123;238;land;false;forest;1
12546;108;236;248;land;false;plains;1
12547;203;125;234;land;false;forest;1
12548;139;236;202;land;false;plains;1
12549;161;224;171;land;false;forest;1
12550;88;221;213;land;false;hills;1
12551;224;235;92;land;true;forest;1
12552;212;253;172;land;false;plains;1
12553;238;246;71;land;false;plains;1
12554;168;239;247;land;false;forest;1
12555;247;233;244;land;false;plains;1
12556;62;211;253;land;false;plains;1
12557;251;209;85;land;false;forest;1
12558;250;213;120;land;false;plains;1
12559;61;232;225;land;false;hills;1
12560;106;246;186;land;false;plains;1
12561;155;247;165;land;false;forest;1
12562;244;223;130;land;true;urban;1
12563;207;177;140;land;false;plains;1
12564;237;163;124;land;false;plains;1
12565;179;142;218;land;false;plains;1
12566;207;239;99;land;false;plains;1
12567;204;157;178;land;false;forest;1
12568;151;234;233;land;false;forest;1
12569;141;240;171;land;false;forest;1
12570;155;164;183;land;false;plains;1
12571;240;192;173;land;false;plains;1
12572;230;105;168;land;false;forest;1
12573;217;31;254;land;false;plains;1
12574;204;104;222;land;false;forest;1
12575;212;249;219;land;false;plains;1
12576;189;180;240;land;false;plains;1
12577;214;230;71;land;false;plains;1
12578;160;200;244;land;false;forest;1
12579;121;189;247;land;false;forest;1
12580;153;185;201;land;false;forest;1
12581;192;241;154;land;false;forest;1
12582;197;187;237;land;false;forest;1
12583;205;225;81;land;false;plains;1
12584;250;184;119;land;false;hills;1
12585;140;224;249;land;false;hills;1
12586;250;112;141;land;false;plains;1
12587;181;174;150;land;false;forest;1
12588;242;149;167;land;false;plains;1
12589;214;229;120;land;false;forest;1
12590;246;88;247;land;false;plains;1
12591;213;154;200;land;false;forest;1
12592;187;207;133;land;false;plains;1
12593;53;218;243;land;false;forest;1
12594;186;226;234;land;false;forest;1
12595;205;158;139;land;false;plains;1
12596;105;251;253;land;false;plains;1
12597;193;105;207;land;false;plains;1
12598;216;252;117;land;false;forest;1
12599;228;170;193;land;true;forest;1
12600;216;254;84;land;false;plains;1
12601;230;242;100;land;false;forest;1
12602;245;212;133;land;false;forest;1
12603;133;178;206;land;false;plains;1
12604;249;73;191;land;false;forest;1
12605;231;104;202;land;false;forest;1
12606;199;128;250;land;false;forest;1
12607;185;231;209;land;false;plains;1
12608;241;253;170;land;false;forest;1
12609;196;102;215;land;false;forest;1
12610;232;135;224;land;false;forest;1
12611;177;233;127;land;false;plains;1
12612;198;66;244;land;false;forest;1
12613;158;224;234;land;false;forest;1
12614;222;163;154;land;false;plains;1
12615;241;158;249;land;false;plains;1
12616;219;204;94;land;false;forest;1
12617;235;213;179;land;false;forest;1
12618;157;170;200;land;false;forest;1
12619;137;241;123;land;false;forest;1
12620;53;232;223;land;false;plains;1
12621;242;183;162;land;false;hills;1
12622;188;179;212;land;false;forest;1
12623;130;195;199;land;false;plains;1
12624;175;220;197;land;false;plains;1
12625;231;225;152;land;false;plains;1
12626;159;208;188;land;false;forest;1
12627;187;242;136;land;false;plains;1
12628;217;185;124;land;false;plains;1
12629;191;119;248;land;false;plains;1
12630;211;172;194;land;false;forest;1
12631;95;226;222;land;false;forest;1
12632;195;224;154;land;false;plains;1
12633;112;247;230;land;false;plains;1
12634;237;235;84;land;false;plains;1
12635;222;224;155;land;false;forest;1
12636;215;200;109;land;false;plains;1
12637;157;136;220;land;false;forest;1
12638;200;243;88;land;false;forest;1
12639;98;227;236;land;false;plains;1
12640;249;163;203;land;false;plains;1
12641;252;156;162;land;false;plains;1
12642;221;142;186;land;false;forest;1
12643;216;194;145;land;false;plains;1
12644;217;182;213;land;false;plains;1
12645;251;153;159;land;false;hills;1
12646;231;91;209;land;true;forest;1
12647;162;142;248;land;true;plains;1
12648;176;86;247;land;false;forest;1
12649;222;104;196;land;false;plains;1
12650;134;143;239;land;false;plains;1
12651;229;92;210;land;false;plains;1
12652;175;220;207;land;false;forest;1
12653;248;79;211;land;false;forest;1
12654;195;122;243;land;false;plains;1
12655;146;221;167;land;false;plains;1
12656;127;231;238;land;false;forest;1
12657;168;194;232;land;false;plains;1
12658;230;222;240;land;false;plains;1
12659;245;186;143;land;false;forest;1
12660;146;217;231;land;false;plains;1
12661;206;124;173;land;false;plains;1
12662;239;201;62;land;true;urban;1
12663;98;229;193;land;false;forest;1
12664;106;217;252;land;false;plains;1
12665;47;224;254;land;false;forest;1
12666;180;252;209;land;false;plains;1
12667;219;242;168;land;false;plains;1
12668;210;160;215;land;false;plains;1
12669;200;138;201;land;false;plains;1
12670;237;196;242;land;false;forest;1
12671;180;152;228;land;false;forest;1
12672;67;221;240;land;false;plains;1
12673;208;222;99;land;false;plains;1
12674;151;235;169;land;false;plains;1
12675;222;217;75;land;false;forest;1
12676;238;250;23;land;true;forest;1
12677;224;235;185;land;true;plains;1
12678;210;155;190;land;false;plains;1
12679;219;164;185;land;false;plains;1
12680;182;178;153;land;false;plains;1
12681;187;204;128;land;false;forest;1
12682;248;242;196;land;false;plains;1
12683;244;92;170;land;false;forest;1
12684;98;243;224;land;false;forest;1
12685;245;103;250;land;false;forest;1
12686;212;242;147;land;false;plains;1
12687;215;142;177;land;false;forest;1
12688;218;202;144;land;false;plains;1
12689;206;120;184;land;false;forest;1
12690;252;248;182;land;false;forest;1
12691;205;206;246;land;false;forest;1
12692;210;184;186;land;false;urban;1
12693;186;175;153;land;false;hills;1
12694;251;188;211;land;false;plains;1
12695;159;111;253;land;false;forest;1
12696;194;161;156;land;false;plains;1
12697;189;196;214;land;false;forest;1
12698;162;180;234;land;false;plains;1
12699;140;147;249;land;false;plains;1
12700;178;231;109;land;false;forest;1
12701;172;117;222;land;false;plains;1
12702;138;231;168;land;false;forest;1
12703;196;219;245;land;false;forest;1
12704;215;169;177;land;false;forest;1
12705;232;136;174;land;false;forest;1
12706;214;114;205;land;false;hills;1
12707;155;218;209;land;false;forest;1
12708;122;231;186;land;false;plains;1
12709;188;254;121;land;false;forest;1
12710;192;244;168;land;false;forest;1
12711;162;172;168;land;false;plains;1
12712;233;192;248;land;false;forest;1
12713;211;226;225;land;false;plains;1
12714;223;230;66;land;false;forest;1
12715;231;236;228;land;false;plains;1
12716;225;147;247;land;false;forest;1
12717;236;188;178;land;false;forest;1
12718;250;231;82;land;false;plains;1
12719;194;212;212;land;false;plains;1
12720;176;167;162;land;false;forest;1
12721;237;170;95;land;false;forest;1
12722;204;180;177;land;false;forest;1
12723;92;252;246;land;false;forest;1
12724;147;238;220;land;false;forest;1
12725;238;225;160;land;false;forest;1
12726;253;190;80;land;false;forest;1
12727;157;185;244;land;false;forest;1
12728;242;242;239;land;false;forest;1
12729;232;151;188;land;false;forest;1
12730;165;223;151;land;false;plains;1
12731;138;220;251;land;false;forest;1
12732;254;179;195;land;false;forest;1
12733;245;234;87;land;false;forest;1
12734;80;240;206;land;false;plains;1
12735;145;192;221;land;true;forest;1
12736;233;240;76;land;false;forest;1
12737;210;164;241;land;false;forest;1
12738;212;249;249;land;false;forest;1
12739;185;140;233;land;false;forest;1
12740;163;232;196;land;false;forest;1
12741;202;163;203;land;false;plains;1
12742;226;145;196;land;false;plains;1
12743;216;154;138;land;false;plains;1
12744;226;84;214;land;true;forest;1
12745;166;203;186;land;true;forest;1
12746;244;154;144;land;false;forest;1
12747;209;223;195;land;false;plains;1
12748;237;105;165;land;false;plains;1
12749;223;100;236;land;false;forest;1
12750;121;227;180;land;false;plains;1
12751;157;182;220;land;false;forest;1
12752;204;192;209;land;false;forest;1
12753;193;158;160;land;false;forest;1
12754;183;254;118;land;false;forest;1
12755;231;192;130;land;false;forest;1
12756;182;116;227;land;false;forest;1
12757;143;193;222;land;false;plains;1
12758;134;180;221;land;false;forest;1
12759;231;251;220;land;false;plains;1
12760;197;150;166;land;false;forest;1
12761;205;227;78;land;false;forest;1
12762;135;220;199;land;false;forest;1
12763;146;242;248;land;false;forest;1
12764;60;219;247;land;false;forest;1
12765;100;252;161;land;false;plains;1
12766;144;245;148;land;false;forest;1
12767;55;205;241;land;false;plains;1
12768;130;206;251;land;false;forest;1
12769;218;155;217;land;false;plains;1
12770;240;178;251;land;false;plains;1
12771;167;173;243;land;false;forest;1
12772;218;175;182;land;false;forest;1
12773;208;190;105;land;false;forest;1
12774;242;192;201;land;false;forest;1
12775;250;182;185;land;false;hills;1
12776;107;185;213;land;false;plains;1
12777;99;198;236;land;false;plains;1
12778;224;204;245;land;false;forest;1
12779;162;209;245;land;false;forest;1
12780;156;165;220;land;false;plains;1
12781;188;176;195;land;false;forest;1
12782;189;166;157;land;false;forest;1
12783;86;252;211;land;false;forest;1
12784;186;195;180;land;false;forest;1
12785;240;92;196;land;false;forest;1
12786;244;190;218;land;false;plains;1
12787;204;218;206;land;false;plains;1
12788;153;133;232;land;false;forest;1
12789;214;122;168;land;true;forest;1
12790;250;203;83;land;false;forest;1
12791;192;113;244;land;false;forest;1
12792;242;120;238;land;false;forest;1
12793;242;137;165;land;false;forest;1
12794;194;246;84;land;false;forest;1
12795;232;170;230;land;false;forest;1
12796;236;163;234;land;false;forest;1
12797;198;244;158;land;false;plains;1
12798;153;205;216;land;false;forest;1
12799;234;209;175;land;false;forest;1
12800;252;115;162;land;false;forest;1
12801;147;238;154;land;false;plains;1
12802;93;209;229;land;false;forest;1
12803;110;236;169;land;false;forest;1
12804;161;239;218;land;false;urban;1
12805;254;107;190;land;false;forest;1
12806;185;219;174;land;false;forest;1
12807;210;231;161;land;false;forest;1
12808;208;99;239;land;false;plains;1
12809;128;245;139;land;false;forest;1
12810;222;130;245;land;false;plains;1
12811;252;138;186;land;false;plains;1
12812;246;191;82;land;false;plains;1
12813;254;151;114;land;false;plains;1
12814;212;253;94;land;false;forest;1
12815;245;56;222;land;false;forest;1
12816;251;122;175;land;false;forest;1
12817;246;133;147;land;false;plains;1
12818;236;242;44;land;false;plains;1
12819;93;230;192;land;false;plains;1
12820;215;249;189;land;false;forest;1
12821;137;214;190;land;true;plains;1
12822;186;175;239;land;false;forest;1
12823;213;216;191;land;false;plains;1
12824;251;107;147;land;false;plains;1
12825;249;240;180;land;false;plains;1
12826;138;240;191;land;false;forest;1
12827;206;178;212;land;false;forest;1
12828;177;135;189;land;false;plains;1
12829;197;179;168;land;false;forest;1
12830;161;122;225;land;false;forest;1
12831;64;194;251;land;false;forest;1
12832;205;245;209;land;false;forest;1
12833;66;238;211;land;false;plains;1
12834;198;249;210;land;false;forest;1
12835;167;138;237;land;false;forest;1
12836;221;133;240;land;false;plains;1
12837;234;48;246;land;false;plains;1
12838;250;229;212;land;false;hills;1
12839;189;184;155;land;false;forest;1
12840;217;207;190;land;false;forest;1
12841;193;177;235;land;false;forest;1
12842;142;234;187;land;false;plains;1
12843;156;220;169;land;false;forest;1
12844;168;122;235;land;false;forest;1
12845;214;169;207;land;false;forest;1
12846;235;222;142;land;false;plains;1
12847;242;216;226;land;false;plains;1
12848;219;231;213;land;false;forest;1
12849;250;211;138;land;false;plains;1
12850;188;198;159;land;false;forest;1
12851;197;141;198;land;false;plains;1
12852;166;222;245;land;false;mountain;1
12853;197;232;245;land;false;mountain;1
12854;93;224;188;land;true;forest;1
12855;239;211;237;land;false;forest;1
12856;233;167;174;land;false;forest;1
12857;227;178;96;land;false;forest;1
12858;194;221;99;land;false;forest;1
12859;140;246;163;land;false;forest;1
12860;207;251;108;land;false;forest;1
12861;199;215;217;land;false;forest;1
12862;207;204;224;land;false;plains;1
12863;233;250;227;land;true;forest;1
12864;250;247;131;land;false;forest;1
12865;105;170;240;land;false;forest;1
12866;213;166;218;land;false;forest;1
12867;212;238;157;land;false;forest;1
12868;176;198;129;land;false;plains;1
12869;168;201;178;land;false;forest;1
12870;220;157;238;land;false;forest;1
12871;239;170;176;land;false;forest;1
12872;235;153;246;land;false;forest;1
12873;237;212;159;land;true;forest;1
12874;169;226;216;land;false;forest;1
12875;252;166;192;land;false;plains;1
12876;51;253;207;land;false;forest;1
12877;154;239;122;land;false;plains;1
12878;111;240;207;land;false;forest;1
12879;157;188;231;land;false;forest;1
12880;176;243;121;land;false;plains;1
12881;230;213;96;land;false;forest;1
12882;240;178;103;land;false;plains;1
12883;124;229;155;land;false;forest;1
12884;179;171;212;land;false;forest;1
12885;170;216;247;land;false;forest;1
12886;152;223;209;land;false;forest;1
12887;157;166;219;land;false;forest;1
12888;66;230;247;land;false;forest;1
12889;253;219;82;land;false;hills;1
12890;189;252;215;land;false;plains;1
12891;143;241;120;land;false;plains;1
12892;176;194;169;land;false;forest;1
12893;224;64;221;land;false;plains;1
12894;118;183;229;land;false;forest;1
12895;140;240;199;land;false;forest;1
12896;231;130;186;land;false;plains;1
12897;246;228;110;land;false;forest;1
12898;208;63;247;land;false;plains;1
12899;219;119;185;land;false;plains;1
12900;251;168;127;land;false;plains;1
12901;175;176;230;land;false;forest;1
12902;190;200;126;land;false;forest;1
12903;97;187;245;land;false;forest;1
12904;213;149;209;land;false;forest;1
12905;181;96;237;land;false;hills;1
12906;106;213;183;land;false;plains;1
12907;91;244;175;land;false;hills;1
12908;150;218;180;land;false;plains;1
12909;201;198;159;land;false;forest;1
12910;50;246;211;land;false;forest;1
12911;198;237;105;land;false;forest;1
12912;65;232;209;land;false;forest;1
12913;247;143;237;land;false;forest;1
12914;235;16;254;land;false;forest;1
12915;245;252;201;land;false;plains;1
12916;220;120;241;land;false;forest;1
12917;134;218;210;land;false;plains;1
12918;250;125;164;land;false;forest;1
12919;247;105;210;land;false;forest;1
12920;246;184;188;land;false;forest;1
12921;156;186;217;land;false;plains;1
12922;221;142;247;land;false;urban;1
12923;222;249;250;land;false;plains;1
12924;241;195;190;land;false;plains;1
12925;246;137;169;land;false;forest;1
12926;109;238;162;land;false;forest;1
12927;221;215;83;land;false;forest;1
12928;132;246;127;land;false;plains;1
12929;210;164;210;land;false;forest;1
12930;143;165;204;land;false;plains;1
12931;151;250;131;land;false;plains;1
12932;148;196;186;land;false;forest;1
12933;197;152;236;land;false;forest;1
12934;107;214;183;land;false;plains;1
12935;230;142;194;land;false;forest;1
12936;145;201;201;land;false;plains;1
12937;244;198;96;land;false;forest;1
12938;195;225;148;land;false;forest;1
12939;204;245;85;land;false;plains;1
12940;131;243;252;land;false;forest;1
12941;201;211;192;land;false;forest;1
12942;232;226;46;land;false;forest;1
12943;207;173;189;land;false;plains;1
12944;175;225;168;land;false;urban;1
12945;235;129;248;land;false;plains;1
12946;234;235;199;land;false;plains;1
12947;241;47;218;land;false;urban;1
12948;199;241;204;land;false;plains;1
12949;175;132;254;land;false;urban;1
12950;248;205;113;land;false;forest;1
12951;231;213;138;land;false;plains;1
12952;160;178;216;land;false;hills;1
12953;216;84;240;land;false;forest;1
12954;200;226;246;land;false;plains;1
12955;179;142;212;land;false;plains;1
12956;252;231;57;land;false;forest;1
12957;110;230;250;land;false;plains;1
12958;149;135;225;land;false;plains;1
12959;204;169;138;land;false;forest;1
12960;101;183;223;land;false;forest;1
12961;195;236;126;land;false;hills;1
12962;243;90;184;land;false;plains;1
12963;148;242;186;land;false;plains;1
12964;182;199;216;land;false;hills;1
12965;128;210;198;land;true;plains;1
12966;206;130;182;land;false;plains;1
12967;186;240;221;land;false;forest;1
12968;199;166;174;land;false;forest;1
12969;176;214;228;land;false;forest;1
12970;164;234;223;land;false;hills;1
12971;207;237;67;land;false;forest;1
12972;165;217;211;land;false;urban;1
12973;41;254;234;land;false;forest;1
12974;185;234;187;land;false;forest;1
12975;228;45;230;land;false;plains;1
12976;196;125;206;land;false;plains;1
12977;189;185;174;land;false;plains;1
12978;121;242;230;land;false;urban;1
12979;107;167;244;land;false;forest;1
12980;193;185;229;land;false;forest;1
12981;231;179;247;land;false;forest;1
12982;189;85;254;land;false;forest;1
12983;154;125;242;land;false;plains;1
12984;102;231;224;land;false;forest;1
12985;135;145;224;land;false;plains;1
12986;71;238;227;land;false;plains;1
12987;98;168;250;land;false;forest;1
12988;64;204;253;land;false;plains;1
12989;218;165;240;land;false;plains;1
12990;192;191;167;land;false;hills;1
12991;175;136;249;land;false;forest;1
12992;204;216;248;land;false;plains;1
12993;175;166;172;land;false;plains;1
12994;215;123;194;land;false;forest;1
12995;108;220;200;land;false;forest;1
12996;152;240;144;land;false;forest;1
12997;162;122;254;land;false;forest;1
12998;192;233;87;land;false;forest;1
12999;230;188;252;land;false;plains;1
13000;180;250;119;land;false;forest;1
13001;205;252;174;land;false;forest;1
13002;254;252;65;land;false;forest;1
13003;234;185;159;land;false;plains;1
13004;250;242;110;land;false;plains;1
13005;146;218;217;land;false;hills;1
13006;152;122;253;land;false;hills;1
13007;135;227;203;land;false;forest;1
13008;131;236;207;land;false;plains;1
13009;230;130;228;land;false;urban;1
13010;210;239;109;land;false;forest;1
13011;239;153;142;land;false;forest;1
13012;167;241;93;land;false;forest;1
13013;173;242;162;land;false;forest;1
13014;178;226;251;land;false;plains;1
13015;221;208;109;land;false;hills;1
13016;217;171;131;land;false;plains;1
13017;118;196;233;land;false;plains;1
13018;190;210;213;land;false;forest;1
13019;245;157;189;land;false;forest;1
13020;75;249;203;land;false;forest;1
13021;148;184;192;land;false;forest;1
13022;127;225;205;land;false;plains;1
13023;149;169;224;land;false;plains;1
13024;168;125;232;land;false;plains;1
13025;221;187;252;land;false;plains;1
13026;203;179;135;land;false;plains;1
13027;121;250;249;land;false;forest;1
13028;171;170;182;land;false;forest;1
13029;241;225;125;land;false;plains;1
13030;112;250;253;land;false;plains;1
13031;239;232;53;land;false;forest;1
13032;188;242;239;land;false;plains;1
13033;99;251;170;land;false;plains;1
13034;143;216;252;land;false;plains;1
13035;209;182;219;land;false;forest;1
13036;144;111;246;land;false;plains;1
13037;168;148;204;land;false;hills;1
13038;172;181;191;land;false;forest;1
13039;209;245;189;land;false;forest;1
13040;223;237;122;land;false;forest;1
13041;176;254;187;land;false;forest;1
13042;232;112;217;land;false;forest;1
13043;147;188;179;land;false;plains;1
13044;231;116;205;land;false;plains;1
13045;154;206;176;land;false;plains;1
13046;247;106;200;land;false;plains;1
13047;233;217;91;land;false;plains;1
13048;210;235;145;land;false;hills;1
13049;202;154;202;land;false;forest;1
13050;162;253;235;land;false;forest;1
13051;226;243;179;land;false;plains;1
13052;216;224;199;land;false;forest;1
13053;151;129;242;land;false;forest;1
13054;109;242;176;land;false;plains;1
13055;180;147;239;land;false;plains;1
13056;242;164;103;land;false;plains;1
13057;167;227;178;land;false;hills;1
13058;201;236;112;land;false;hills;1
13059;166;178;247;land;false;hills;1
13060;239;211;151;land;false;plains;1
13061;115;215;203;land;false;forest;1
13062;243;229;223;land;false;hills;1
13063;177;239;153;land;false;hills;1
13064;168;231;232;land;false;plains;1
13065;215;224;132;land;false;plains;1
13066;213;176;146;land;false;forest;1
13067;47;235;244;land;false;forest;1
13068;150;193;248;land;false;urban;1
13069;252;197;129;land;false;hills;1
13070;244;179;195;land;false;hills;1
13071;211;229;112;land;false;forest;1
13072;191;153;215;land;false;plains;1
13073;195;197;125;land;false;plains;1
13074;154;159;246;land;false;plains;1
13075;248;243;240;land;false;forest;1
13076;203;210;149;land;false;forest;1
13077;252;204;224;land;false;plains;1
13078;202;200;221;land;false;plains;1
13079;177;235;152;land;false;plains;1
13080;170;236;208;land;false;plains;1
13081;209;228;202;land;false;forest;1
13082;190;239;187;land;false;forest;1
13083;167;238;225;land;false;plains;1
13084;130;243;128;land;false;plains;1
13085;160;223;154;land;false;hills;1
13086;139;241;129;land;false;forest;1
13087;223;158;161;land;false;plains;1
13088;157;211;254;land;false;forest;1
13089;116;247;176;land;false;urban;1
13090;182;112;251;land;false;hills;1
13091;246;153;213;land;false;hills;1
13092;233;229;106;land;false;hills;1
13093;235;124;146;land;false;hills;1
13094;193;141;181;land;false;hills;1
13095;170;237;99;land;false;forest;1
13096;141;205;238;land;false;plains;1
13097;140;218;180;land;false;forest;1
13098;207;183;178;land;true;plains;1
13099;114;254;247;land;false;plains;1
13100;173;204;233;land;false;plains;1
13101;247;238;135;land;false;hills;1
13102;246;51;235;land;false;plains;1
13103;220;104;190;land;false;plains;1
13104;175;197;225;land;false;plains;1
13105;251;140;130;land;false;hills;1
13106;193;188;199;land;false;plains;1
13107;229;236;135;land;false;plains;1
13108;115;152;242;land;false;forest;1
13109;251;97;208;land;false;forest;1
13110;23;252;242;land;false;plains;1
13111;167;234;246;land;false;forest;1
13112;249;158;168;land;true;plains;1
13113;208;123;222;land;false;plains;1
13114;198;151;181;land;false;plains;1
13115;222;124;216;land;false;plains;1
13116;129;254;187;land;false;plains;1
13117;93;213;217;land;false;forest;1
13118;196;142;234;land;false;plains;1
13119;244;157;111;land;false;forest;1
13120;188;197;119;land;false;forest;1
13121;179;222;151;land;false;forest;1
13122;215;254;186;land;false;plains;1
13123;253;149;249;land;false;forest;1
13124;148;204;183;land;false;plains;1
13125;223;158;210;land;false;hills;1
13126;243;200;102;land;false;hills;1
13127;233;249;175;land;false;hills;1
13128;176;200;248;land;false;plains;1
13129;246;126;183;land;false;plains;1
13130;202;82;227;land;false;plains;1
13131;123;217;204;land;false;forest;1
13132;160;228;226;land;false;hills;1
13133;248;229;175;land;false;hills;1
13134;250;40;220;land;false;urban;1
13135;226;145;162;land;false;forest;1
13136;204;210;144;land;false;plains;1
13137;171;131;216;land;false;forest;1
13138;222;221;102;land;false;plains;1
13139;103;188;215;land;false;hills;1
13140;222;242;213;land;false;hills;1
13141;116;252;238;land;false;plains;1
13142;181;153;201;land;false;forest;1
13143;199;237;95;land;false;forest;1
13144;233;202;193;land;false;forest;1
13145;229;150;193;land;false;hills;1
13146;175;170;156;land;false;hills;1
13147;224;166;241;land;false;plains;1
13148;227;191;109;land;false;forest;1
13149;230;248;65;land;false;forest;1
13150;244;106;183;land;false;forest;1
13151;229;196;203;land;false;plains;1
13152;139;212;166;land;false;forest;1
13153;229;151;238;land;true;urban;1
13154;226;99;190;land;false;plains;1
13155;250;132;147;land;false;plains;1
13156;111;179;247;land;false;forest;1
13157;195;247;173;land;false;plains;1
13158;221;104;202;land;false;plains;1
13159;224;167;121;land;true;forest;1
13160;227;157;190;land;true;forest;1
13161;144;165;217;land;false;forest;1
13162;228;184;116;land;false;forest;1
13163;248;118;228;land;false;forest;1
13164;254;243;170;land;false;forest;1
13165;227;215;157;land;false;hills;1
13166;190;239;87;land;false;plains;1
13167;242;174;139;land;false;plains;1
13168;248;100;195;land;false;forest;1
13169;134;245;186;land;false;forest;1
13170;228;55;250;land;false;forest;1
13171;186;140;253;land;false;hills;1
13172;221;134;174;land;false;plains;1
13173;164;228;180;land;false;forest;1
13174;112;186;249;land;false;forest;1
13175;179;220;149;land;false;plains;1
13176;196;242;63;land;false;plains;1
13177;202;173;237;land;false;forest;1
13178;254;189;153;land;false;hills;1
13179;163;207;237;land;false;hills;1
13180;248;119;169;land;true;plains;1
13181;163;129;249;land;false;plains;1
13182;192;245;72;land;false;plains;1
13183;141;212;219;land;false;forest;1
13184;115;157;241;land;false;forest;1
13185;143;240;208;land;false;forest;1
13186;249;189;173;land;false;forest;1
13187;221;110;184;land;false;plains;1
13188;218;115;228;land;false;hills;1
13189;120;236;153;land;false;hills;1
13190;189;253;170;land;false;mountain;1
13191;194;158;229;land;true;urban;1
13192;204;235;243;land;false;plains;1
13193;181;108;222;land;false;plains;1
13194;218;91;243;land;false;hills;1
13195;162;242;125;land;false;hills;1
13196;229;166;137;land;false;hills;1
13197;141;193;209;land;false;plains;1
13198;172;216;163;land;false;forest;1
13199;250;227;133;land;false;hills;1
13200;156;151;220;land;true;plains;1
13201;82;247;192;land;false;urban;1
13202;195;249;249;land;false;urban;1
13203;127;210;234;land;false;hills;1
13204;241;72;217;land;false;plains;1
13205;235;192;222;land;false;forest;1
13206;227;230;242;land;false;hills;1
13207;146;254;112;land;true;plains;1
13208;172;114;238;land;false;urban;1
13209;212;221;215;land;false;plains;1
13210;229;105;212;land;false;plains;1
13211;206;211;185;land;false;forest;1
13212;115;222;190;land;false;forest;1
13213;226;47;249;land;false;forest;1
13214;229;212;235;land;false;forest;1
13215;210;238;158;land;false;forest;1
13216;203;125;176;land;false;forest;1
13217;181;185;249;land;false;plains;1
13218;75;240;251;land;false;plains;1
13219;169;154;181;land;false;plains;1
13220;170;83;252;land;false;hills;1
13221;233;33;252;land;false;forest;1
13222;235;202;213;land;false;forest;1
13223;185;118;254;land;false;plains;1
13224;241;147;123;land;false;plains;1
13225;124;174;245;land;false;forest;1
13226;202;132;195;land;false;forest;1
13227;162;210;187;land;false;forest;1
13228;247;249;181;land;false;forest;1
13229;247;145;155;land;false;forest;1
13230;242;164;168;land;false;plains;1
13231;100;215;206;land;false;hills;1
13232;249;151;141;land;false;forest;1
13233;134;183;215;land;false;plains;1
13234;240;54;252;land;false;forest;1
13235;219;141;169;land;false;hills;1
13236;234;222;220;land;false;hills;1
13237;236;126;237;land;false;plains;1
13238;236;192;219;land;false;plains;1
13239;224;105;247;land;false;forest;1
13240;177;160;169;land;false;forest;1
13241;242;242;166;land;false;forest;1
13242;244;132;145;land;false;hills;1
13243;199;157;200;land;false;plains;1
13244;208;53;243;land;false;forest;1
13245;175;128;216;land;false;forest;1
13246;173;179;232;land;false;forest;1
13247;187;254;107;land;false;forest;1
13248;203;127;186;land;false;forest;1
13249;235;185;103;land;false;plains;1
13250;182;109;252;land;false;plains;1
13251;238;204;213;land;false;hills;1
13252;190;159;176;land;false;hills;1
13253;224;116;207;land;false;plains;1
13254;146;212;243;land;false;forest;1
13255;220;200;236;land;false;urban;1
13256;237;150;186;land;false;plains;1
13257;203;77;246;land;false;mountain;1
13258;175;241;120;land;true;plains;1
13259;207;247;188;land;false;urban;1
13260;238;239;185;land;false;urban;1
13261;241;107;202;land;false;forest;1
13262;249;191;183;land;false;plains;1
13263;162;142;221;land;false;plains;1
13264;230;120;154;land;false;plains;1
13265;75;227;251;land;false;hills;1
13266;131;181;209;land;false;hills;1
13267;176;208;123;land;false;plains;1
13268;193;130;254;land;false;forest;1
13269;223;87;224;land;false;hills;1
13270;75;238;199;land;false;forest;1
13271;161;147;202;land;false;hills;1
13272;223;60;245;land;false;plains;1
13273;196;164;246;land;false;plains;1
13274;243;123;147;land;false;urban;1
13275;86;237;219;land;true;plains;1
13276;176;161;216;land;false;plains;1
13277;197;119;201;land;false;forest;1
13278;159;250;216;land;false;plains;1
13279;229;186;182;land;false;forest;1
13280;218;202;235;land;false;plains;1
13281;151;187;166;land;false;hills;1
13282;221;125;222;land;false;forest;1
13283;153;254;167;land;false;forest;1
13284;198;118;200;land;false;plains;1
13285;198;233;243;land;false;forest;1
13286;48;251;206;land;false;plains;1
13287;228;218;123;land;false;plains;1
13288;117;147;237;land;false;plains;1
13289;224;229;220;land;false;hills;1
13290;129;159;238;land;false;hills;1
13291;228;231;189;land;false;forest;1
13292;238;207;253;land;false;hills;1
13293;220;222;210;land;false;forest;1
13294;218;181;250;land;false;plains;1
13295;108;203;236;land;false;plains;1
13296;165;213;155;land;false;hills;1
13297;247;14;241;land;false;plains;1
13298;238;172;175;land;false;hills;1
13299;174;183;187;land;false;hills;1
13300;200;236;219;land;false;mountain;1
13301;225;214;218;land;true;urban;1
13302;192;146;246;land;false;plains;1
13303;201;238;149;land;false;plains;1
13304;240;177;164;land;false;forest;1
13305;173;228;232;land;false;plains;1
13306;100;226;196;land;false;urban;1
13307;247;161;104;land;false;forest;1
13308;170;114;221;land;false;forest;1
13309;188;244;140;land;false;hills;1
13310;249;140;208;land;false;forest;1
13311;234;146;202;land;false;forest;1
13312;179;212;149;land;false;urban;1
13313;241;238;72;land;false;forest;1
13314;226;252;73;land;false;forest;1
13315;223;123;252;land;false;forest;1
13316;250;199;115;land;false;plains;1
13317;225;236;174;land;false;mountain;1
13318;145;183;178;land;false;plains;1
13319;200;131;185;land;false;forest;1
13320;229;230;178;land;false;forest;1
13321;235;163;114;land;false;hills;1
13322;223;101;253;land;false;forest;1
13323;129;142;237;land;false;plains;1
13324;179;227;128;land;false;plains;1
13325;169;165;168;land;false;hills;1
13326;204;218;245;land;false;plains;1
13327;173;234;132;land;true;plains;1
13328;202;91;227;land;true;plains;1
13329;209;160;247;land;false;plains;1
13330;153;251;114;land;false;forest;1
13331;248;88;209;land;false;forest;1
13332;244;157;235;land;false;forest;1
13333;139;241;206;land;false;forest;1
13334;115;193;197;land;false;plains;1
13335;61;252;250;land;false;hills;1
13336;194;253;77;land;false;forest;1
13337;248;136;205;land;false;forest;1
13338;243;96;246;land;false;forest;1
13339;234;200;203;land;false;plains;1
13340;217;162;173;land;false;forest;1
13341;223;144;240;land;false;plains;1
13342;217;167;129;land;false;hills;1
13343;215;242;47;land;false;forest;1
13344;247;87;228;land;false;forest;1
13345;248;220;82;land;false;plains;1
13346;247;182;244;land;false;forest;1
13347;201;211;179;land;false;plains;1
13348;250;52;203;land;false;forest;1
13349;145;173;239;land;false;plains;1
13350;245;198;140;land;false;forest;1
13351;250;81;252;land;false;plains;1
13352;232;143;224;land;false;hills;1
13353;207;221;132;land;false;hills;1
13354;192;188;127;land;false;forest;1
13355;143;139;223;land;false;plains;1
13356;139;127;241;land;false;forest;1
13357;248;252;98;land;false;mountain;1
13358;174;181;172;land;false;urban;1
13359;250;253;149;land;false;forest;1
13360;168;239;199;land;false;plains;1
13361;242;209;231;land;false;plains;1
13362;187;207;181;land;false;plains;1
13363;163;222;205;land;false;urban;1
13364;214;219;212;land;false;plains;1
13365;173;161;227;land;false;plains;1
13366;148;208;214;land;false;plains;1
13367;250;217;233;land;false;forest;1
13368;250;240;147;land;false;forest;1
13369;199;254;102;land;false;plains;1
13370;202;248;136;land;false;plains;1
13371;193;146;198;land;false;forest;1
13372;207;132;162;land;false;forest;1
13373;229;186;236;land;false;forest;1
13374;186;246;129;land;false;hills;1
13375;105;246;236;land;true;plains;1
13376;149;220;178;land;false;forest;1
13377;216;184;143;land;false;plains;1
13378;38;251;236;land;false;plains;1
13379;254;223;82;land;false;forest;1
13380;170;190;241;land;false;hills;1
13381;118;223;176;land;false;forest;1
13382;239;111;165;land;false;forest;1
13383;242;83;209;land;false;plains;1
13384;196;247;246;land;false;hills;1
13385;171;202;129;land;false;plains;1
13386;250;223;132;land;false;plains;1
13387;203;201;193;land;false;plains;1
13388;100;205;247;land;false;forest;1
13389;232;100;207;land;false;plains;1
13390;250;209;101;land;false;forest;1
13391;92;192;229;land;false;plains;1
13392;139;159;237;land;false;forest;1
13393;246;140;174;land;false;plains;1
13394;245;245;114;land;false;forest;1
13395;222;174;142;land;false;plains;1
13396;183;200;204;land;false;forest;1
13397;140;251;223;land;false;forest;1
13398;232;170;200;land;false;plains;1
13399;218;201;199;land;false;plains;1
13400;250;170;181;land;false;hills;1
13401;219;136;148;land;false;plains;1
13402;181;202;138;land;false;forest;1
13403;238;225;244;land;false;forest;1
13404;209;218;214;land;false;plains;1
13405;184;197;253;land;false;forest;1
13406;126;163;216;land;false;forest;1
13407;220;232;57;land;false;hills;1
13408;203;143;236;land;false;hills;1
13409;244;253;124;land;false;forest;1
13410;213;199;144;land;false;plains;1
13411;209;236;167;land;false;plains;1
13412;153;231;127;land;false;hills;1
13413;153;237;166;land;false;hills;1
13414;81;191;253;land;false;hills;1
13415;168;218;142;land;false;forest;1
13416;82;214;210;land;false;plains;1
13417;243;245;124;land;false;plains;1
13418;250;96;225;land;false;plains;1
13419;182;117;229;land;false;forest;1
13420;218;253;104;land;false;hills;1
13421;83;243;182;land;false;plains;1
13422;231;107;203;land;false;forest;1
13423;131;194;218;land;false;plains;1
13424;159;232;212;land;false;plains;1
13425;162;221;208;land;false;plains;1
13426;175;251;230;land;false;plains;1
13427;115;211;193;land;false;forest;1
13428;138;224;178;land;false;forest;1
13429;219;247;183;land;false;hills;1
13430;223;193;220;land;false;plains;1
13431;114;252;202;land;false;plains;1
13432;123;224;174;land;false;forest;1
13433;225;124;152;land;false;hills;1
13434;231;221;53;land;false;hills;1
13435;230;236;216;land;false;plains;1
13436;172;249;113;land;false;plains;1
13437;218;142;171;land;false;plains;1
13438;218;163;182;land;false;plains;1
13439;132;177;251;land;false;hills;1
13440;245;239;197;land;false;hills;1
13441;150;235;163;land;false;forest;1
13442;216;126;236;land;false;forest;1
13443;156;166;188;land;false;plains;1
13444;183;211;126;land;false;forest;1
13445;76;218;212;land;false;plains;1
13446;236;229;160;land;false;hills;1
13447;196;204;193;land;false;hills;1
13448;205;252;250;land;false;plains;1
13449;217;181;246;land;false;plains;1
13450;153;178;224;land;false;forest;1
13451;235;214;230;land;false;forest;1
13452;115;200;251;land;false;forest;1
13453;235;155;230;land;false;forest;1
13454;214;172;156;land;false;hills;1
13455;210;85;213;land;false;forest;1
13456;127;244;183;land;false;hills;1
13457;227;231;151;land;false;plains;1
13458;239;220;62;land;false;plains;1
13459;214;227;215;land;false;hills;1
13460;204;164;135;land;false;forest;1
13461;120;204;194;land;false;plains;1
13462;162;183;165;land;false;plains;1
13463;140;209;238;land;false;plains;1
13464;179;231;136;land;false;plains;1
13465;151;145;245;land;false;plains;1
13466;247;175;190;land;false;hills;1
13467;224;240;110;land;false;hills;1
13468;229;133;191;land;false;forest;1
13469;191;99;219;land;false;plains;1
13470;151;245;159;land;false;urban;1
13471;226;192;226;land;false;urban;1
13472;224;69;226;land;false;plains;1
13473;130;217;192;land;false;hills;1
13474;204;238;98;land;false;plains;1
13475;171;180;234;land;false;plains;1
13476;182;205;158;land;false;forest;1
13477;209;172;240;land;false;hills;1
13478;184;223;142;land;false;plains;1
13479;237;162;187;land;false;forest;1
13480;221;58;253;land;false;hills;1
13481;68;239;251;land;false;mountain;1
13482;38;251;215;land;false;mountain;1
13483;227;152;223;land;false;forest;1
13484;249;77;204;land;false;plains;1
13485;252;160;189;land;false;forest;1
13486;192;234;96;land;false;plains;1
13487;243;70;209;land;false;forest;1
13488;109;211;184;land;false;forest;1
13489;208;245;240;land;false;plains;1
13490;161;217;227;land;false;forest;1
13491;192;194;151;land;false;forest;1
13492;252;224;173;land;false;hills;1
13493;234;242;32;land;false;hills;1
13494;150;211;228;land;false;hills;1
13495;229;225;163;land;false;plains;1
13496;94;225;224;land;false;plains;1
13497;226;195;109;land;false;plains;1
13498;249;228;72;land;false;hills;1
13499;235;210;155;land;false;forest;1
13500;199;191;146;land;false;forest;1
13501;210;217;160;land;false;plains;1
13502;123;205;222;land;false;plains;1
13503;177;74;251;land;false;plains;1
13504;191;181;135;land;false;forest;1
13505;109;194;239;land;false;plains;1
13506;246;113;207;land;false;plains;1
13507;238;190;131;land;false;plains;1
13508;205;245;229;land;false;forest;1
13509;131;182;204;land;false;plains;1
13510;217;167;148;land;false;hills;1
13511;242;53;229;land;false;forest;1
13512;213;224;92;land;false;plains;1
13513;173;224;214;land;false;plains;1
13514;198;195;211;land;false;plains;1
13515;99;193;234;land;false;forest;1
13516;28;241;254;land;false;forest;1
13517;191;94;252;land;false;forest;1
13518;174;177;219;land;false;plains;1
13519;73;224;223;land;false;plains;1
13520;242;141;125;land;false;urban;1
13521;211;137;204;land;false;forest;1
13522;235;161;240;land;false;forest;1
13523;246;155;112;land;false;plains;1
13524;245;128;244;land;false;forest;1
13525;217;220;105;land;false;hills;1
13526;203;175;210;land;false;plains;1
13527;209;163;220;land;false;plains;1
13528;200;228;208;land;false;forest;1
13529;235;192;246;land;false;forest;1
13530;193;204;164;land;false;forest;1
13531;176;162;222;land;false;plains;1
13532;240;206;213;land;false;plains;1
13533;165;210;160;land;false;forest;1
13534;236;187;223;land;false;plains;1
13535;159;215;229;land;false;forest;1
13536;251;234;237;land;false;plains;1
13537;208;131;192;land;false;plains;1
13538;239;104;225;land;false;plains;1
13539;201;179;152;land;false;hills;1
13540;217;184;119;land;false;forest;1
13541;244;125;251;land;false;plains;1
13542;159;225;158;land;false;plains;1
13543;107;222;249;land;false;plains;1
13544;172;214;185;land;false;forest;1
13545;180;245;243;land;false;hills;1
13546;157;201;206;land;false;plains;1
13547;227;162;165;land;false;forest;1
13548;198;223;100;land;false;plains;1
13549;197;175;190;land;false;plains;1
13550;254;173;225;land;false;forest;1
13551;129;229;159;land;false;plains;1
13552;190;147;250;land;false;hills;1
13553;230;160;212;land;false;forest;1
13554;241;152;113;land;false;forest;1
13555;136;245;142;land;false;mountain;1
13556;235;209;182;land;false;mountain;1
13557;142;241;132;land;false;plains;1
13558;187;243;217;land;false;forest;1
13559;230;166;186;land;false;forest;1
13560;118;230;186;land;false;mountain;1
13561;211;214;179;land;false;plains;1
13562;157;164;180;land;false;plains;1
13563;213;206;95;land;false;forest;1
13564;147;213;220;land;false;forest;1
13565;250;173;167;land;false;forest;1
13566;107;209;198;land;false;plains;1
13567;163;215;138;land;false;plains;1
13568;195;166;153;land;false;plains;1
13569;209;240;88;land;false;plains;1
13570;251;200;202;land;false;plains;1
13571;219;224;135;land;false;hills;1
13572;210;82;227;land;false;urban;1
13573;130;221;162;land;false;forest;1
13574;162;253;86;land;false;hills;1
13575;230;72;218;land;false;hills;1
13576;202;203;239;land;false;forest;1
13577;144;197;253;land;false;plains;1
13578;124;191;228;land;false;plains;1
13579;115;247;183;land;false;forest;1
13580;197;219;245;land;false;hills;1
13581;152;143;224;land;false;hills;1
13582;228;92;231;land;false;hills;1
13583;177;235;164;land;false;hills;1
13584;238;177;173;land;false;plains;1
13585;144;132;225;land;false;plains;1
13586;164;212;184;land;false;plains;1
13587;101;252;192;land;false;plains;1
13588;235;126;216;land;false;plains;1
13589;213;185;171;land;false;forest;1
13590;219;115;230;land;false;forest;1
13591;102;221;184;land;false;hills;1
13592;252;171;206;land;false;plains;1
13593;145;158;201;land;false;forest;1
13594;198;147;254;land;false;urban;1
13595;203;184;177;land;false;hills;1
13596;213;197;144;land;false;forest;1
13597;162;195;173;land;false;forest;1
13598;135;187;203;land;false;plains;1
13599;113;251;159;land;false;plains;1
13600;250;132;128;land;false;plains;1
13601;136;226;252;land;false;forest;1
13602;250;145;130;land;false;hills;1
13603;146;243;169;land;false;hills;1
13604;236;168;150;land;false;plains;1
13605;227;155;167;land;false;forest;1
13606;117;206;235;land;false;plains;1
13607;139;220;250;land;false;plains;1
13608;181;238;251;land;false;plains;1
13609;163;150;251;land;false;plains;1
13610;67;254;229;land;false;forest;1
13611;200;203;193;land;false;plains;1
13612;221;174;195;land;false;hills;1
13613;211;229;117;land;false;plains;1
13614;86;215;202;land;false;hills;1
13615;118;162;231;land;false;forest;1
13616;108;236;201;land;false;forest;1
13617;250;148;209;land;false;plains;1
13618;105;198;223;land;false;plains;1
13619;99;246;237;land;false;plains;1
13620;149;213;157;land;false;forest;1
13621;250;85;254;land;false;hills;1
13622;245;205;129;land;false;forest;1
13623;149;112;253;land;false;forest;1
13624;239;240;34;land;false;plains;1
13625;240;152;249;land;false;plains;1
13626;186;188;197;land;false;plains;1
13627;86;230;188;land;false;forest;1
13628;156;235;204;land;false;forest;1
13629;206;232;144;land;false;hills;1
13630;203;250;97;land;false;hills;1
13631;253;242;163;land;false;mountain;1
13632;172;216;150;land;false;forest;1
13633;237;225;112;land;false;forest;1
13634;233;43;231;land;false;forest;1
13635;108;200;223;land;false;plains;1
13636;217;239;213;land;false;plains;1
13637;94;196;230;land;false;hills;1
13638;211;209;105;land;false;plains;1
13639;159;246;182;land;false;plains;1
13640;126;232;200;land;false;hills;1
13641;195;199;224;land;false;plains;1
13642;145;210;172;land;false;forest;1
13643;104;237;205;land;false;forest;1
13644;205;112;245;land;false;forest;1
13645;210;176;129;land;false;plains;1
13646;244;44;245;land;false;plains;1
13647;114;221;253;land;false;plains;1
13648;117;247;201;land;false;mountain;1
13649;207;154;240;land;false;hills;1
13650;254;190;85;land;false;forest;1
13651;229;238;41;land;false;forest;1
13652;246;71;193;land;false;plains;1
13653;192;231;87;land;false;plains;1
13654;157;217;233;land;false;forest;1
13655;191;237;193;land;false;forest;1
13656;148;190;233;land;false;hills;1
13657;240;245;81;land;false;forest;1
13658;238;156;147;land;false;forest;1
13659;172;223;201;land;false;forest;1
13660;140;250;157;land;false;forest;1
13661;189;229;115;land;false;forest;1
13662;246;151;188;land;false;plains;1
13663;212;253;195;land;false;plains;1
13664;120;157;232;land;false;hills;1
13665;161;237;253;land;false;mountain;1
13666;218;220;242;land;false;forest;1
13667;227;250;56;land;false;forest;1
13668;244;182;218;land;false;forest;1
13669;175;232;222;land;false;forest;1
13670;210;179;173;land;false;plains;1
13671;172;225;130;land;false;plains;1
13672;130;173;204;land;false;plains;1
13673;254;187;202;land;false;plains;1
13674;232;243;50;land;false;plains;1
13675;82;242;229;land;false;mountain;1
13676;240;74;220;land;false;forest;1
13677;204;231;113;land;false;plains;1
13678;254;230;33;land;false;plains;1
13679;208;144;182;land;false;forest;1
13680;195;89;252;land;false;plains;1
13681;200;200;203;land;false;forest;1
13682;246;203;193;land;false;hills;1
13683;232;129;226;land;false;forest;1
13684;160;211;152;land;false;forest;1
13685;161;249;99;land;false;plains;1
13686;150;217;176;land;false;plains;1
13687;205;170;203;land;false;plains;1
13688;219;149;210;land;false;forest;1
13689;205;206;169;land;false;plains;1
13690;64;231;207;land;false;plains;1
13691;170;200;134;land;false;plains;1
13692;230;231;66;land;false;forest;1
13693;228;70;216;land;false;forest;1
13694;143;211;183;land;false;plains;1
13695;246;202;70;land;false;hills;1
13696;97;215;253;land;false;mountain;1
13697;214;194;167;land;false;plains;1
13698;115;253;139;land;false;plains;1
13699;49;241;221;land;false;hills;1
13700;252;227;144;land;false;forest;1
13701;229;127;190;land;false;forest;1
13702;212;237;54;land;false;forest;1
13703;235;80;227;land;false;hills;1
13704;55;252;251;land;false;hills;1
13705;133;177;202;land;false;forest;1
13706;185;228;101;land;false;forest;1
13707;59;228;238;land;false;forest;1
13708;194;253;162;land;false;plains;1
13709;141;239;145;land;false;plains;1
13710;243;207;140;land;false;hills;1
13711;83;180;248;land;false;forest;1
13712;108;242;238;land;false;forest;1
13713;137;136;243;land;false;forest;1
13714;116;141;246;land;false;plains;1
13715;237;25;249;land;false;forest;1
13716;242;105;180;land;false;plains;1
13717;250;78;181;land;false;forest;1
13718;204;185;226;land;false;hills;1
13719;243;246;67;land;false;plains;1
13720;135;235;160;land;false;plains;1
13721;219;197;123;land;false;plains;1
13722;203;192;248;land;false;forest;1
13723;62;233;217;land;false;hills;1
13724;185;164;175;land;false;forest;1
13725;250;167;200;land;false;plains;1
13726;226;243;208;land;false;plains;1
13727;161;233;229;land;false;forest;1
13728;187;184;242;land;false;forest;1
13729;152;211;244;land;false;hills;1
13730;157;244;219;land;false;mountain;1
13731;168;174;188;land;false;plains;1
13732;88;172;246;land;false;plains;1
13733;206;214;82;land;false;plains;1
13734;251;230;121;land;false;forest;1
13735;242;248;75;land;false;plains;1
13736;212;245;203;land;false;hills;1
13737;246;233;222;land;true;plains;1
13738;208;190;127;land;false;forest;1
13739;242;227;109;land;false;plains;1
13740;252;217;202;land;false;plains;1
13741;121;236;197;land;false;plains;1
13742;251;127;165;land;false;plains;1
13743;198;193;217;land;false;forest;1
13744;236;197;172;land;false;hills;1
13745;184;216;218;land;false;forest;1
13746;180;192;220;land;false;forest;1
13747;155;222;245;land;false;forest;1
13748;178;193;166;land;false;forest;1
13749;185;112;235;land;false;hills;1
13750;254;108;212;land;false;hills;1
13751;182;125;245;land;false;plains;1
13752;153;233;228;land;false;plains;1
13753;218;179;108;land;false;mountain;1
13754;225;198;119;land;false;forest;1
13755;239;243;205;land;false;forest;1
13756;113;245;177;land;false;forest;1
13757;225;169;139;land;false;hills;1
13758;73;244;184;land;false;hills;1
13759;97;231;203;land;false;forest;1
13760;220;225;72;land;false;forest;1
13761;200;237;157;land;false;plains;1
13762;128;138;238;land;false;plains;1
13763;216;198;158;land;false;forest;1
13764;223;103;175;land;false;forest;1
13765;246;201;231;land;false;plains;1
13766;157;249;189;land;false;plains;1
13767;197;126;205;land;false;urban;1
13768;190;214;220;land;false;hills;1
13769;75;209;222;land;false;hills;1
13770;177;172;220;land;false;forest;1
13771;137;174;206;land;false;urban;1
13772;215;237;127;land;false;plains;1
13773;195;157;219;land;false;urban;1
13774;196;200;211;land;false;forest;1
13775;235;247;121;land;false;plains;1
13776;197;174;145;land;false;plains;1
13777;194;241;210;land;false;plains;1
13778;220;245;47;land;false;forest;1
13779;171;137;230;land;true;plains;1
13780;202;218;170;land;false;forest;1
13781;212;246;165;land;false;forest;1
13782;211;233;152;land;false;plains;1
13783;163;204;250;land;false;plains;1
13784;85;193;253;land;false;forest;1
13785;81;254;253;land;false;forest;1
13786;164;162;254;land;false;plains;1
13787;219;206;127;land;false;forest;1
13788;231;180;230;land;false;forest;1
13789;198;84;244;land;false;forest;1
13790;244;92;246;land;false;plains;1
13791;171;209;212;land;false;forest;1
13792;232;138;150;land;false;forest;1
13793;168;220;122;land;false;plains;1
13794;144;220;195;land;false;plains;1
13795;214;193;236;land;false;hills;1
13796;231;162;143;land;false;mountain;1
13797;232;227;198;land;false;plains;1
13798;175;196;144;land;false;forest;1
13799;153;223;185;land;false;forest;1
13800;237;225;147;land;false;forest;1
13801;211;237;247;land;false;plains;1
13802;128;152;252;land;false;hills;1
13803;182;121;222;land;false;plains;1
13804;244;194;163;land;false;plains;1
13805;178;217;177;land;false;forest;1
13806;178;115;236;land;false;forest;1
13807;241;198;92;land;false;plains;1
13808;236;101;196;land;false;forest;1
13809;229;203;219;land;false;forest;1
13810;72;213;234;land;false;forest;1
13811;219;89;224;land;false;forest;1
13812;218;235;56;land;true;forest;1
13813;156;131;238;land;false;forest;1
13814;225;235;111;land;false;forest;1
13815;240;205;165;land;false;hills;1
13816;17;233;253;land;false;plains;1
13817;240;143;217;land;false;plains;1
13818;133;184;187;land;false;forest;1
13819;173;172;252;land;false;forest;1
13820;236;216;118;land;false;plains;1
13821;246;99;247;land;false;forest;1
13822;152;209;235;land;false;plains;1
13823;240;142;170;land;false;forest;1
13824;243;61;247;land;false;hills;1
13825;222;164;213;land;false;plains;1
13826;254;206;164;land;false;plains;1
13827;254;75;184;land;false;forest;1
13828;191;250;87;land;false;forest;1
13829;154;210;151;land;false;plains;1
13830;244;224;252;land;false;plains;1
13831;156;217;233;land;false;mountain;1
13832;244;254;81;land;false;plains;1
13833;233;133;205;land;false;plains;1
13834;135;138;238;land;false;plains;1
13835;220;171;248;land;false;plains;1
13836;253;161;162;land;false;plains;1
13837;221;219;149;land;false;forest;1
13838;40;253;245;land;false;forest;1
13839;229;239;81;land;false;hills;1
13840;201;202;236;land;false;forest;1
13841;208;167;222;land;false;plains;1
13842;130;219;251;land;false;forest;1
13843;246;110;240;land;false;forest;1
13844;127;241;179;land;false;hills;1
13845;247;134;224;land;false;plains;1
13846;154;237;233;land;false;forest;1
13847;188;83;245;land;false;forest;1
13848;226;66;254;land;false;forest;1
13849;155;168;201;land;false;plains;1
13850;238;134;173;land;false;hills;1
13851;224;83;221;land;false;plains;1
13852;132;133;246;land;false;plains;1
13853;230;221;129;land;false;hills;1
13854;214;171;157;land;false;plains;1
13855;223;226;176;land;false;forest;1
13856;190;188;220;land;false;forest;1
13857;132;170;251;land;false;mountain;1
13858;171;200;241;land;true;plains;1
13859;163;176;200;land;false;plains;1
13860;252;199;209;land;true;forest;1
13861;190;254;127;land;false;plains;1
13862;136;139;248;land;false;plains;1
13863;207;243;99;land;false;plains;1
13864;137;172;223;land;false;forest;1
13865;200;135;196;land;false;forest;1
13866;117;181;224;land;false;forest;1
13867;131;189;195;land;false;forest;1
13868;106;234;162;land;false;forest;1
13869;192;150;210;land;false;plains;1
13870;81;221;230;land;false;plains;1
13871;180;224;111;land;false;hills;1
13872;252;125;249;land;false;plains;1
13873;210;105;222;land;false;plains;1
13874;206;189;246;land;false;forest;1
13875;149;134;253;land;false;plains;1
13876;166;206;168;land;false;forest;1
13877;188;157;200;land;false;plains;1
13878;110;217;226;land;false;plains;1
13879;225;172;106;land;false;plains;1
13880;205;169;175;land;false;plains;1
13881;124;215;242;land;false;forest;1
13882;254;82;252;land;false;forest;1
13883;86;245;175;land;false;mountain;1
13884;150;233;239;land;false;plains;1
13885;250;125;181;land;false;plains;1
13886;217;250;250;land;false;plains;1
13887;241;175;171;land;false;forest;1
13888;200;249;121;land;false;forest;1
13889;148;215;239;land;false;plains;1
13890;252;101;172;land;false;hills;1
13891;144;171;252;land;false;hills;1
13892;153;103;253;land;false;mountain;1
13893;253;225;127;land;false;plains;1
13894;173;117;231;land;false;plains;1
13895;241;126;148;land;false;plains;1
13896;241;199;211;land;false;plains;1
13897;196;219;236;land;false;hills;1
13898;150;241;125;land;false;plains;1
13899;230;248;118;land;false;plains;1
13900;235;93;227;land;false;plains;1
13901;221;87;229;land;false;hills;1
13902;223;251;200;land;false;plains;1
13903;238;213;150;land;false;forest;1
13904;215;131;171;land;false;plains;1
13905;100;228;209;land;false;forest;1
13906;75;203;243;land;false;plains;1
13907;220;217;111;land;false;forest;1
13908;231;202;143;land;false;mountain;1
13909;176;225;186;land;false;mountain;1
13910;235;159;122;land;false;forest;1
13911;244;212;178;land;false;forest;1
13912;148;234;119;land;false;forest;1
13913;211;59;249;land;false;forest;1
13914;99;241;238;land;false;hills;1
13915;155;231;148;land;false;mountain;1
13916;152;209;212;land;false;plains;1
13917;232;226;54;land;false;forest;1
13918;207;78;247;land;false;forest;1
13919;202;174;214;land;false;plains;1
13920;158;247;120;land;false;forest;1
13921;189;148;216;land;false;forest;1
13922;136;223;235;land;false;plains;1
13923;235;92;244;land;false;plains;1
13924;163;252;95;land;false;plains;1
13925;229;143;198;land;false;forest;1
13926;152;207;169;land;false;plains;1
13927;199;166;237;land;false;forest;1
13928;250;204;193;land;false;plains;1
13929;112;218;184;land;false;plains;1
13930;149;233;144;land;false;plains;1
13931;164;246;206;land;false;forest;1
13932;221;202;85;land;false;hills;1
13933;222;97;212;land;false;forest;1
13934;153;198;246;land;false;plains;1
13935;124;167;224;land;false;urban;1
13936;155;250;171;land;false;forest;1
13937;217;191;224;land;false;plains;1
13938;220;142;245;land;false;hills;1
13939;219;248;93;land;false;hills;1
13940;160;253;151;land;false;plains;1
13941;194;173;182;land;false;plains;1
13942;175;174;225;land;false;plains;1
13943;234;226;91;land;false;plains;1
13944;154;126;224;land;false;plains;1
13945;185;245;87;land;false;hills;1
13946;243;19;241;land;false;hills;1
13947;127;219;250;land;false;plains;1
13948;171;157;243;land;false;plains;1
13949;222;250;135;land;false;forest;1
13950;251;59;254;land;false;plains;1
13951;250;236;242;land;false;forest;1
13952;249;239;74;land;false;hills;1
13953;244;176;232;land;false;forest;1
13954;212;150;245;land;false;hills;1
13955;133;247;218;land;false;mountain;1
13956;57;230;235;land;false;mountain;1
13957;153;215;146;land;false;plains;1
13958;198;186;206;land;false;forest;1
13959;247;181;182;land;false;forest;1
13960;204;170;180;land;false;forest;1
13961;243;238;115;land;false;plains;1
13962;148;167;198;land;false;plains;1
13963;245;190;71;land;false;plains;1
13964;224;180;107;land;false;plains;1
13965;170;143;192;land;false;plains;1
13966;227;220;132;land;false;plains;1
13967;251;182;116;land;false;forest;1
13968;213;123;167;land;false;plains;1
13969;208;90;235;land;false;forest;1
13970;221;156;166;land;false;plains;1
13971;138;164;243;land;false;mountain;1
13972;126;183;195;land;false;plains;1
13973;246;63;194;land;false;plains;1
13974;176;149;224;land;false;forest;1
13975;188;128;251;land;false;mountain;1
13976;230;140;148;land;true;plains;1
13977;206;203;178;land;false;plains;1
13978;220;231;108;land;false;urban;1
13979;171;183;148;land;false;plains;1
13980;135;180;221;land;false;plains;1
13981;210;227;75;land;false;hills;1
13982;167;139;244;land;false;hills;1
13983;223;174;210;land;false;forest;1
13984;203;175;228;land;false;plains;1
13985;154;238;254;land;false;plains;1
13986;227;220;230;land;false;forest;1
13987;129;178;220;land;false;plains;1
13988;202;130;182;land;false;hills;1
13989;164;215;185;land;false;mountain;1
13990;153;183;236;land;false;plains;1
13991;221;232;170;land;false;forest;1
13992;254;54;233;land;false;forest;1
13993;173;162;240;land;false;forest;1
13994;202;248;238;land;false;plains;1
13995;253;32;225;land;false;plains;1
13996;190;244;243;land;false;hills;1
13997;236;223;213;land;false;plains;1
13998;114;217;216;land;false;plains;1
13999;170;219;120;land;false;forest;1
14000;155;174;233;land;false;forest;1
14001;207;132;172;land;false;mountain;1
14002;208;115;244;land;false;plains;1
14003;75;190;254;land;false;forest;1
14004;247;168;149;land;false;hills;1
14005;197;240;226;land;false;hills;1
14006;240;128;206;land;false;hills;1
14007;73;198;231;land;false;plains;1
14008;198;150;209;land;false;plains;1
14009;209;74;225;land;false;plains;1
14010;157;254;122;land;false;plains;1
14011;242;246;130;land;false;forest;1
14012;199;239;177;land;false;forest;1
14013;226;223;68;land;false;plains;1
14014;149;230;159;land;false;hills;1
14015;156;253;241;land;false;forest;1
14016;142;182;195;land;false;plains;1
14017;179;230;243;land;false;forest;1
14018;221;135;187;land;false;plains;1
14019;108;253;203;land;false;plains;1
14020;250;202;89;land;false;plains;1
14021;190;138;220;land;false;plains;1
14022;132;246;184;land;false;forest;1
14023;128;245;240;land;false;plains;1
14024;244;109;201;land;false;hills;1
14025;125;216;212;land;false;plains;1
14026;233;184;215;land;false;plains;1
14027;132;236;242;land;false;plains;1
14028;199;216;99;land;false;plains;1
14029;189;134;239;land;false;forest;1
14030;98;225;185;land;false;plains;1
14031;251;208;191;land;false;hills;1
14032;146;198;212;land;true;plains;1
14033;132;247;201;land;false;plains;1
14034;251;171;120;land;false;plains;1
14035;226;188;126;land;false;urban;1
14036;195;168;158;land;false;plains;1
14037;235;148;252;land;false;plains;1
14038;130;239;221;land;false;plains;1
14039;241;241;153;land;false;forest;1
14040;235;195;221;land;false;hills;1
14041;237;34;253;land;false;hills;1
14042;195;151;158;land;false;hills;1
14043;217;217;141;land;false;plains;1
14044;133;165;229;land;false;forest;1
14045;186;181;203;land;false;forest;1
14046;201;237;192;land;false;forest;1
14047;199;187;129;land;false;hills;1
14048;199;152;173;land;false;forest;1
14049;195;121;210;land;false;plains;1
14050;243;169;248;land;false;plains;1
14051;252;84;214;land;false;forest;1
14052;243;190;101;land;false;forest;1
14053;253;113;233;land;false;hills;1
14054;194;113;249;land;false;plains;1
14055;246;225;209;land;false;plains;1
14056;247;170;185;land;false;plains;1
14057;95;211;221;land;false;plains;1
14058;146;200;217;land;false;forest;1
14059;248;153;174;land;false;plains;1
14060;239;196;189;land;false;hills;1
14061;245;229;171;land;false;forest;1
14062;142;168;252;land;false;hills;1
14063;204;209;250;land;false;hills;1
14064;107;225;200;land;false;forest;1
14065;234;93;226;land;false;plains;1
14066;239;150;127;land;false;forest;1
14067;246;155;213;land;false;plains;1
14068;210;181;251;land;false;plains;1
14069;232;230;128;land;false;plains;1
14070;248;53;249;land;false;plains;1
14071;208;230;195;land;false;plains;1
14072;240;87;187;land;false;forest;1
14073;145;202;226;land;false;forest;1
14074;108;243;179;land;false;plains;1
14075;202;247;178;land;false;hills;1
14076;214;138;162;land;false;hills;1
14077;222;208;178;land;false;mountain;1
14078;245;218;227;land;true;urban;1
14079;246;237;246;land;false;plains;1
14080;148;179;227;land;false;hills;1
14081;241;181;202;land;false;forest;1
14082;247;192;230;land;false;plains;1
14083;245;85;204;land;false;plains;1
14084;178;179;234;land;false;plains;1
14085;246;239;41;land;false;forest;1
14086;192;165;189;land;false;plains;1
14087;211;248;152;land;false;forest;1
14088;205;206;228;land;false;mountain;1
14089;216;137;230;land;false;plains;1
14090;169;161;247;land;false;plains;1
14091;163;209;202;land;false;plains;1
14092;249;181;228;land;false;forest;1
14093;251;164;253;land;false;hills;1
14094;184;120;220;land;false;plains;1
14095;240;144;200;land;false;plains;1
14096;48;240;249;land;false;plains;1
14097;219;187;203;land;false;plains;1
14098;216;96;195;land;false;plains;1
14099;210;115;194;land;false;hills;1
14100;198;233;122;land;false;hills;1
14101;193;236;170;land;false;forest;1
14102;230;111;217;land;false;forest;1
14103;252;231;59;land;false;plains;1
14104;212;153;244;land;false;plains;1
14105;123;214;230;land;false;plains;1
14106;223;226;251;land;false;forest;1
14107;192;219;196;land;false;forest;1
14108;99;248;179;land;false;forest;1
14109;170;190;147;land;false;plains;1
14110;242;159;199;land;false;plains;1
14111;254;203;45;land;false;hills;1
14112;135;236;220;land;false;hills;1
14113;119;238;210;land;false;plains;1
14114;144;178;214;land;false;plains;1
14115;226;186;218;land;false;plains;1
14116;54;215;244;land;false;plains;1
14117;213;251;240;land;false;forest;1
14118;221;239;201;land;false;plains;1
14119;243;65;212;land;false;hills;1
14120;231;204;245;land;false;forest;1
14121;253;254;17;land;false;forest;1
14122;243;242;31;land;false;hills;1
14123;172;224;145;land;false;mountain;1
14124;174;165;177;land;false;hills;1
14125;184;192;237;land;false;plains;1
14126;234;155;193;land;false;forest;1
14127;191;158;172;land;true;plains;1
14128;206;138;193;land;false;forest;1
14129;188;77;250;land;false;plains;1
14130;154;210;142;land;false;forest;1
14131;190;106;222;land;false;forest;1
14132;246;133;126;land;false;hills;1
14133;111;241;236;land;false;hills;1
14134;129;185;221;land;false;plains;1
14135;250;105;220;land;false;plains;1
14136;216;109;190;land;false;forest;1
14137;88;247;223;land;false;mountain;1
14138;151;155;220;land;false;plains;1
14139;31;238;242;land;false;plains;1
14140;183;127;219;land;false;forest;1
14141;147;155;238;land;false;forest;1
14142;189;221;238;land;false;plains;1
14143;244;198;62;land;false;forest;1
14144;172;230;153;land;false;plains;1
14145;229;173;206;land;false;hills;1
14146;183;155;192;land;false;plains;1
14147;252;215;228;land;false;plains;1
14148;178;147;239;land;false;plains;1
14149;234;229;70;land;false;hills;1
14150;213;170;165;land;false;plains;1
14151;250;234;154;land;true;plains;1
14152;239;187;119;land;false;forest;1
14153;168;138;219;land;false;plains;1
14154;246;187;121;land;false;plains;1
14155;107;180;226;land;false;plains;1
14156;213;106;212;land;false;hills;1
14157;135;238;208;land;false;hills;1
14158;19;239;243;land;false;plains;1
14159;108;241;178;land;false;forest;1
14160;210;248;162;land;false;forest;1
14161;134;194;181;land;false;plains;1
14162;220;189;235;land;false;plains;1
14163;222;252;152;land;false;plains;1
14164;138;229;148;land;false;forest;1
14165;113;232;242;land;false;hills;1
14166;218;219;180;land;false;forest;1
14167;185;229;190;land;false;hills;1
14168;200;240;186;land;false;plains;1
14169;237;168;149;land;false;plains;1
14170;253;162;111;land;false;forest;1
14171;88;190;228;land;false;forest;1
14172;219;49;251;land;false;plains;1
14173;134;127;253;land;false;plains;1
14174;244;88;238;land;false;forest;1
14175;201;98;237;land;false;plains;1
14176;162;251;103;land;false;plains;1
14177;84;229;216;land;false;plains;1
14178;225;242;138;land;false;plains;1
14179;172;234;172;land;false;plains;1
14180;250;251;126;land;false;forest;1
14181;206;212;147;land;false;plains;1
14182;170;245;108;land;false;plains;1
14183;200;247;203;land;false;forest;1
14184;144;129;251;land;false;plains;1
14185;203;159;167;land;false;hills;1
14186;185;210;162;land;false;hills;1
14187;166;185;155;land;false;plains;1
14188;77;254;239;land;false;plains;1
14189;238;163;170;land;false;plains;1
14190;174;204;200;land;false;hills;1
14191;220;110;236;land;false;plains;1
14192;250;81;181;land;false;plains;1
14193;242;148;159;land;false;plains;1
14194;236;185;94;land;false;plains;1
14195;229;88;215;land;false;forest;1
14196;217;242;82;land;false;hills;1
14197;229;79;246;land;false;hills;1
14198;52;243;216;land;false;hills;1
14199;227;95;253;land;false;mountain;1
14200;248;237;26;land;false;plains;1
14201;200;198;190;land;false;forest;1
14202;217;251;83;land;false;plains;1
14203;198;183;254;land;false;forest;1
14204;239;183;232;land;false;plains;1
14205;227;113;186;land;false;plains;1
14206;119;238;208;land;true;forest;1
14207;208;157;254;land;false;hills;1
14208;213;254;91;land;false;mountain;1
14209;157;234;183;land;false;plains;1
14210;187;103;215;land;false;plains;1
14211;206;236;206;land;false;plains;1
14212;99;243;174;land;false;plains;1
14213;235;140;133;land;false;forest;1
14214;214;186;103;land;false;urban;1
14215;234;165;191;land;false;plains;1
14216;170;174;229;land;false;plains;1
14217;64;206;238;land;false;plains;1
14218;190;200;228;land;false;plains;1
14219;156;229;196;land;false;plains;1
14220;235;140;205;land;false;forest;1
14221;190;209;190;land;false;forest;1
14222;87;253;171;land;false;forest;1
14223;210;234;144;land;false;forest;1
14224;222;253;50;land;false;mountain;1
14225;249;219;97;land;false;plains;1
14226;245;250;208;land;false;forest;1
14227;183;158;184;land;false;plains;1
14228;69;219;232;land;false;plains;1
14229;228;170;228;land;false;plains;1
14230;224;198;84;land;false;hills;1
14231;162;153;234;land;false;hills;1
14232;87;251;225;land;false;hills;1
14233;220;251;74;land;false;plains;1
14234;213;159;208;land;false;plains;1
14235;146;239;199;land;false;plains;1
14236;167;199;246;land;false;forest;1
14237;101;231;231;land;false;plains;1
14238;184;89;233;land;false;hills;1
14239;194;248;182;land;false;plains;1
14240;206;95;247;land;false;forest;1
14241;213;212;213;land;false;plains;1
14242;249;167;177;land;false;plains;1
14243;223;163;247;land;false;plains;1
14244;204;210;194;land;false;hills;1
14245;208;224;155;land;false;mountain;1
14246;234;220;167;land;false;plains;1
14247;243;246;138;land;false;plains;1
14248;186;185;209;land;false;plains;1
14249;227;74;242;land;false;plains;1
14250;213;100;235;land;false;plains;1
14251;44;252;227;land;false;plains;1
14252;155;182;204;land;false;urban;1
14253;217;254;69;land;true;plains;1
14254;181;163;212;land;false;urban;1
14255;173;134;250;land;false;hills;1
14256;247;250;54;land;false;plains;1
14257;152;144;206;land;false;forest;1
14258;222;252;108;land;false;plains;1
14259;139;164;205;land;false;plains;1
14260;162;179;246;land;false;plains;1
14261;238;185;245;land;false;plains;1
14262;56;248;232;land;false;hills;1
14263;85;209;239;land;false;plains;1
14264;184;139;241;land;true;plains;1
14265;217;82;245;land;false;plains;1
14266;253;139;154;land;false;plains;1
14267;232;87;184;land;false;forest;1
14268;193;91;250;land;false;plains;1
14269;222;168;228;land;false;plains;1
14270;147;129;235;land;false;plains;1
14271;247;250;203;land;false;forest;1
14272;246;192;124;land;false;plains;1
14273;154;237;120;land;false;plains;1
14274;173;254;81;land;false;hills;1
14275;216;181;137;land;false;hills;1
14276;197;211;203;land;false;mountain;1
14277;126;220;166;land;false;forest;1
14278;206;200;149;land;false;plains;1
14279;210;105;200;land;false;plains;1
14280;111;240;224;land;false;plains;1
14281;209;174;208;land;false;mountain;1
14282;190;228;199;land;false;mountain;1
14283;183;152;179;land;false;plains;1
14284;171;140;214;land;false;plains;1
14285;211;254;222;land;false;mountain;1
14286;226;189;170;land;false;plains;1
14287;227;210;119;land;false;plains;1
14288;236;229;132;land;false;plains;1
14289;224;244;68;land;false;forest;1
14290;196;210;209;land;false;plains;1
14291;110;234;161;land;false;forest;1
14292;252;159;167;land;false;plains;1
14293;232;175;156;land;false;hills;1
14294;216;196;96;land;true;plains;1
14295;223;89;254;land;false;plains;1
14296;240;182;133;land;false;plains;1
14297;128;179;241;land;false;plains;1
14298;134;153;244;land;false;plains;1
14299;197;135;217;land;false;plains;1
14300;183;191;205;land;false;hills;1
14301;167;196;201;land;false;plains;1
14302;163;217;199;land;false;plains;1
14303;142;225;191;land;false;plains;1
14304;243;140;166;land;false;plains;1
14305;103;254;191;land;false;plains;1
14306;232;237;131;land;false;plains;1
14307;195;183;253;land;false;plains;1
14308;202;252;69;land;false;hills;1
14309;208;115;178;land;false;hills;1
14310;187;231;197;land;false;mountain;1
14311;248;224;187;land;false;plains;1
14312;127;208;249;land;false;plains;1
14313;227;179;164;land;false;plains;1
14314;212;131;180;land;false;plains;1
14315;192;219;214;land;false;plains;1
14316;225;85;221;land;false;plains;1
14317;180;180;163;land;false;plains;1
14318;127;187;208;land;false;plains;1
14319;248;183;186;land;false;plains;1
14320;253;179;184;land;false;plains;1
14321;185;249;136;land;false;plains;1
14322;226;186;194;land;false;plains;1
14323;249;62;254;land;false;plains;1
14324;157;183;163;land;false;plains;1
14325;159;184;213;land;false;plains;1
14326;138;197;240;land;false;plains;1
14327;179;220;234;land;false;plains;1
14328;247;78;183;land;false;hills;1
14329;226;102;222;land;false;mountain;1
14330;200;248;192;land;false;plains;1
14331;71;236;248;land;false;plains;1
14332;227;225;69;land;false;mountain;1
14333;230;233;158;land;false;plains;1
14334;137;230;226;land;false;forest;1
14335;147;229;178;land;false;plains;1
14336;230;132;186;land;false;hills;1
14337;169;241;201;land;false;plains;1
14338;250;209;187;land;false;plains;1
14339;179;235;115;land;false;plains;1
14340;198;112;210;land;false;plains;1
14341;192;104;220;land;false;plains;1
14342;249;176;111;land;false;plains;1
14343;225;212;245;land;false;plains;1
14344;185;237;236;land;false;plains;1
14345;226;196;165;land;false;plains;1
14346;191;143;247;land;false;plains;1
14347;190;234;162;land;false;plains;1
14348;237;119;158;land;false;forest;1
14349;179;185;211;land;false;plains;1
14350;140;158;219;land;false;plains;1
14351;253;43;227;land;false;forest;1
14352;106;216;252;land;false;plains;1
14353;159;189;182;land;true;plains;1
14354;185;251;79;land;false;plains;1
14355;244;187;193;land;false;plains;1
14356;146;221;210;land;false;plains;1
14357;204;228;103;land;false;plains;1
14358;231;207;158;land;false;plains;1
14359;239;155;178;land;false;plains;1
14360;198;246;214;land;false;plains;1
14361;144;146;247;land;false;forest;1
14362;89;217;196;land;false;plains;1
14363;164;203;203;land;false;plains;1
14364;203;247;170;land;false;plains;1
14365;248;225;47;land;false;plains;1
14366;253;237;34;land;false;plains;1
14367;226;236;42;land;false;plains;1
14368;158;144;233;land;false;plains;1
14369;194;231;228;land;false;mountain;1
14370;141;214;157;land;false;plains;1
14371;187;207;213;land;false;plains;1
14372;247;95;195;land;false;plains;1
14373;180;248;78;land;false;plains;1
14374;185;251;183;land;false;plains;1
14375;224;97;235;land;false;plains;1
14376;114;229;210;land;false;mountain;1
14377;120;173;217;land;false;mountain;1
14378;142;242;120;land;false;plains;1
14379;202;189;251;land;false;plains;1
14380;184;250;99;land;false;forest;1
14381;205;196;252;land;false;forest;1
14382;174;238;153;land;false;hills;1
14383;238;237;59;land;false;plains;1
14384;241;249;71;land;true;plains;1
14385;225;204;229;land;false;plains;1
14386;68;221;225;land;false;plains;1
14387;245;126;245;land;false;plains;1
14388;232;169;125;land;false;plains;1
14389;254;183;253;land;false;forest;1
14390;227;187;156;land;false;plains;1
14391;172;191;169;land;false;plains;1
14392;114;246;152;land;false;hills;1
14393;231;170;164;land;false;mountain;1
14394;222;249;223;land;false;mountain;1
14395;162;229;222;land;false;plains;1
14396;227;130;230;land;false;plains;1
14397;197;224;228;land;false;plains;1
14398;219;168;205;land;false;plains;1
14399;177;106;243;land;false;hills;1
14400;226;143;218;land;false;plains;1
14401;239;162;130;land;false;plains;1
14402;233;254;79;land;false;forest;1
14403;227;115;212;land;false;plains;1
14404;58;223;247;land;false;mountain;1
14405;166;203;138;land;false;mountain;1
14406;240;203;222;land;false;mountain;1
14407;115;191;234;land;false;plains;1
14408;143;244;196;land;false;plains;1
14409;178;203;248;land;false;plains;1
14410;251;241;168;land;false;plains;1
14411;249;233;32;land;false;mountain;1
14412;190;213;208;land;false;forest;1
14413;166;177;216;land;false;plains;1
14414;162;235;198;land;false;plains;1
14415;230;202;220;land;false;plains;1
14416;250;208;179;land;false;plains;1
14417;87;215;244;land;false;plains;1
14418;243;213;168;land;false;hills;1
14419;247;194;106;land;false;plains;1
14420;148;181;214;land;false;plains;1
14421;174;253;103;land;false;hills;1
14422;175;245;254;land;false;plains;1
14423;130;254;132;land;false;plains;1
14424;178;206;235;land;false;forest;1
14425;88;214;243;land;false;forest;1
14426;221;157;220;land;false;urban;1
14427;102;245;226;land;false;urban;1
14428;254;169;113;land;false;plains;1
14429;250;236;144;land;false;urban;1
14430;182;244;151;land;false;mountain;1
14431;132;228;197;land;false;mountain;1
14432;215;46;248;land;true;urban;1
14433;208;216;143;land;false;forest;1
14434;174;213;153;land;false;plains;1
14435;239;226;79;land;false;hills;1
14436;235;251;21;land;false;plains;1
14437;222;173;184;land;false;plains;1
14438;248;249;190;land;false;plains;1
14439;157;166;230;land;false;forest;1
14440;225;206;72;land;false;plains;1
14441;87;189;238;land;false;plains;1
14442;156;114;245;land;false;plains;1
14443;175;183;173;land;false;plains;1
14444;205;94;216;land;false;plains;1
14445;239;102;206;land;false;plains;1
14446;214;172;198;land;false;plains;1
14447;159;226;170;land;false;forest;1
14448;111;238;240;land;false;plains;1
14449;88;201;244;land;false;plains;1
14450;167;179;174;land;false;mountain;1
14451;185;144;192;land;false;mountain;1
14452;158;190;168;land;false;plains;1
14453;139;170;246;land;false;plains;1
14454;215;210;122;land;false;hills;1
14455;174;232;135;land;false;forest;1
14456;189;154;191;land;false;plains;1
14457;191;216;125;land;false;hills;1
14458;76;203;241;land;false;hills;1
14459;96;215;205;land;false;hills;1
14460;176;178;170;land;false;mountain;1
14461;155;252;180;land;false;mountain;1
14462;243;61;245;land;false;plains;1
14463;128;192;210;land;false;hills;1
14464;212;166;133;land;false;forest;1
14465;113;239;176;land;false;urban;1
14466;185;125;192;land;false;plains;1
14467;207;205;205;land;false;plains;1
14468;154;227;135;land;false;plains;1
14469;178;238;198;land;false;plains;1
14470;247;233;132;land;false;plains;1
14471;241;188;103;land;false;urban;1
14472;212;118;174;land;false;hills;1
14473;147;196;182;land;false;plains;1
14474;172;194;144;land;false;mountain;1
14475;113;239;177;land;false;mountain;1
14476;69;252;204;land;false;plains;1
14477;213;129;226;land;false;forest;1
14478;107;153;241;land;false;plains;1
14479;254;49;218;land;false;plains;1
14480;254;195;238;land;false;plains;1
14481;176;117;245;land;false;hills;1
14482;108;180;233;land;false;mountain;1
14483;254;200;201;land;false;plains;1
14484;102;197;240;land;false;plains;1
14485;246;135;219;land;false;plains;1
14486;233;232;155;land;false;urban;1
14487;248;94;248;land;false;plains;1
14488;160;246;205;land;false;plains;1
14489;240;253;115;land;false;plains;1
14490;199;121;200;land;false;plains;1
14491;172;121;236;land;false;mountain;1
14492;237;95;203;land;false;plains;1
14493;174;231;181;land;false;hills;1
14494;155;215;157;land;false;plains;1
14495;192;243;109;land;false;hills;1
14496;163;174;203;land;false;plains;1
14497;216;130;167;land;false;plains;1
14498;220;189;222;land;false;plains;1
14499;136;199;249;land;false;plains;1
14500;247;183;92;land;false;hills;1
14501;184;249;149;land;false;forest;1
14502;235;125;200;land;false;plains;1
14503;40;234;238;land;false;hills;1
14504;191;182;210;land;false;hills;1
14505;144;195;249;land;false;plains;1
14506;142;240;222;land;false;plains;1
14507;81;254;167;land;false;forest;1
14508;176;243;150;land;false;plains;1
14509;166;137;239;land;false;hills;1
14510;169;170;180;land;false;forest;1
14511;21;249;232;land;false;plains;1
14512;246;56;211;land;false;mountain;1
14513;93;180;238;land;false;plains;1
14514;221;156;162;land;false;plains;1
14515;247;151;238;land;false;plains;1
14516;207;203;179;land;false;plains;1
14517;154;183;240;land;false;plains;1
14518;233;158;183;land;false;mountain;1
14519;208;173;193;land;true;plains;1
14520;191;239;104;land;false;urban;1
14521;100;247;169;land;false;plains;1
14522;247;71;224;land;false;plains;1
14523;79;186;249;land;false;hills;1
14524;112;192;218;land;false;plains;1
14525;253;231;98;land;false;hills;1
14526;211;153;201;land;false;plains;1
14527;230;165;140;land;false;plains;1
14528;252;209;132;land;false;hills;1
14529;165;250;206;land;false;mountain;1
14530;106;180;216;land;false;mountain;1
14531;185;110;254;land;false;plains;1
14532;178;117;211;land;false;plains;1
14533;169;221;234;land;false;hills;1
14534;205;242;214;land;false;plains;1
14535;55;228;220;land;false;plains;1
14536;206;238;139;land;false;plains;1
14537;250;187;140;land;false;mountain;1
14538;146;186;231;land;false;plains;1
14539;189;249;97;land;false;plains;1
14540;238;188;230;land;false;hills;1
14541;239;235;56;land;false;plains;1
14542;239;226;183;land;false;hills;1
14543;199;227;253;land;false;hills;1
14544;178;246;127;land;false;urban;1
14545;202;148;244;land;false;plains;1
14546;121;169;238;land;false;mountain;1
14547;145;219;218;land;false;plains;1
14548;169;240;249;land;false;plains;1
14549;165;176;222;land;false;hills;1
14550;130;194;253;land;false;hills;1
14551;202;189;155;land;false;hills;1
14552;202;254;140;land;false;hills;1
14553;131;167;225;land;false;mountain;1
14554;242;91;216;land;false;hills;1
14555;170;182;205;land;false;plains;1
14556;187;169;223;land;false;plains;1
14557;156;195;234;land;false;hills;1
14558;213;146;202;land;false;urban;1
14559;248;214;195;land;false;hills;1
14560;212;134;227;land;false;mountain;1
14561;252;106;235;land;false;forest;1
14562;228;51;223;land;false;plains;1
14563;213;236;96;land;false;hills;1
14564;238;138;203;land;false;plains;1
14565;132;178;250;land;false;plains;1
14566;230;213;170;land;false;mountain;1
14567;158;170;226;land;false;plains;1
14568;248;239;18;land;false;hills;1
14569;206;242;233;land;false;hills;1
14570;216;90;202;land;false;hills;1
14571;191;193;181;land;false;plains;1
14572;222;204;172;land;false;hills;1
14573;225;111;230;land;false;hills;1
14574;229;151;136;land;false;hills;1
14575;180;231;153;land;false;hills;1
14576;221;168;124;land;false;forest;1
14577;85;167;251;land;false;forest;1
14578;221;167;195;land;false;hills;1
14579;198;253;242;land;false;hills;1
14580;244;244;114;land;false;plains;1
14581;166;185;177;land;false;plains;1
14582;254;232;18;land;false;hills;1
14583;178;172;220;land;false;mountain;1
14584;129;200;253;land;false;hills;1
14585;69;227;227;land;false;hills;1
14586;213;99;222;land;false;hills;1
14587;25;243;250;land;false;forest;1
14588;188;217;206;land;false;plains;1
14589;162;140;209;land;false;plains;1
14590;252;129;154;land;false;hills;1
14591;246;237;36;land;false;hills;1
14592;155;229;169;land;false;hills;1
14593;244;164;169;land;false;hills;1
14594;105;216;187;land;false;hills;1
14595;211;200;107;land;false;mountain;1
14596;226;246;194;land;false;mountain;1
14597;176;254;82;land;false;plains;1
14598;129;233;169;land;false;plains;1
14599;92;197;227;land;false;plains;1
14600;237;241;73;land;false;plains;1
14601;145;157;224;land;false;mountain;1
14602;244;145;118;land;true;plains;1
14603;229;231;182;land;false;forest;1
14604;231;226;86;land;false;plains;1
14605;227;126;182;land;false;hills;1
14606;104;238;218;land;false;hills;1
14607;218;227;238;land;false;urban;1
14608;129;186;230;land;false;hills;1
14609;196;92;246;land;false;plains;1
14610;251;233;33;land;false;urban;1
14611;188;252;135;land;false;hills;1
14612;214;174;237;land;false;hills;1
14613;201;115;219;land;false;mountain;1
14614;241;196;90;land;false;hills;1
14615;159;232;136;land;false;hills;1
14616;225;188;237;land;false;plains;1
14617;177;206;177;land;false;plains;1
14618;254;24;230;land;false;plains;1
14619;225;159;143;land;false;hills;1
14620;166;230;226;land;false;plains;1
14621;236;49;221;land;false;mountain;1
14622;104;219;222;land;false;mountain;1
14623;226;69;239;land;false;plains;1
14624;204;229;251;land;false;plains;1
14625;156;210;189;land;false;hills;1
14626;149;243;244;land;false;mountain;1
14627;217;250;219;land;false;hills;1
14628;137;178;235;land;false;plains;1
14629;226;128;218;land;false;forest;1
14630;215;167;122;land;false;hills;1
14631;237;168;215;land;false;hills;1
14632;22;249;240;land;false;hills;1
14633;215;159;130;land;false;mountain;1
14634;254;231;118;land;false;mountain;1
14635;177;208;146;land;false;plains;1
14636;249;157;104;land;false;plains;1
14637;245;160;135;land;false;hills;1
14638;211;58;241;land;false;plains;1
14639;231;196;219;land;false;plains;1
14640;227;233;129;land;false;hills;1
14641;63;238;240;land;false;hills;1
14642;100;252;182;land;false;urban;1
14643;84;231;219;land;false;plains;1
14644;137;187;221;land;false;mountain;1
14645;191;157;243;land;false;forest;1
14646;111;231;252;land;false;plains;1
14647;119;247;151;land;false;hills;1
14648;183;224;110;land;false;urban;1
14649;222;129;195;land;false;hills;1
14650;127;239;246;land;false;hills;1
14651;251;236;173;land;false;plains;1
14652;132;203;184;land;false;hills;1
14653;246;117;238;land;false;mountain;1
14654;208;249;173;land;false;mountain;1
14655;126;177;226;land;false;plains;1
14656;116;179;231;land;false;hills;1
14657;207;252;140;land;false;hills;1
14658;151;197;177;land;false;hills;1
14659;226;251;165;land;false;plains;1
14660;166;136;217;land;false;hills;1
14661;165;210;227;land;false;mountain;1
14662;149;158;212;land;false;mountain;1
14663;192;250;100;land;true;urban;1
14664;232;213;68;land;false;plains;1
14665;226;198;249;land;false;mountain;1
14666;117;130;254;land;false;plains;1
14667;242;84;234;land;false;plains;1
14668;210;244;64;land;false;hills;1
14669;252;140;165;land;false;plains;1
14670;217;165;229;land;false;hills;1
14671;189;207;143;land;false;urban;1
14672;171;204;187;land;false;hills;1
14673;157;235;186;land;false;mountain;1
14674;252;168;139;land;false;urban;1
14675;160;226;156;land;false;hills;1
14676;105;234;235;land;false;hills;1
14677;79;208;251;land;false;plains;1
14678;213;243;131;land;false;mountain;1
14679;246;139;188;land;false;plains;1
14680;237;216;246;land;false;forest;1
14681;222;98;247;land;false;hills;1
14682;178;230;180;land;false;mountain;1
14683;62;219;227;land;false;plains;1
14684;127;157;254;land;false;plains;1
14685;253;197;252;land;false;plains;1
14686;123;173;239;land;false;hills;1
14687;136;208;194;land;false;hills;1
14688;252;241;113;land;false;hills;1
14689;171;227;183;land;false;plains;1
14690;151;216;164;land;false;urban;1
14691;215;61;251;land;false;hills;1
14692;88;247;172;land;false;plains;1
14693;185;77;246;land;false;hills;1
14694;214;154;144;land;false;hills;1
14695;226;124;229;land;false;plains;1
14696;244;200;96;land;false;hills;1
14697;98;178;242;land;false;hills;1
14698;192;249;190;land;false;forest;1
14699;198;123;229;land;false;mountain;1
14700;216;86;217;land;false;mountain;1
14701;157;224;209;land;false;forest;1
14702;154;249;253;land;false;hills;1
14703;253;251;108;land;false;hills;1
14704;228;189;127;land;false;mountain;1
14705;235;203;250;land;false;plains;1
14706;164;208;205;land;false;plains;1
14707;189;145;199;land;false;hills;1
14708;217;223;192;land;false;hills;1
14709;154;234;191;land;false;hills;1
14710;249;42;253;land;false;plains;1
14711;225;156;193;land;false;hills;1
14712;227;90;230;land;false;hills;1
14713;239;211;164;land;false;plains;1
14714;252;187;164;land;false;hills;1
14715;145;205;219;land;false;plains;1
14716;237;152;124;land;false;plains;1
14717;213;203;221;land;false;urban;1
14718;162;222;181;land;false;mountain;1
14719;225;182;249;land;false;plains;1
14720;183;99;251;land;false;plains;1
14721;210;220;182;land;false;plains;1
14722;228;222;201;land;false;forest;1
14723;59;237;219;land;false;hills;1
14724;251;21;252;land;false;hills;1
14725;155;170;177;land;false;plains;1
14726;193;250;144;land;false;plains;1
14727;156;170;187;land;false;hills;1
14728;151;238;159;land;false;mountain;1
14729;122;231;176;land;false;mountain;1
14730;160;183;181;land;false;plains;1
14731;115;243;167;land;false;plains;1
14732;139;179;237;land;false;hills;1
14733;245;214;45;land;false;hills;1
14734;251;231;80;land;false;plains;1
14735;186;191;156;land;false;hills;1
14736;197;174;172;land;false;mountain;1
14737;145;226;171;land;false;mountain;1
14738;163;254;135;land;false;plains;1
14739;252;161;219;land;false;hills;1
14740;249;87;235;land;false;hills;1
14741;72;213;219;land;false;hills;1
14742;122;165;221;land;false;hills;1
14743;216;190;109;land;false;mountain;1
14744;235;41;249;land;false;mountain;1
14745;61;252;239;land;false;hills;1
14746;232;214;78;land;false;urban;1
14747;242;213;108;land;false;plains;1
14748;184;99;231;land;false;hills;1
14749;219;65;233;land;false;hills;1
14750;196;177;145;land;false;plains;1
14751;120;247;237;land;false;forest;1
14752;213;176;189;land;false;hills;1
14753;187;149;232;land;false;hills;1
14754;227;161;232;land;false;hills;1
14755;185;157;224;land;false;mountain;1
14756;123;233;159;land;false;plains;1
14757;213;242;199;land;false;forest;1
14758;220;197;151;land;false;plains;1
14759;247;239;211;land;false;hills;1
14760;164;197;192;land;false;plains;1
14761;197;242;210;land;false;forest;1
14762;181;207;195;land;false;mountain;1
14763;212;212;143;land;false;mountain;1
14764;211;128;222;land;false;mountain;1
14765;200;148;153;land;false;forest;1
14766;160;246;196;land;false;plains;1
14767;185;204;159;land;false;hills;1
14768;219;196;159;land;false;hills;1
14769;251;221;86;land;false;plains;1
14770;187;224;246;land;false;hills;1
14771;47;228;249;land;false;mountain;1
14772;137;241;136;land;false;plains;1
14773;216;191;215;land;false;forest;1
14774;159;138;227;land;false;hills;1
14775;117;181;238;land;false;plains;1
14776;189;239;100;land;false;plains;1
14777;206;75;241;land;false;mountain;1
14778;166;246;152;land;false;mountain;1
14779;121;245;240;land;false;plains;1
14780;190;195;229;land;false;hills;1
14781;235;231;114;land;false;hills;1
14782;151;210;161;land;false;plains;1
14783;235;245;39;land;false;hills;1
14784;163;183;219;land;false;forest;1
14785;35;226;242;land;false;hills;1
14786;180;115;209;land;false;hills;1
14787;156;162;234;land;false;hills;1
14788;184;241;81;land;true;plains;1
14789;228;189;86;land;false;hills;1
14790;252;109;169;land;false;hills;1
14791;66;234;214;land;false;urban;1
14792;123;235;191;land;false;mountain;1
14793;152;136;221;land;false;mountain;1
14794;234;14;254;land;false;plains;1
14795;164;186;248;land;false;plains;1
14796;184;254;65;land;false;urban;1
14797;141;186;180;land;false;hills;1
14798;232;171;200;land;false;urban;1
14799;211;243;133;land;false;plains;1
14800;195;61;250;land;false;urban;1
14801;230;210;167;land;false;plains;1
14802;171;128;221;land;false;plains;1
14803;201;143;237;land;false;forest;1
14804;211;121;217;land;false;hills;1
14805;236;250;227;land;false;plains;1
14806;245;225;31;land;false;hills;1
14807;246;94;254;land;true;plains;1
14808;134;185;232;land;false;plains;1
14809;251;254;70;land;false;mountain;1
14810;207;229;185;land;false;mountain;1
14811;105;222;212;land;false;urban;1
14812;244;79;189;land;false;urban;1
14813;208;83;229;land;false;hills;1
14814;97;197;254;land;false;mountain;1
14815;236;171;143;land;false;hills;1
14816;117;170;241;land;false;hills;1
14817;249;196;152;land;false;hills;1
14818;247;240;106;land;false;hills;1
14819;239;208;61;land;false;mountain;1
14820;128;184;251;land;false;forest;1
14821;202;98;220;land;false;plains;1
14822;242;232;227;land;false;hills;1
14823;254;134;174;land;false;mountain;1
14824;184;245;234;land;false;forest;1
14825;237;171;93;land;false;forest;1
14826;202;107;194;land;false;plains;1
14827;218;118;245;land;false;hills;1
14828;141;220;158;land;false;hills;1
14829;254;246;25;land;false;hills;1
14830;213;49;244;land;false;mountain;1
14831;157;173;234;land;false;plains;1
14832;221;245;94;land;false;hills;1
14833;251;189;101;land;false;hills;1
14834;191;178;137;land;false;plains;1
14835;196;200;122;land;false;plains;1
14836;233;35;247;land;false;plains;1
14837;243;231;246;land;false;hills;1
14838;164;244;121;land;false;mountain;1
14839;199;203;178;land;false;plains;1
14840;158;212;161;land;false;plains;1
14841;195;230;105;land;false;plains;1
14842;227;196;87;land;false;plains;1
14843;239;237;218;land;false;mountain;1
14844;247;106;172;land;false;plains;1
14845;246;75;225;land;false;plains;1
14846;253;184;160;land;false;forest;1
14847;81;198;228;land;false;hills;1
14848;142;191;246;land;false;hills;1
14849;150;193;221;land;false;hills;1
14850;138;196;195;land;false;hills;1
14851;241;244;228;land;false;hills;1
14852;87;245;206;land;false;forest;1
14853;218;86;254;land;false;hills;1
14854;206;176;236;land;false;hills;1
14855;218;219;178;land;false;hills;1
14856;163;224;238;land;true;plains;1
14857;249;205;181;land;false;plains;1
14858;203;148;243;land;false;plains;1
14859;88;246;239;land;false;hills;1
14860;210;203;202;land;false;hills;1
14861;106;220;210;land;false;hills;1
14862;179;201;189;land;false;plains;1
14863;223;95;191;land;false;hills;1
14864;222;236;177;land;false;hills;1
14865;143;238;232;land;false;plains;1
14866;119;213;234;land;false;hills;1
14867;225;185;160;land;false;hills;1
14868;152;206;249;land;true;plains;1
14869;251;237;239;land;false;plains;1
14870;246;191;221;land;false;forest;1
14871;225;133;244;land;false;hills;1
14872;96;233;206;land;false;mountain;1
14873;201;91;213;land;false;mountain;1
14874;239;147;181;land;false;plains;1
14875;133;163;205;land;false;plains;1
14876;191;133;228;land;false;urban;1
14877;251;227;77;land;false;plains;1
14878;244;149;199;land;true;forest;1
14879;203;181;220;land;false;plains;1
14880;74;234;195;land;false;forest;1
14881;251;69;231;land;false;plains;1
14882;172;151;194;land;false;hills;1
14883;237;210;103;land;false;urban;1
14884;190;164;222;land;false;urban;1
14885;72;229;200;land;false;hills;1
14886;228;66;223;land;false;mountain;1
14887;237;162;160;land;false;mountain;1
14888;226;133;187;land;true;plains;1
14889;216;150;240;land;false;plains;1
14890;181;235;187;land;false;hills;1
14891;132;193;222;land;false;plains;1
14892;208;113;237;land;false;plains;1
14893;145;247;173;land;false;hills;1
14894;174;231;249;land;false;mountain;1
14895;219;141;141;land;false;mountain;1
14896;244;184;91;land;true;forest;1
14897;191;114;212;land;false;plains;1
14898;115;220;208;land;false;plains;1
14899;118;185;225;land;false;hills;1
14900;235;196;154;land;false;hills;1
14901;92;214;210;land;false;plains;1
14902;228;201;118;land;false;plains;1
14903;190;202;154;land;false;hills;1
14904;191;212;174;land;false;mountain;1
14905;129;161;246;land;true;plains;1
14906;153;202;169;land;false;plains;1
14907;190;247;112;land;false;plains;1
14908;230;228;132;land;false;hills;1
14909;223;203;202;land;false;hills;1
14910;221;140;150;land;false;hills;1
14911;248;100;175;land;false;hills;1
14912;252;162;121;land;false;forest;1
14913;99;240;197;land;false;mountain;1
14914;211;90;234;land;false;mountain;1
14915;162;147;213;land;false;plains;1
14916;192;219;125;land;false;hills;1
14917;241;130;134;land;false;hills;1
14918;194;157;230;land;false;urban;1
14919;197;185;127;land;false;hills;1
14920;91;231;192;land;false;mountain;1
14921;136;193;194;land;true;plains;1
14922;210;237;232;land;false;plains;1
14923;226;171;189;land;false;plains;1
14924;210;66;235;land;false;plains;1
14925;151;152;204;land;false;hills;1
14926;229;141;157;land;false;hills;1
14927;220;169;182;land;false;hills;1
14928;184;143;253;land;false;mountain;1
14929;245;151;229;land;false;mountain;1
14930;157;249;215;land;false;hills;1
14931;235;209;245;land;false;hills;1
14932;51;243;247;land;false;forest;1
14933;91;240;207;land;false;mountain;1
14934;201;232;119;land;false;plains;1
14935;170;115;251;land;false;plains;1
14936;229;164;138;land;false;plains;1
14937;218;107;240;land;false;hills;1
14938;108;248;164;land;false;urban;1
14939;194;210;161;land;false;hills;1
14940;237;220;210;land;false;plains;1
14941;239;119;220;land;false;forest;1
14942;133;248;127;land;false;hills;1
14943;203;109;229;land;false;hills;1
14944;210;182;195;land;false;hills;1
14945;211;70;239;land;false;mountain;1
14946;225;180;143;land;false;plains;1
14947;240;58;232;land;false;hills;1
14948;215;233;166;land;false;hills;1
14949;224;67;230;land;false;hills;1
14950;94;229;210;land;false;forest;1
14951;144;240;220;land;false;mountain;1
14952;180;196;191;land;true;plains;1
14953;224;149;242;land;false;plains;1
14954;250;216;233;land;false;hills;1
14955;244;142;121;land;false;forest;1
14956;181;181;173;land;false;hills;1
14957;101;251;154;land;false;plains;1
14958;209;246;183;land;false;hills;1
14959;227;141;199;land;false;hills;1
14960;173;213;153;land;false;urban;1
14961;222;127;162;land;true;plains;1
14962;210;136;204;land;false;urban;1
14963;178;136;207;land;false;forest;1
14964;191;247;230;land;false;hills;1
14965;91;190;249;land;false;hills;1
14966;229;172;223;land;false;hills;1
14967;250;232;132;land;false;plains;1
14968;242;234;253;land;false;hills;1
14969;159;227;189;land;false;plains;1
14970;252;204;208;land;false;urban;1
14971;233;212;187;land;false;plains;1
14972;119;228;156;land;false;plains;1
14973;192;185;174;land;false;hills;1
14974;249;147;217;land;false;hills;1
14975;231;135;179;land;false;mountain;1
14976;235;130;185;land;false;plains;1
14977;237;14;254;land;false;mountain;1
14978;211;74;247;land;false;mountain;1
14979;108;247;167;land;false;mountain;1
14980;138;240;238;land;false;hills;1
14981;231;222;187;land;false;hills;1
14982;231;209;202;land;false;mountain;1
14983;147;229;202;land;false;forest;1
14984;144;248;158;land;false;plains;1
14985;235;249;94;land;false;hills;1
14986;235;92;204;land;false;hills;1
14987;246;249;198;land;false;hills;1
14988;216;163;134;land;false;urban;1
14989;191;207;153;land;false;urban;1
14990;168;180;185;land;false;plains;1
14991;165;251;183;land;false;plains;1
14992;188;196;197;land;false;plains;1
14993;190;223;134;land;false;mountain;1
14994;156;208;223;land;false;forest;1
14995;225;254;149;land;false;plains;1
14996;201;187;153;land;false;plains;1
14997;198;213;140;land;false;plains;1
14998;240;110;212;land;false;hills;1
14999;171;147;198;land;false;forest;1
15000;232;220;201;land;false;mountain;1
15001;201;230;183;land;false;mountain;1
15002;234;239;68;land;true;plains;1
15003;211;123;178;land;false;plains;1
15004;211;249;59;land;false;plains;1
15005;187;112;227;land;false;plains;1
15006;115;236;180;land;false;forest;1
15007;135;247;126;land;false;plains;1
15008;178;245;161;land;false;plains;1
15009;227;88;194;land;false;hills;1
15010;146;228;242;land;false;hills;1
15011;246;189;189;land;false;hills;1
15012;202;223;194;land;false;plains;1
15013;229;180;227;land;false;forest;1
15014;63;236;251;land;false;hills;1
15015;215;152;247;land;false;plains;1
15016;209;221;74;land;false;urban;1
15017;161;246;156;land;false;mountain;1
15018;241;126;233;land;false;plains;1
15019;124;251;235;land;false;forest;1
15020;23;232;251;land;false;plains;1
15021;145;206;253;land;false;hills;1
15022;253;159;151;land;false;hills;1
15023;36;233;236;land;false;mountain;1
15024;122;152;248;land;false;mountain;1
15025;180;139;203;land;false;urban;1
15026;115;163;243;land;false;hills;1
15027;242;50;230;land;false;hills;1
15028;52;230;240;land;false;mountain;1
15029;184;221;184;land;false;plains;1
15030;158;199;195;land;false;plains;1
15031;88;213;213;land;false;plains;1
15032;228;202;77;land;false;hills;1
15033;198;171;217;land;false;hills;1
15034;221;93;202;land;false;mountain;1
15035;95;244;193;land;false;hills;1
15036;213;135;193;land;false;plains;1
15037;189;190;162;land;false;mountain;1
15038;60;254;236;land;false;plains;1
15039;235;246;106;land;false;hills;1
15040;163;236;141;land;false;mountain;1
15041;248;170;107;land;false;hills;1
15042;231;190;252;land;false;plains;1
15043;234;116;170;land;false;mountain;1
15044;170;224;182;land;false;hills;1
15045;240;159;214;land;false;hills;1
15046;211;92;222;land;false;hills;1
15047;243;124;135;land;false;plains;1
15048;241;221;204;land;false;plains;1
15049;157;233;200;land;false;plains;1
15050;231;145;159;land;false;hills;1
15051;239;168;150;land;false;hills;1
15052;214;244;51;land;false;urban;1
15053;119;251;141;land;false;forest;1
15054;120;173;222;land;false;plains;1
15055;119;200;224;land;false;hills;1
15056;231;231;117;land;false;plains;1
15057;242;208;240;land;false;plains;1
15058;120;247;208;land;false;hills;1
15059;210;222;233;land;false;hills;1
15060;226;110;169;land;false;hills;1
15061;243;25;242;land;false;plains;1
15062;218;128;208;land;false;plains;1
15063;194;242;93;land;false;hills;1
15064;218;248;224;land;false;hills;1
15065;156;150;209;land;false;urban;1
15066;252;190;111;land;false;urban;1
15067;110;203;205;land;false;hills;1
15068;100;198;242;land;false;mountain;1
15069;218;111;209;land;false;mountain;1
15070;245;115;165;land;false;plains;1
15071;123;251;252;land;false;forest;1
15072;228;150;254;land;false;plains;1
15073;115;247;182;land;false;mountain;1
15074;174;189;252;land;false;hills;1
15075;252;214;238;land;false;plains;1
15076;142;229;176;land;false;mountain;1
15077;180;184;156;land;false;plains;1
15078;245;215;196;land;false;plains;1
15079;158;240;219;land;false;plains;1
15080;219;208;161;land;false;plains;1
15081;249;95;234;land;false;hills;1
15082;156;187;162;land;false;plains;1
15083;196;247;98;land;false;mountain;1
15084;239;253;119;land;true;plains;1
15085;190;224;170;land;false;hills;1
15086;166;237;224;land;false;hills;1
15087;253;145;193;land;false;mountain;1
15088;241;237;176;land;false;hills;1
15089;183;180;205;land;false;hills;1
15090;211;230;214;land;true;plains;1
15091;197;213;126;land;false;hills;1
15092;44;249;221;land;false;mountain;1
15093;171;170;242;land;false;hills;1
15094;222;195;155;land;false;plains;1
15095;176;249;98;land;false;plains;1
15096;83;223;206;land;false;plains;1
15097;143;240;212;land;false;hills;1
15098;244;48;232;land;false;hills;1
15099;137;247;247;land;false;hills;1
15100;243;187;183;land;false;plains;1
15101;149;246;168;land;false;hills;1
15102;152;189;209;land;false;hills;1
15103;181;226;103;land;false;urban;1
15104;209;184;114;land;false;mountain;1
15105;174;209;161;land;false;forest;1
15106;221;204;163;land;false;urban;1
15107;239;183;224;land;false;plains;1
15108;234;166;241;land;false;plains;1
15109;169;188;247;land;false;hills;1
15110;207;187;197;land;false;hills;1
15111;208;107;222;land;false;hills;1
15112;212;138;226;land;false;plains;1
15113;224;249;212;land;false;plains;1
15114;242;188;132;land;false;forest;1
15115;116;244;212;land;false;forest;1
15116;82;246;224;land;false;hills;1
15117;188;215;212;land;false;hills;1
15118;242;171;103;land;false;hills;1
15119;204;135;204;land;false;mountain;1
15120;147;218;187;land;false;plains;1
15121;230;171;164;land;false;hills;1
15122;152;201;228;land;false;plains;1
15123;211;188;104;land;false;hills;1
15124;46;240;219;land;false;mountain;1
15125;138;221;187;land;false;mountain;1
15126;144;168;191;land;false;urban;1
15127;162;148;223;land;false;plains;1
15128;220;252;66;land;false;hills;1
15129;232;194;177;land;false;hills;1
15130;191;196;252;land;false;mountain;1
15131;185;235;132;land;false;hills;1
15132;227;212;120;land;false;forest;1
15133;231;159;192;land;false;mountain;1
15134;117;246;234;land;false;plains;1
15135;162;185;165;land;false;plains;1
15136;166;187;229;land;false;plains;1
15137;226;125;214;land;false;hills;1
15138;248;176;201;land;false;hills;1
15139;194;198;137;land;false;hills;1
15140;100;212;224;land;false;mountain;1
15141;217;188;252;land;false;mountain;1
15142;145;227;129;land;false;urban;1
15143;188;172;173;land;false;hills;1
15144;198;147;160;land;false;hills;1
15145;186;68;250;land;false;hills;1
15146;250;238;221;land;false;hills;1
15147;190;221;139;land;false;plains;1
15148;209;183;147;land;false;plains;1
15149;37;243;222;land;false;hills;1
15150;58;237;250;land;false;plains;1
15151;247;139;125;land;false;mountain;1
15152;184;170;172;land;false;plains;1
15153;85;235;249;land;false;hills;1
15154;150;235;159;land;false;hills;1
15155;247;60;207;land;false;plains;1
15156;190;208;157;land;true;plains;1
15157;226;226;224;land;false;forest;1
15158;227;222;106;land;false;plains;1
15159;122;201;229;land;false;mountain;1
15160;230;210;74;land;false;plains;1
15161;160;152;252;land;false;forest;1
15162;207;223;88;land;false;hills;1
15163;108;214;218;land;false;hills;1
15164;250;218;229;land;false;hills;1
15165;229;178;254;land;false;hills;1
15166;245;98;174;land;false;plains;1
15167;208;149;160;land;false;forest;1
15168;222;67;241;land;false;forest;1
15169;220;95;223;land;false;forest;1
15170;117;244;203;land;false;plains;1
15171;215;190;186;land;false;hills;1
15172;211;182;197;land;false;hills;1
15173;227;80;234;land;false;hills;1
15174;119;209;183;land;false;hills;1
15175;136;185;254;land;false;mountain;1
15176;143;184;248;land;false;mountain;1
15177;228;192;155;land;false;plains;1
15178;224;234;221;land;false;hills;1
15179;219;99;254;land;false;hills;1
15180;130;140;237;land;false;hills;1
15181;189;233;249;land;false;hills;1
15182;252;144;126;land;false;mountain;1
15183;161;233;177;land;false;plains;1
15184;250;108;205;land;false;forest;1
15185;254;186;143;land;false;plains;1
15186;111;236;154;land;false;forest;1
15187;192;240;239;land;false;plains;1
15188;175;146;233;land;false;hills;1
15189;137;130;245;land;false;hills;1
15190;234;241;28;land;false;hills;1
15191;210;249;102;land;false;forest;1
15192;226;119;254;land;false;mountain;1
15193;26;250;226;land;false;forest;1
15194;170;215;213;land;false;plains;1
15195;123;158;233;land;false;hills;1
15196;215;142;197;land;false;hills;1
15197;173;243;203;land;false;mountain;1
15198;115;245;199;land;false;forest;1
15199;211;197;224;land;false;plains;1
15200;235;215;139;land;false;hills;1
15201;149;115;245;land;false;hills;1
15202;175;182;233;land;false;hills;1
15203;189;254;140;land;false;mountain;1
15204;185;230;120;land;true;plains;1
15205;215;251;65;land;false;plains;1
15206;34;236;253;land;false;hills;1
15207;202;193;138;land;false;plains;1
15208;175;205;179;land;false;plains;1
15209;181;188;211;land;false;forest;1
15210;238;142;238;land;false;plains;1
15211;227;248;245;land;false;hills;1
15212;128;160;222;land;false;mountain;1
15213;186;209;136;land;true;forest;1
15214;195;155;205;land;false;plains;1
15215;54;244;231;land;false;hills;1
15216;157;206;238;land;false;hills;1
15217;179;190;250;land;false;hills;1
15218;160;222;180;land;false;hills;1
15219;254;194;103;land;false;hills;1
15220;254;153;136;land;false;mountain;1
15221;213;110;234;land;false;urban;1
15222;139;244;241;land;false;hills;1
15223;226;167;166;land;false;hills;1
15224;249;168;220;land;false;hills;1
15225;196;121;244;land;false;hills;1
15226;159;219;124;land;false;plains;1
15227;230;151;147;land;false;forest;1
15228;187;232;84;land;false;plains;1
15229;114;223;182;land;false;hills;1
15230;180;250;96;land;false;hills;1
15231;6;244;253;land;false;hills;1
15232;239;187;132;land;false;mountain;1
15233;164;229;231;land;false;mountain;1
15234;198;122;196;land;false;mountain;1
15235;196;147;251;land;false;plains;1
15236;241;146;183;land;false;forest;1
15237;227;241;108;land;false;forest;1
15238;207;200;113;land;false;plains;1
15239;206;226;197;land;false;hills;1
15240;143;216;223;land;false;hills;1
15241;220;200;207;land;false;urban;1
15242;184;165;202;land;false;forest;1
15243;220;200;237;land;false;plains;1
15244;202;249;152;land;false;plains;1
15245;195;123;227;land;false;hills;1
15246;234;180;201;land;false;hills;1
15247;147;244;137;land;false;hills;1
15248;203;197;147;land;false;hills;1
15249;169;207;199;land;false;mountain;1
15250;203;196;192;land;true;plains;1
15251;216;163;125;land;false;plains;1
15252;162;251;154;land;false;forest;1
15253;85;224;194;land;false;hills;1
15254;123;219;229;land;false;plains;1
15255;82;237;250;land;false;urban;1
15256;127;218;161;land;false;forest;1
15257;75;246;202;land;false;hills;1
15258;231;208;121;land;false;hills;1
15259;232;105;169;land;false;hills;1
15260;227;213;165;land;false;mountain;1
15261;216;196;183;land;false;mountain;1
15262;236;60;241;land;false;mountain;1
15263;209;61;249;land;false;mountain;1
15264;213;250;223;land;false;urban;1
15265;176;250;229;land;false;plains;1
15266;169;230;201;land;false;hills;1
15267;239;119;241;land;false;mountain;1
15268;236;234;162;land;false;plains;1
15269;184;228;116;land;false;hills;1
15270;182;222;233;land;false;hills;1
15271;213;85;240;land;false;hills;1
15272;144;204;221;land;false;hills;1
15273;160;134;223;land;false;mountain;1
15274;179;217;138;land;false;forest;1
15275;234;49;227;land;false;plains;1
15276;145;217;206;land;false;hills;1
15277;204;197;196;land;false;hills;1
15278;91;240;234;land;false;hills;1
15279;217;242;163;land;false;mountain;1
15280;48;250;252;land;false;plains;1
15281;245;221;127;land;false;hills;1
15282;250;153;212;land;false;mountain;1
15283;167;242;197;land;false;forest;1
15284;249;189;151;land;false;plains;1
15285;254;238;155;land;false;hills;1
15286;181;234;138;land;false;mountain;1
15287;245;128;174;land;false;mountain;1
15288;234;146;141;land;false;mountain;1
15289;66;241;222;land;false;forest;1
15290;200;201;197;land;false;plains;1
15291;234;230;91;land;false;hills;1
15292;168;247;126;land;false;hills;1
15293;231;113;211;land;false;hills;1
15294;175;205;233;land;false;hills;1
15295;165;183;237;land;false;hills;1
15296;181;216;154;land;false;forest;1
15297;236;165;207;land;false;hills;1
15298;248;143;245;land;false;mountain;1
15299;206;212;241;land;false;plains;1
15300;155;184;225;land;false;forest;1
15301;198;115;207;land;false;forest;1
15302;226;246;49;land;false;hills;1
15303;253;112;189;land;false;hills;1
15304;202;153;189;land;false;plains;1
15305;251;217;117;land;false;hills;1
15306;247;174;83;land;false;hills;1
15307;195;122;226;land;false;mountain;1
15308;182;94;248;land;false;plains;1
15309;173;245;204;land;false;hills;1
15310;125;213;169;land;false;hills;1
15311;181;187;202;land;false;mountain;1
15312;244;72;246;land;false;hills;1
15313;203;220;121;land;false;hills;1
15314;235;251;179;land;false;hills;1
15315;231;118;179;land;false;mountain;1
15316;179;95;242;land;false;forest;1
15317;223;208;108;land;false;plains;1
15318;246;143;160;land;false;plains;1
15319;188;233;207;land;false;hills;1
15320;240;248;94;land;false;forest;1
15321;102;253;160;land;false;hills;1
15322;165;126;252;land;false;hills;1
15323;183;149;207;land;false;hills;1
15324;215;73;252;land;false;hills;1
15325;97;253;240;land;false;forest;1
15326;204;214;176;land;false;mountain;1
15327;194;182;132;land;false;forest;1
15328;114;145;253;land;false;plains;1
15329;171;206;124;land;false;mountain;1
15330;171;230;136;land;false;forest;1
15331;227;204;79;land;false;forest;1
15332;239;181;150;land;false;plains;1
15333;249;36;251;land;false;hills;1
15334;219;184;107;land;false;hills;1
15335;119;229;227;land;false;hills;1
15336;198;216;208;land;false;hills;1
15337;221;61;242;land;false;mountain;1
15338;225;249;78;land;false;plains;1
15339;165;210;169;land;false;forest;1
15340;155;250;166;land;false;hills;1
15341;231;184;208;land;false;hills;1
15342;169;203;231;land;false;hills;1
15343;248;169;251;land;false;hills;1
15344;242;56;205;land;false;mountain;1
15345;183;221;167;land;false;mountain;1
15346;254;217;55;land;false;mountain;1
15347;242;174;138;land;false;urban;1
15348;233;227;188;land;false;forest;1
15349;246;182;93;land;false;forest;1
15350;237;132;231;land;false;hills;1
15351;152;180;208;land;false;plains;1
15352;189;148;252;land;false;mountain;1
15353;251;237;48;land;false;forest;1
15354;123;190;198;land;false;forest;1
15355;171;222;218;land;false;forest;1
15356;142;169;206;land;false;hills;1
15357;166;208;247;land;false;hills;1
15358;139;193;197;land;false;urban;1
15359;249;208;227;land;false;mountain;1
15360;180;220;114;land;false;forest;1
15361;226;201;110;land;false;forest;1
15362;136;184;209;land;false;plains;1
15363;136;149;246;land;false;hills;1
15364;165;227;136;land;false;plains;1
15365;253;86;233;land;false;forest;1
15366;223;142;173;land;false;forest;1
15367;230;242;139;land;false;plains;1
15368;124;159;224;land;false;hills;1
15369;230;26;252;land;false;hills;1
15370;108;187;215;land;false;mountain;1
15371;243;254;200;land;false;forest;1
15372;246;242;181;land;false;forest;1
15373;247;206;113;land;false;hills;1
15374;189;248;110;land;false;hills;1
15375;173;236;129;land;false;urban;1
15376;214;178;180;land;false;plains;1
15377;179;93;230;land;false;mountain;1
15378;132;243;150;land;false;plains;1
15379;239;223;241;land;false;forest;1
15380;149;241;206;land;false;hills;1
15381;200;193;227;land;false;hills;1
15382;225;124;166;land;false;hills;1
15383;249;12;243;land;false;plains;1
15384;247;207;187;land;false;plains;1
15385;219;124;253;land;false;hills;1
15386;176;171;228;land;false;hills;1
15387;89;223;230;land;false;mountain;1
15388;91;245;235;land;true;forest;1
15389;204;210;159;land;true;plains;1
15390;239;191;193;land;false;forest;1
15391;97;240;240;land;false;hills;1
15392;182;191;203;land;false;hills;1
15393;186;121;221;land;false;mountain;1
15394;85;241;253;land;false;forest;1
15395;77;240;206;land;false;plains;1
15396;148;220;191;land;false;hills;1
15397;221;222;230;land;false;hills;1
15398;187;96;254;land;false;hills;1
15399;210;236;194;land;false;hills;1
15400;151;188;175;land;false;hills;1
15401;200;182;185;land;false;mountain;1
15402;139;237;205;land;false;mountain;1
15403;232;241;148;land;false;forest;1
15404;157;248;109;land;false;forest;1
15405;58;208;236;land;false;forest;1
15406;189;228;205;land;false;forest;1
15407;179;246;86;land;false;hills;1
15408;168;219;141;land;false;hills;1
15409;177;246;120;land;false;hills;1
15410;116;191;250;land;false;urban;1
15411;162;193;245;land;false;forest;1
15412;201;84;242;land;false;plains;1
15413;176;94;245;land;false;hills;1
15414;217;236;118;land;false;hills;1
15415;84;253;205;land;false;plains;1
15416;177;182;213;land;false;mountain;1
15417;188;137;239;land;false;mountain;1
15418;234;190;239;land;false;mountain;1
15419;231;247;91;land;false;forest;1
15420;235;201;192;land;false;forest;1
15421;239;124;166;land;false;hills;1
15422;172;251;217;land;false;hills;1
15423;238;240;109;land;false;mountain;1
15424;238;82;222;land;false;forest;1
15425;133;138;244;land;false;forest;1
15426;174;155;201;land;false;hills;1
15427;211;212;156;land;false;hills;1
15428;106;164;231;land;false;hills;1
15429;38;222;244;land;false;hills;1
15430;200;124;205;land;false;hills;1
15431;247;194;213;land;false;urban;1
15432;220;53;233;land;false;plains;1
15433;238;227;168;land;false;mountain;1
15434;224;237;224;land;false;hills;1
15435;215;244;66;land;false;hills;1
15436;221;239;221;land;false;plains;1
15437;235;214;218;land;false;plains;1
15438;114;198;242;land;false;mountain;1
15439;167;204;215;land;true;forest;1
15440;219;251;210;land;false;plains;1
15441;214;130;160;land;false;plains;1
15442;207;233;152;land;false;hills;1
15443;169;151;254;land;false;hills;1
15444;238;164;216;land;false;hills;1
15445;231;254;193;land;false;plains;1
15446;68;246;248;land;false;forest;1
15447;238;206;199;land;false;hills;1
15448;187;224;253;land;false;hills;1
15449;244;165;157;land;false;hills;1
15450;166;174;206;land;false;mountain;1
15451;234;247;167;land;true;forest;1
15452;238;246;210;land;false;forest;1
15453;149;229;194;land;false;forest;1
15454;228;229;136;land;false;forest;1
15455;250;204;175;land;false;plains;1
15456;245;177;189;land;false;plains;1
15457;234;129;243;land;false;hills;1
15458;226;227;162;land;false;forest;1
15459;195;187;253;land;false;plains;1
15460;157;192;153;land;false;forest;1
15461;192;248;214;land;false;forest;1
15462;232;188;185;land;false;urban;1
15463;73;232;196;land;false;mountain;1
15464;241;109;196;land;false;plains;1
15465;194;225;236;land;false;hills;1
15466;185;243;237;land;false;hills;1
15467;193;194;201;land;false;hills;1
15468;73;231;213;land;false;plains;1
15469;191;252;115;land;false;hills;1
15470;238;114;153;land;false;hills;1
15471;207;57;240;land;false;forest;1
15472;129;205;207;land;false;hills;1
15473;71;245;231;land;false;hills;1
15474;143;199;176;land;false;hills;1
15475;240;245;35;land;false;plains;1
15476;47;236;245;land;false;plains;1
15477;163;125;220;land;false;mountain;1
15478;226;243;131;land;false;mountain;1
15479;220;157;231;land;true;plains;1
15480;218;224;243;land;false;hills;1
15481;206;98;200;land;false;hills;1
15482;163;217;140;land;false;mountain;1
15483;149;230;189;land;false;forest;1
15484;254;116;146;land;false;hills;1
15485;131;188;226;land;false;hills;1
15486;176;156;231;land;false;mountain;1
15487;227;236;220;land;false;mountain;1
15488;192;241;181;land;true;forest;1
15489;230;188;120;land;true;forest;1
15490;167;172;218;land;false;forest;1
15491;147;224;189;land;false;hills;1
15492;220;165;180;land;false;hills;1
15493;244;161;199;land;false;hills;1
15494;186;177;248;land;false;hills;1
15495;246;115;245;land;false;mountain;1
15496;237;151;241;land;false;forest;1
15497;191;217;162;land;false;forest;1
15498;241;41;223;land;false;plains;1
15499;176;102;226;land;false;mountain;1
15500;206;246;221;land;false;forest;1
15501;209;125;207;land;false;forest;1
15502;199;254;181;land;false;plains;1
15503;183;144;243;land;false;hills;1
15504;245;240;228;land;false;hills;1
15505;228;176;242;land;false;mountain;1
15506;154;132;231;land;false;forest;1
15507;197;122;220;land;false;forest;1
15508;168;226;167;land;false;plains;1
15509;235;89;213;land;false;forest;1
15510;238;148;193;land;false;forest;1
15511;169;254;144;land;false;hills;1
15512;100;233;177;land;false;hills;1
15513;120;176;216;land;false;hills;1
15514;204;89;232;land;false;mountain;1
15515;253;203;49;land;false;plains;1
15516;229;247;198;land;false;mountain;1
15517;223;215;213;land;false;mountain;1
15518;159;210;201;land;false;forest;1
15519;216;139;210;land;false;plains;1
15520;192;161;176;land;false;forest;1
15521;163;251;245;land;false;hills;1
15522;213;214;85;land;false;hills;1
15523;129;176;210;land;false;hills;1
15524;159;181;221;land;false;forest;1
15525;240;133;206;land;false;plains;1
15526;202;155;166;land;false;hills;1
15527;233;222;236;land;false;hills;1
15528;141;158;223;land;false;hills;1
15529;178;96;240;land;false;hills;1
15530;232;141;254;land;false;mountain;1
15531;205;196;202;land;true;plains;1
15532;157;205;222;land;false;plains;1
15533;166;250;100;land;false;hills;1
15534;219;231;95;land;false;hills;1
15535;196;228;165;land;false;mountain;1
15536;252;122;134;land;false;mountain;1
15537;166;251;204;land;false;forest;1
15538;178;243;186;land;false;hills;1
15539;207;101;251;land;false;mountain;1
15540;147;231;193;land;false;hills;1
15541;249;126;220;land;false;hills;1
15542;203;194;158;land;false;mountain;1
15543;221;163;136;land;false;hills;1
15544;185;207;117;land;false;mountain;1
15545;218;254;200;land;true;forest;1
15546;249;226;130;land;false;mountain;1
15547;234;132;217;land;false;mountain;1
15548;132;214;248;land;false;forest;1
15549;62;244;235;land;false;forest;1
15550;241;194;70;land;false;forest;1
15551;77;222;235;land;false;urban;1
15552;231;94;196;land;false;mountain;1
15553;200;171;198;land;false;forest;1
15554;250;229;109;land;false;forest;1
15555;208;126;167;land;false;plains;1
15556;251;65;193;land;false;hills;1
15557;243;85;203;land;false;hills;1
15558;65;247;192;land;true;plains;1
15559;220;211;175;land;false;forest;1
15560;157;136;213;land;false;hills;1
15561;202;209;177;land;false;mountain;1
15562;232;70;217;land;false;hills;1
15563;115;229;213;land;false;hills;1
15564;98;193;229;land;false;hills;1
15565;133;208;215;land;false;hills;1
15566;195;233;254;land;false;hills;1
15567;223;121;242;land;false;hills;1
15568;120;179;213;land;false;mountain;1
15569;216;162;235;land;false;hills;1
15570;210;242;147;land;false;hills;1
15571;233;77;254;land;false;mountain;1
15572;162;186;232;land;false;hills;1
15573;202;177;206;land;false;hills;1
15574;230;239;211;land;false;forest;1
15575;142;129;252;land;false;plains;1
15576;193;137;221;land;false;hills;1
15577;208;216;198;land;false;forest;1
15578;220;100;235;land;false;forest;1
15579;239;191;87;land;false;plains;1
15580;101;215;224;land;false;hills;1
15581;194;155;207;land;false;hills;1
15582;202;209;93;land;false;mountain;1
15583;195;161;238;land;false;mountain;1
15584;191;151;185;land;false;forest;1
15585;76;202;243;land;false;forest;1
15586;181;227;119;land;false;forest;1
15587;151;188;191;land;false;forest;1
15588;172;251;80;land;false;hills;1
15589;215;208;158;land;false;hills;1
15590;131;196;186;land;false;mountain;1
15591;228;233;186;land;false;mountain;1
15592;241;64;250;land;false;hills;1
15593;90;225;226;land;false;mountain;1
15594;138;197;180;land;false;forest;1
15595;249;70;214;land;false;plains;1
15596;132;203;239;land;false;plains;1
15597;239;213;233;land;false;hills;1
15598;148;248;219;land;false;hills;1
15599;213;245;243;land;false;mountain;1
15600;243;146;235;land;false;forest;1
15601;194;203;177;land;false;hills;1
15602;73;219;242;land;false;hills;1
15603;225;223;229;land;false;hills;1
15604;246;150;197;land;false;plains;1
15605;254;224;36;land;false;forest;1
15606;129;220;157;land;false;forest;1
15607;129;239;184;land;false;hills;1
15608;219;127;253;land;false;mountain;1
15609;234;196;249;land;false;plains;1
15610;230;196;178;land;true;forest;1
15611;199;131;198;land;false;forest;1
15612;178;140;187;land;false;hills;1
15613;193;202;185;land;false;urban;1
15614;171;188;173;land;false;hills;1
15615;189;169;238;land;false;hills;1
15616;252;225;226;land;false;mountain;1
15617;238;128;182;land;false;hills;1
15618;250;150;134;land;false;hills;1
15619;247;247;246;land;false;hills;1
15620;157;204;141;land;false;hills;1
15621;210;130;166;land;false;hills;1
15622;243;146;140;land;false;urban;1
15623;205;170;247;land;false;mountain;1
15624;222;140;183;land;false;forest;1
15625;206;227;106;land;false;forest;1
15626;209;241;67;land;false;forest;1
15627;157;158;202;land;false;forest;1
15628;225;245;71;land;false;plains;1
15629;241;191;235;land;false;mountain;1
15630;151;221;131;land;false;plains;1
15631;150;189;174;land;false;hills;1
15632;203;235;135;land;false;hills;1
15633;236;240;180;land;false;hills;1
15634;205;173;192;land;false;urban;1
15635;208;212;150;land;true;forest;1
15636;80;235;243;land;false;plains;1
15637;140;185;241;land;false;plains;1
15638;210;118;176;land;false;mountain;1
15639;227;144;147;land;false;hills;1
15640;216;222;73;land;false;plains;1
15641;243;249;184;land;false;hills;1
15642;211;173;147;land;false;mountain;1
15643;243;228;116;land;false;forest;1
15644;206;222;227;land;false;forest;1
15645;119;141;241;land;false;hills;1
15646;246;150;165;land;false;mountain;1
15647;172;204;210;land;false;forest;1
15648;215;221;184;land;false;hills;1
15649;212;215;131;land;false;hills;1
15650;243;76;194;land;false;mountain;1
15651;251;22;248;land;true;forest;1
15652;228;167;177;land;false;forest;1
15653;214;226;158;land;false;plains;1
15654;249;94;245;land;false;forest;1
15655;251;118;203;land;false;hills;1
15656;211;218;246;land;false;hills;1
15657;170;248;208;land;false;hills;1
15658;226;215;79;land;false;hills;1
15659;240;108;165;land;false;mountain;1
15660;225;121;193;land;false;plains;1
15661;248;83;175;land;false;forest;1
15662;111;254;249;land;false;hills;1
15663;231;116;213;land;false;hills;1
15664;60;202;240;land;false;hills;1
15665;208;93;241;land;false;forest;1
15666;247;160;215;land;false;plains;1
15667;120;191;190;land;false;plains;1
15668;212;228;225;land;false;forest;1
15669;156;153;214;land;false;hills;1
15670;14;253;253;land;false;hills;1
15671;248;216;50;land;false;hills;1
15672;155;219;166;land;false;forest;1
15673;138;216;245;land;false;forest;1
15674;164;230;216;land;false;plains;1
15675;181;179;177;land;false;urban;1
15676;208;85;228;land;false;mountain;1
15677;229;222;76;land;false;plains;1
15678;247;229;96;land;false;forest;1
15679;243;85;191;land;false;hills;1
15680;120;193;198;land;false;mountain;1
15681;251;217;158;land;false;plains;1
15682;231;214;156;land;false;plains;1
15683;212;248;157;land;false;plains;1
15684;85;240;231;land;false;mountain;1
15685;224;172;228;land;false;hills;1
15686;203;111;249;land;false;plains;1
15687;188;251;148;land;false;forest;1
15688;214;224;121;land;false;plains;1
15689;218;170;193;land;false;hills;1
15690;141;235;169;land;false;mountain;1
15691;230;154;169;land;false;mountain;1
15692;248;92;171;land;false;forest;1
15693;204;149;231;land;false;hills;1
15694;214;119;195;land;false;hills;1
15695;235;139;206;land;false;mountain;1
15696;182;226;252;land;false;hills;1
15697;226;132;145;land;false;mountain;1
15698;227;228;170;land;false;mountain;1
15699;153;216;169;land;true;urban;1
15700;166;244;167;land;false;hills;1
15701;211;126;233;land;false;mountain;1
15702;170;216;130;land;false;plains;1
15703;240;186;108;land;false;plains;1
15704;173;217;217;land;false;hills;1
15705;253;191;110;land;false;hills;1
15706;234;151;198;land;false;hills;1
15707;68;235;246;land;false;hills;1
15708;227;233;175;land;false;mountain;1
15709;164;189;217;land;true;forest;1
15710;248;154;189;land;false;forest;1
15711;194;175;254;land;false;plains;1
15712;153;210;193;land;false;hills;1
15713;175;163;253;land;false;plains;1
15714;174;166;245;land;false;plains;1
15715;235;226;131;land;false;forest;1
15716;152;144;247;land;false;hills;1
15717;162;183;219;land;false;forest;1
15718;112;252;235;land;false;plains;1
15719;139;192;240;land;false;forest;1
15720;219;210;195;land;false;forest;1
15721;228;129;220;land;false;forest;1
15722;105;163;238;land;false;hills;1
15723;249;67;194;land;false;hills;1
15724;139;248;240;land;false;mountain;1
15725;245;199;248;land;false;mountain;1
15726;193;145;221;land;false;hills;1
15727;60;212;235;land;false;urban;1
15728;240;247;148;land;false;urban;1
15729;188;253;243;land;false;forest;1
15730;236;151;168;land;false;plains;1
15731;206;127;219;land;false;hills;1
15732;160;214;189;land;false;hills;1
15733;107;247;231;land;false;hills;1
15734;167;130;236;land;false;hills;1
15735;225;207;252;land;false;mountain;1
15736;212;244;123;land;false;plains;1
15737;221;169;126;land;false;hills;1
15738;252;216;228;land;false;hills;1
15739;192;202;169;land;false;hills;1
15740;115;253;233;land;false;mountain;1
15741;200;163;225;land;false;mountain;1
15742;187;193;153;land;true;plains;1
15743;245;231;61;land;false;forest;1
15744;199;155;197;land;false;forest;1
15745;133;204;235;land;false;mountain;1
15746;253;164;204;land;false;forest;1
15747;219;201;99;land;false;forest;1
15748;234;238;129;land;false;hills;1
15749;199;234;100;land;false;urban;1
15750;199;220;223;land;false;forest;1
15751;187;123;237;land;false;hills;1
15752;219;232;242;land;false;hills;1
15753;236;253;188;land;false;hills;1
15754;235;52;243;land;false;hills;1
15755;200;178;137;land;false;mountain;1
15756;224;125;163;land;false;mountain;1
15757;202;238;214;land;true;forest;1
15758;135;238;176;land;false;plains;1
15759;86;236;236;land;false;hills;1
15760;194;153;157;land;false;hills;1
15761;184;127;242;land;false;hills;1
15762;241;150;129;land;false;hills;1
15763;152;227;240;land;false;forest;1
15764;176;186;234;land;false;forest;1
15765;166;204;202;land;false;plains;1
15766;205;207;207;land;false;forest;1
15767;141;188;201;land;false;mountain;1
15768;241;199;247;land;false;plains;1
15769;204;155;156;land;false;forest;1
15770;244;195;203;land;false;hills;1
15771;220;205;114;land;false;mountain;1
15772;219;222;232;land;false;plains;1
15773;238;160;251;land;false;mountain;1
15774;219;240;115;land;false;mountain;1
15775;163;186;171;land;false;forest;1
15776;190;132;197;land;false;hills;1
15777;163;152;218;land;false;hills;1
15778;186;162;193;land;false;hills;1
15779;47;210;251;land;false;mountain;1
15780;249;65;213;land;false;mountain;1
15781;212;237;134;land;false;forest;1
15782;218;247;149;land;false;hills;1
15783;248;236;24;land;false;hills;1
15784;188;239;163;land;false;mountain;1
15785;203;191;193;land;false;mountain;1
15786;252;53;212;land;false;mountain;1
15787;206;156;206;land;true;urban;1
15788;252;195;191;land;false;forest;1
15789;143;215;202;land;false;hills;1
15790;205;178;136;land;false;mountain;1
15791;96;213;222;land;false;forest;1
15792;201;243;61;land;false;plains;1
15793;241;225;244;land;false;hills;1
15794;230;140;234;land;false;mountain;1
15795;124;234;245;land;false;forest;1
15796;253;247;152;land;false;hills;1
15797;166;155;208;land;false;hills;1
15798;247;174;87;land;false;hills;1
15799;234;219;60;land;false;mountain;1
15800;210;245;194;land;false;forest;1
15801;252;223;42;land;false;urban;1
15802;125;233;212;land;false;hills;1
15803;204;219;229;land;false;hills;1
15804;200;91;241;land;false;hills;1
15805;171;156;230;land;true;urban;1
15806;220;150;182;land;false;forest;1
15807;174;179;200;land;false;plains;1
15808;122;254;229;land;false;hills;1
15809;208;191;177;land;false;plains;1
15810;136;196;181;land;false;plains;1
15811;172;126;237;land;false;hills;1
15812;250;254;68;land;false;hills;1
15813;203;254;64;land;false;hills;1
15814;152;233;143;land;false;plains;1
15815;253;194;192;land;false;mountain;1
15816;171;251;230;land;false;mountain;1
15817;251;188;161;land;false;mountain;1
15818;38;242;254;land;false;plains;1
15819;189;198;139;land;false;forest;1
15820;243;84;232;land;false;hills;1
15821;35;252;216;land;false;hills;1
15822;171;246;151;land;false;mountain;1
15823;158;232;232;land;false;mountain;1
15824;243;249;149;land;false;forest;1
15825;119;223;181;land;false;forest;1
15826;209;118;216;land;false;plains;1
15827;210;191;244;land;false;hills;1
15828;214;204;173;land;false;hills;1
15829;173;179;225;land;false;hills;1
15830;205;229;184;land;false;plains;1
15831;253;22;236;land;false;mountain;1
15832;119;242;161;land;false;mountain;1
15833;226;189;186;land;false;urban;1
15834;196;107;252;land;false;forest;1
15835;158;152;249;land;false;hills;1
15836;201;178;191;land;false;hills;1
15837;121;180;231;land;false;hills;1
15838;199;217;251;land;false;hills;1
15839;204;164;166;land;false;hills;1
15840;221;135;193;land;false;forest;1
15841;242;141;178;land;false;urban;1
15842;182;196;132;land;false;forest;1
15843;127;239;214;land;false;forest;1
15844;111;168;249;land;false;hills;1
15845;221;189;114;land;false;urban;1
15846;218;215;149;land;false;hills;1
15847;215;220;211;land;false;mountain;1
15848;159;165;191;land;false;hills;1
15849;129;239;199;land;false;urban;1
15850;141;208;215;land;false;forest;1
15851;234;188;229;land;false;hills;1
15852;194;221;227;land;false;hills;1
15853;191;174;230;land;false;hills;1
15854;220;195;241;land;false;hills;1
15855;247;148;121;land;false;mountain;1
15856;250;215;236;land;false;hills;1
15857;155;156;213;land;false;forest;1
15858;192;161;182;land;false;plains;1
15859;181;248;196;land;false;plains;1
15860;204;97;239;land;false;hills;1
15861;239;118;245;land;false;mountain;1
15862;227;217;157;land;false;forest;1
15863;174;185;227;land;false;hills;1
15864;233;220;176;land;false;hills;1
15865;156;187;163;land;false;urban;1
15866;215;110;192;land;false;plains;1
15867;130;254;205;land;false;forest;1
15868;155;166;247;land;false;forest;1
15869;218;225;132;land;false;hills;1
15870;126;226;163;land;false;hills;1
15871;130;254;253;land;false;hills;1
15872;214;151;203;land;false;mountain;1
15873;95;253;245;land;false;forest;1
15874;232;215;153;land;false;forest;1
15875;182;197;254;land;false;forest;1
15876;118;168;226;land;false;forest;1
15877;233;191;85;land;false;hills;1
15878;216;233;68;land;false;hills;1
15879;130;244;217;land;false;hills;1
15880;223;236;222;land;false;hills;1
15881;248;181;170;land;false;mountain;1
15882;191;116;234;land;false;mountain;1
15883;192;225;229;land;false;plains;1
15884;253;134;134;land;false;plains;1
15885;189;152;217;land;false;plains;1
15886;236;92;177;land;false;hills;1
15887;92;216;252;land;false;urban;1
15888;193;139;187;land;false;hills;1
15889;64;237;202;land;false;hills;1
15890;158;252;249;land;false;mountain;1
15891;231;67;227;land;false;plains;1
15892;232;77;208;land;false;plains;1
15893;220;201;93;land;false;plains;1
15894;221;249;137;land;false;plains;1
15895;224;151;128;land;false;urban;1
15896;229;93;230;land;false;mountain;1
15897;20;253;243;land;false;mountain;1
15898;126;188;200;land;false;hills;1
15899;238;186;145;land;false;hills;1
15900;221;172;231;land;false;hills;1
15901;247;130;124;land;false;hills;1
15902;238;40;240;land;false;forest;1
15903;187;233;116;land;false;plains;1
15904;234;232;156;land;false;hills;1
15905;118;197;206;land;false;hills;1
15906;224;166;139;land;false;plains;1
15907;225;114;183;land;false;forest;1
15908;179;208;129;land;false;plains;1
15909;251;70;214;land;false;forest;1
15910;181;254;84;land;false;plains;1
15911;210;111;210;land;false;plains;1
15912;149;249;183;land;false;hills;1
15913;177;133;236;land;false;forest;1
15914;141;226;184;land;false;forest;1
15915;244;252;199;land;false;plains;1
15916;128;221;219;land;false;hills;1
15917;238;107;175;land;false;hills;1
15918;250;227;135;land;false;hills;1
15919;217;154;176;land;false;hills;1
15920;208;92;231;land;true;plains;1
15921;175;161;253;land;false;forest;1
15922;245;201;239;land;false;plains;1
15923;245;158;242;land;false;hills;1
15924;196;244;132;land;false;hills;1
15925;169;135;243;land;false;mountain;1
15926;254;122;239;land;false;mountain;1
15927;202;111;215;land;false;plains;1
15928;154;172;191;land;false;forest;1
15929;186;248;111;land;false;hills;1
15930;157;193;227;land;false;hills;1
15931;225;88;211;land;false;hills;1
15932;237;142;191;land;false;mountain;1
15933;160;222;252;land;false;hills;1
15934;218;216;67;land;false;urban;1
15935;135;192;200;land;false;forest;1
15936;223;246;175;land;false;forest;1
15937;211;82;251;land;false;plains;1
15938;241;182;191;land;false;hills;1
15939;92;220;245;land;false;hills;1
15940;186;223;130;land;false;mountain;1
15941;202;185;197;land;false;forest;1
15942;189;215;232;land;false;urban;1
15943;209;69;225;land;false;forest;1
15944;36;225;248;land;false;forest;1
15945;159;159;207;land;false;plains;1
15946;132;236;251;land;false;hills;1
15947;223;141;153;land;false;hills;1
15948;254;183;65;land;false;hills;1
15949;184;196;128;land;false;hills;1
15950;86;238;189;land;false;mountain;1
15951;182;134;224;land;false;hills;1
15952;244;252;83;land;false;hills;1
15953;206;94;234;land;false;forest;1
15954;163;130;243;land;false;plains;1
15955;246;171;179;land;false;hills;1
15956;64;247;215;land;false;hills;1
15957;214;254;231;land;false;hills;1
15958;207;153;202;land;true;plains;1
15959;194;199;144;land;false;forest;1
15960;154;146;217;land;false;plains;1
15961;113;148;241;land;false;plains;1
15962;132;248;196;land;false;hills;1
15963;243;220;181;land;true;forest;1
15964;164;236;176;land;false;plains;1
15965;100;243;169;land;false;forest;1
15966;224;235;111;land;false;forest;1
15967;193;128;231;land;false;plains;1
15968;187;249;192;land;false;hills;1
15969;166;236;239;land;false;hills;1
15970;225;68;232;land;false;hills;1
15971;71;254;199;land;false;plains;1
15972;197;102;240;land;false;hills;1
15973;204;109;249;land;false;mountain;1
15974;214;110;192;land;false;plains;1
15975;186;140;249;land;false;plains;1
15976;142;155;242;land;false;hills;1
15977;110;138;253;land;false;plains;1
15978;145;236;246;land;false;forest;1
15979;89;178;239;land;false;hills;1
15980;177;182;201;land;false;hills;1
15981;191;193;179;land;false;hills;1
15982;234;149;191;land;false;hills;1
15983;236;139;231;land;false;mountain;1
15984;254;194;138;land;false;mountain;1
15985;52;217;237;land;false;plains;1
15986;236;153;175;land;false;hills;1
15987;159;211;151;land;false;hills;1
15988;167;204;138;land;false;hills;1
15989;229;189;208;land;false;hills;1
15990;239;141;214;land;false;hills;1
15991;248;222;107;land;true;urban;1
15992;34;247;247;land;false;forest;1
15993;151;237;218;land;false;hills;1
15994;130;230;239;land;false;hills;1
15995;243;118;196;land;false;hills;1
15996;252;85;213;land;false;hills;1
15997;159;200;169;land;false;hills;1
15998;155;116;235;land;false;mountain;1
15999;207;129;217;land;false;mountain;1
16000;213;150;224;land;false;mountain;1
16001;110;189;226;land;false;plains;1
16002;239;182;106;land;false;forest;1
16003;249;203;186;land;false;forest;1
16004;235;227;220;land;false;hills;1
16005;172;208;162;land;false;mountain;1
16006;197;208;218;land;false;mountain;1
16007;165;195;219;land;false;mountain;1
16008;229;233;157;land;false;mountain;1
16009;247;205;135;land;false;hills;1
16010;216;91;230;land;false;mountain;1
16011;230;127;147;land;false;mountain;1
16012;93;188;245;land;true;plains;1
16013;51;246;213;land;false;plains;1
16014;244;254;148;land;false;hills;1
16015;182;243;100;land;false;forest;1
16016;246;218;88;land;false;hills;1
16017;152;169;220;land;false;mountain;1
16018;195;221;159;land;false;mountain;1
16019;45;251;243;land;false;mountain;1
16020;253;64;209;land;false;mountain;1
16021;122;199;201;land;false;forest;1
16022;213;112;250;land;false;forest;1
16023;213;188;131;land;false;forest;1
16024;239;26;245;land;false;forest;1
16025;206;150;154;land;false;hills;1
16026;212;157;192;land;false;hills;1
16027;207;179;188;land;false;hills;1
16028;216;119;199;land;false;mountain;1
16029;136;174;228;land;false;forest;1
16030;247;237;203;land;false;hills;1
16031;247;194;203;land;false;hills;1
16032;246;234;99;land;false;mountain;1
16033;169;209;151;land;false;mountain;1
16034;246;147;149;land;false;mountain;1
16035;144;227;219;land;false;plains;1
16036;254;132;197;land;false;forest;1
16037;252;212;71;land;false;plains;1
16038;239;247;153;land;false;hills;1
16039;148;232;156;land;false;hills;1
16040;185;119;242;land;false;hills;1
16041;135;229;235;land;false;hills;1
16042;248;181;86;land;false;hills;1
16043;245;156;114;land;false;forest;1
16044;97;219;219;land;false;forest;1
16045;152;183;182;land;false;plains;1
16046;246;249;173;land;false;hills;1
16047;198;201;190;land;false;mountain;1
16048;79;234;205;land;false;mountain;1
16049;144;236;197;land;false;mountain;1
16050;252;195;104;land;false;mountain;1
16051;117;211;180;land;false;forest;1
16052;182;166;173;land;false;plains;1
16053;182;155;197;land;false;plains;1
16054;196;164;199;land;false;hills;1
16055;163;149;226;land;false;mountain;1
16056;218;242;175;land;false;hills;1
16057;197;78;227;land;false;hills;1
16058;243;229;155;land;false;plains;1
16059;247;243;213;land;false;plains;1
16060;237;104;230;land;false;hills;1
16061;207;105;254;land;false;hills;1
16062;229;137;152;land;false;hills;1
16063;252;166;209;land;false;mountain;1
16064;247;199;249;land;true;plains;1
16065;247;167;93;land;false;forest;1
16066;212;140;249;land;false;plains;1
16067;150;157;254;land;false;hills;1
16068;250;223;53;land;false;mountain;1
16069;184;211;253;land;false;hills;1
16070;169;147;246;land;false;hills;1
16071;222;84;216;land;false;hills;1
16072;225;172;104;land;false;plains;1
16073;190;231;196;land;false;mountain;1
16074;250;171;180;land;false;mountain;1
16075;149;201;186;land;false;hills;1
16076;181;199;196;land;false;plains;1
16077;219;202;125;land;false;hills;1
16078;182;201;216;land;false;hills;1
16079;208;73;252;land;false;hills;1
16080;213;123;243;land;false;hills;1
16081;92;249;181;land;false;mountain;1
16082;123;252;129;land;false;mountain;1
16083;189;190;151;land;false;mountain;1
16084;89;232;231;land;false;forest;1
16085;220;126;161;land;false;forest;1
16086;172;212;236;land;false;forest;1
16087;173;238;216;land;false;hills;1
16088;95;160;252;land;false;hills;1
16089;155;184;251;land;false;mountain;1
16090;160;254;234;land;false;hills;1
16091;100;252;177;land;false;mountain;1
16092;239;191;207;land;false;forest;1
16093;146;204;252;land;false;plains;1
16094;196;227;90;land;false;plains;1
16095;179;146;192;land;false;hills;1
16096;219;221;172;land;false;mountain;1
16097;99;225;195;land;false;forest;1
16098;242;236;27;land;false;forest;1
16099;227;91;234;land;false;forest;1
16100;164;180;231;land;false;hills;1
16101;225;177;145;land;false;hills;1
16102;170;226;207;land;false;mountain;1
16103;136;195;212;land;false;hills;1
16104;183;174;251;land;false;hills;1
16105;221;240;127;land;false;forest;1
16106;235;85;212;land;false;plains;1
16107;237;229;50;land;false;mountain;1
16108;201;193;109;land;false;plains;1
16109;133;176;229;land;true;plains;1
16110;209;76;221;land;false;forest;1
16111;246;242;248;land;false;forest;1
16112;215;184;149;land;false;plains;1
16113;239;253;244;land;false;mountain;1
16114;207;112;214;land;false;hills;1
16115;175;130;228;land;false;hills;1
16116;118;244;251;land;false;forest;1
16117;108;248;218;land;false;forest;1
16118;249;216;68;land;false;hills;1
16119;154;163;192;land;false;mountain;1
16120;38;244;247;land;false;hills;1
16121;157;233;153;land;false;mountain;1
16122;161;186;182;land;false;mountain;1
16123;232;158;141;land;false;mountain;1
16124;244;156;148;land;false;plains;1
16125;153;151;247;land;false;hills;1
16126;192;208;147;land;false;mountain;1
16127;129;179;226;land;false;mountain;1
16128;224;218;131;land;false;hills;1
16129;218;113;219;land;false;forest;1
16130;229;139;214;land;false;plains;1
16131;250;166;248;land;false;plains;1
16132;180;120;251;land;false;hills;1
16133;244;153;218;land;false;hills;1
16134;56;253;228;land;false;hills;1
16135;173;230;136;land;false;hills;1
16136;104;233;192;land;false;mountain;1
16137;123;249;152;land;false;hills;1
16138;194;159;163;land;false;hills;1
16139;161;219;203;land;false;mountain;1
16140;225;239;145;land;false;mountain;1
16141;220;197;142;land;false;forest;1
16142;176;195;212;land;false;hills;1
16143;207;235;63;land;false;mountain;1
16144;232;186;231;land;false;mountain;1
16145;176;215;163;land;false;forest;1
16146;252;178;189;land;false;forest;1
16147;189;103;236;land;false;hills;1
16148;54;236;244;land;false;forest;1
16149;222;221;115;land;false;forest;1
16150;116;216;240;land;false;hills;1
16151;209;145;181;land;false;hills;1
16152;199;166;242;land;false;hills;1
16153;51;235;228;land;false;plains;1
16154;200;213;134;land;false;mountain;1
16155;124;177;203;land;false;mountain;1
16156;131;242;159;land;false;forest;1
16157;122;244;197;land;false;forest;1
16158;234;217;232;land;false;hills;1
16159;160;121;254;land;false;mountain;1
16160;216;253;93;land;false;mountain;1
16161;251;230;149;land;true;plains;1
16162;170;165;238;land;false;hills;1
16163;231;180;188;land;false;hills;1
16164;240;89;235;land;false;forest;1
16165;241;210;254;land;false;forest;1
16166;217;159;143;land;false;forest;1
16167;246;71;200;land;false;forest;1
16168;254;168;174;land;false;forest;1
16169;208;208;194;land;false;forest;1
16170;188;241;178;land;false;hills;1
16171;188;126;240;land;false;hills;1
16172;153;217;226;land;false;hills;1
16173;231;251;209;land;false;hills;1
16174;232;30;239;land;false;plains;1
16175;219;120;252;land;false;plains;1
16176;215;198;147;land;false;hills;1
16177;153;238;249;land;false;hills;1
16178;172;123;250;land;false;mountain;1
16179;250;230;235;land;false;mountain;1
16180;184;167;188;land;false;forest;1
16181;241;241;34;land;false;hills;1
16182;226;109;219;land;false;hills;1
16183;198;179;169;land;false;mountain;1
16184;70;219;253;land;false;mountain;1
16185;166;154;246;land;false;mountain;1
16186;181;198;133;land;false;mountain;1
16187;182;195;250;land;false;mountain;1
16188;200;211;210;land;false;forest;1
16189;159;175;227;land;false;hills;1
16190;228;184;202;land;false;forest;1
16191;220;118;239;land;false;forest;1
16192;210;73;241;land;false;forest;1
16193;217;206;113;land;false;plains;1
16194;141;202;205;land;false;plains;1
16195;203;216;149;land;false;urban;1
16196;156;178;169;land;false;hills;1
16197;223;126;243;land;false;hills;1
16198;160;248;237;land;true;forest;1
16199;172;116;249;land;false;forest;1
16200;241;214;198;land;false;forest;1
16201;213;90;247;land;false;hills;1
16202;94;228;186;land;false;hills;1
16203;150;205;246;land;false;hills;1
16204;138;175;237;land;false;mountain;1
16205;169;102;237;land;false;hills;1
16206;232;166;254;land;false;forest;1
16207;203;235;183;land;false;forest;1
16208;198;135;213;land;false;forest;1
16209;140;232;164;land;false;plains;1
16210;184;249;121;land;false;hills;1
16211;108;241;190;land;false;hills;1
16212;201;58;244;land;false;hills;1
16213;222;239;63;land;false;hills;1
16214;204;215;153;land;false;hills;1
16215;244;173;254;land;false;hills;1
16216;56;254;227;land;false;mountain;1
16217;190;243;157;land;false;plains;1
16218;230;132;227;land;false;forest;1
16219;205;135;249;land;false;plains;1
16220;246;90;214;land;false;plains;1
16221;230;107;177;land;false;mountain;1
16222;235;251;216;land;false;hills;1
16223;218;51;239;land;false;mountain;1
16224;218;109;181;land;false;forest;1
16225;238;240;151;land;false;forest;1
16226;177;210;201;land;false;hills;1
16227;124;235;200;land;false;hills;1
16228;29;230;244;land;false;hills;1
16229;113;205;250;land;false;mountain;1
16230;241;184;129;land;false;plains;1
16231;250;88;194;land;false;hills;1
16232;150;219;217;land;false;hills;1
16233;161;235;246;land;false;mountain;1
16234;221;157;150;land;false;mountain;1
16235;223;125;245;land;false;mountain;1
16236;230;249;247;land;false;hills;1
16237;149;253;138;land;true;forest;1
16238;104;149;250;land;false;plains;1
16239;245;183;180;land;false;hills;1
16240;221;126;214;land;false;hills;1
16241;220;159;139;land;false;mountain;1
16242;233;205;70;land;false;hills;1
16243;64;227;250;land;false;mountain;1
16244;181;167;184;land;false;hills;1
16245;117;185;222;land;false;hills;1
16246;121;185;252;land;false;hills;1
16247;211;181;216;land;false;mountain;1
16248;203;213;109;land;false;hills;1
16249;234;131;187;land;false;hills;1
16250;188;242;233;land;false;forest;1
16251;248;98;203;land;false;forest;1
16252;103;246;170;land;false;plains;1
16253;130;226;221;land;false;plains;1
16254;240;157;157;land;false;hills;1
16255;81;235;240;land;false;hills;1
16256;127;193;229;land;false;hills;1
16257;236;182;207;land;false;plains;1
16258;244;246;148;land;false;hills;1
16259;219;45;243;land;false;plains;1
16260;240;87;223;land;false;mountain;1
16261;102;234;235;land;false;mountain;1
16262;221;86;209;land;false;forest;1
16263;252;100;172;land;false;forest;1
16264;218;179;162;land;false;forest;1
16265;198;183;131;land;false;plains;1
16266;223;248;148;land;false;hills;1
16267;233;139;179;land;false;hills;1
16268;177;231;230;land;false;hills;1
16269;91;247;224;land;false;mountain;1
16270;80;237;245;land;true;hills;1
16271;202;217;86;land;false;hills;1
16272;217;253;60;land;false;forest;1
16273;177;176;187;land;false;forest;1
16274;234;230;94;land;false;hills;1
16275;123;171;232;land;false;hills;1
16276;97;227;252;land;false;mountain;1
16277;86;208;245;land;false;forest;1
16278;176;216;252;land;false;plains;1
16279;184;189;179;land;false;hills;1
16280;140;146;216;land;false;hills;1
16281;117;229;156;land;false;hills;1
16282;233;222;189;land;false;mountain;1
16283;236;122;207;land;false;mountain;1
16284;184;221;194;land;false;forest;1
16285;214;144;241;land;false;forest;1
16286;252;189;180;land;false;hills;1
16287;238;168;221;land;false;hills;1
16288;158;143;249;land;false;forest;1
16289;226;230;192;land;false;hills;1
16290;242;146;237;land;false;hills;1
16291;219;215;241;land;false;hills;1
16292;124;228;192;land;false;mountain;1
16293;228;217;179;land;true;forest;1
16294;242;148;157;land;false;plains;1
16295;146;139;229;land;false;plains;1
16296;173;188;238;land;false;plains;1
16297;209;204;97;land;false;hills;1
16298;194;253;59;land;false;hills;1
16299;227;135;179;land;false;mountain;1
16300;208;188;155;land;false;mountain;1
16301;207;110;216;land;false;plains;1
16302;214;132;204;land;false;forest;1
16303;196;249;116;land;false;forest;1
16304;254;56;246;land;false;plains;1
16305;157;222;151;land;false;hills;1
16306;181;105;229;land;false;hills;1
16307;209;81;228;land;false;mountain;1
16308;20;249;234;land;false;hills;1
16309;131;213;169;land;false;hills;1
16310;170;214;155;land;false;mountain;1
16311;233;166;151;land;false;mountain;1
16312;245;146;252;land;false;hills;1
16313;234;166;158;land;false;forest;1
16314;204;211;158;land;false;forest;1
16315;172;154;234;land;false;mountain;1
16316;137;235;196;land;false;urban;1
16317;224;156;200;land;false;mountain;1
16318;237;91;196;land;false;hills;1
16319;140;252;198;land;false;plains;1
16320;222;57;231;land;false;plains;1
16321;178;228;174;land;false;forest;1
16322;172;182;192;land;false;hills;1
16323;218;133;230;land;false;mountain;1
16324;244;55;230;land;false;mountain;1
16325;64;226;229;land;false;mountain;1
16326;80;217;207;land;false;forest;1
16327;248;247;225;land;false;hills;1
16328;182;247;194;land;false;hills;1
16329;126;214;220;land;false;mountain;1
16330;127;220;217;land;false;mountain;1
16331;208;206;242;land;false;forest;1
16332;143;235;170;land;false;forest;1
16333;244;188;110;land;false;urban;1
16334;140;176;209;land;false;mountain;1
16335;226;68;218;land;false;mountain;1
16336;91;205;246;land;false;plains;1
16337;237;83;208;land;false;hills;1
16338;253;35;231;land;false;hills;1
16339;220;209;167;land;false;hills;1
16340;127;236;223;land;false;hills;1
16341;250;150;192;land;false;hills;1
16342;184;187;247;land;false;hills;1
16343;104;173;249;land;false;plains;1
16344;214;245;98;land;false;plains;1
16345;197;189;161;land;false;plains;1
16346;63;249;194;land;false;mountain;1
16347;169;170;215;land;true;hills;1
16348;155;166;254;land;true;forest;1
16349;219;246;116;land;false;forest;1
16350;129;218;184;land;false;plains;1
16351;215;244;101;land;false;plains;1
16352;241;214;177;land;false;hills;1
16353;65;251;193;land;false;mountain;1
16354;214;201;176;land;false;forest;1
16355;164;218;151;land;false;forest;1
16356;210;243;157;land;false;hills;1
16357;189;250;204;land;false;hills;1
16358;88;210;239;land;false;hills;1
16359;45;216;245;land;false;plains;1
16360;98;205;210;land;false;hills;1
16361;171;195;224;land;false;mountain;1
16362;249;139;232;land;false;mountain;1
16363;226;188;114;land;false;forest;1
16364;242;252;168;land;false;forest;1
16365;233;240;153;land;false;plains;1
16366;242;176;100;land;false;plains;1
16367;253;168;128;land;false;hills;1
16368;73;217;240;land;false;plains;1
16369;249;139;220;land;false;mountain;1
16370;63;228;245;land;false;mountain;1
16371;151;237;181;land;false;forest;1
16372;176;87;247;land;false;plains;1
16373;198;194;123;land;false;hills;1
16374;158;219;250;land;false;hills;1
16375;195;83;228;land;false;mountain;1
16376;184;207;199;land;false;plains;1
16377;195;190;230;land;false;hills;1
16378;202;121;206;land;false;forest;1
16379;228;134;154;land;false;hills;1
16380;141;242;138;land;false;hills;1
16381;239;225;225;land;false;mountain;1
16382;119;249;167;land;false;mountain;1
16383;191;110;215;land;false;hills;1
16384;157;180;222;land;false;forest;1
16385;211;173;193;land;false;plains;1
16386;216;230;199;land;false;plains;1
16387;170;208;185;land;false;hills;1
16388;158;238;155;land;false;hills;1
16389;197;93;243;land;false;hills;1
16390;187;229;163;land;false;forest;1
16391;220;97;253;land;false;forest;1
16392;198;196;111;land;false;forest;1
16393;226;122;225;land;false;hills;1
16394;141;198;169;land;false;mountain;1
16395;12;254;241;land;false;hills;1
16396;157;252;128;land;false;plains;1
16397;249;152;130;land;false;urban;1
16398;252;246;231;land;true;hills;1
16399;242;180;87;land;false;forest;1
16400;92;241;173;land;false;mountain;1
16401;94;223;191;land;true;forest;1
16402;254;59;189;land;false;forest;1
16403;114;164;253;land;false;forest;1
16404;219;68;253;land;false;forest;1
16405;152;174;184;land;false;hills;1
16406;81;217;220;land;false;hills;1
16407;229;84;214;land;false;mountain;1
16408;213;224;122;land;false;hills;1
16409;183;246;89;land;false;forest;1
16410;184;165;172;land;false;plains;1
16411;221;162;125;land;false;hills;1
16412;25;249;250;land;false;hills;1
16413;223;253;145;land;false;mountain;1
16414;187;212;150;land;false;mountain;1
16415;150;224;215;land;false;mountain;1
16416;223;234;109;land;true;plains;1
16417;245;114;169;land;false;forest;1
16418;120;169;226;land;false;forest;1
16419;214;210;130;land;false;plains;1
16420;196;156;202;land;false;hills;1
16421;249;242;41;land;false;plains;1
16422;140;208;221;land;false;hills;1
16423;211;132;219;land;false;urban;1
16424;196;212;254;land;false;mountain;1
16425;214;227;76;land;false;mountain;1
16426;242;234;96;land;false;plains;1
16427;244;97;213;land;false;hills;1
16428;238;174;137;land;false;hills;1
16429;239;230;74;land;false;hills;1
16430;235;109;166;land;false;plains;1
16431;128;205;205;land;false;plains;1
16432;116;244;235;land;false;mountain;1
16433;143;185;215;land;false;forest;1
16434;151;247;178;land;false;plains;1
16435;70;243;217;land;false;hills;1
16436;163;182;209;land;false;hills;1
16437;167;201;133;land;false;forest;1
16438;199;206;107;land;false;forest;1
16439;250;252;133;land;false;hills;1
16440;150;208;242;land;false;hills;1
16441;136;217;176;land;false;hills;1
16442;111;183;236;land;false;mountain;1
16443;225;135;170;land;false;mountain;1
16444;218;103;215;land;false;hills;1
16445;110;200;220;land;false;forest;1
16446;71;228;228;land;false;forest;1
16447;172;220;121;land;false;plains;1
16448;239;206;88;land;false;hills;1
16449;239;127;204;land;false;plains;1
16450;203;188;133;land;false;mountain;1
16451;250;254;46;land;false;hills;1
16452;118;208;247;land;true;plains;1
16453;173;173;157;land;false;forest;1
16454;205;175;180;land;false;forest;1
16455;192;186;215;land;false;plains;1
16456;216;250;35;land;false;hills;1
16457;167;242;232;land;false;urban;1
16458;139;170;203;land;false;forest;1
16459;231;176;107;land;false;forest;1
16460;124;186;233;land;false;hills;1
16461;163;180;249;land;false;hills;1
16462;208;115;235;land;false;mountain;1
16463;238;212;151;land;false;hills;1
16464;254;14;252;land;false;forest;1
16465;239;217;147;land;false;forest;1
16466;170;188;148;land;false;hills;1
16467;161;194;170;land;false;hills;1
16468;109;230;215;land;false;plains;1
16469;236;148;239;land;false;plains;1
16470;232;153;199;land;false;plains;1
16471;247;250;168;land;false;plains;1
16472;246;113;201;land;false;hills;1
16473;192;251;243;land;false;plains;1
16474;196;226;220;land;false;plains;1
16475;247;168;107;land;false;hills;1
16476;195;225;207;land;false;hills;1
16477;230;253;118;land;false;mountain;1
16478;159;223;148;land;false;hills;1
16479;201;234;99;land;false;hills;1
16480;121;212;196;land;true;urban;1
16481;179;229;106;land;false;plains;1
16482;168;221;173;land;false;mountain;1
16483;138;148;239;land;false;mountain;1
16484;254;186;96;land;false;mountain;1
16485;197;250;132;land;false;forest;1
16486;203;199;101;land;false;forest;1
16487;237;44;252;land;false;hills;1
16488;250;236;148;land;false;hills;1
16489;150;133;222;land;false;mountain;1
16490;242;229;161;land;false;hills;1
16491;49;244;221;land;false;hills;1
16492;175;206;210;land;false;mountain;1
16493;203;203;140;land;false;mountain;1
16494;155;249;128;land;false;forest;1
16495;218;182;240;land;false;hills;1
16496;134;164;212;land;false;mountain;1
16497;225;253;224;land;false;hills;1
16498;218;247;85;land;false;forest;1
16499;179;215;148;land;false;forest;1
16500;180;164;157;land;false;plains;1
16501;180;94;242;land;false;hills;1
16502;212;226;74;land;false;hills;1
16503;213;225;163;land;false;hills;1
16504;223;144;138;land;false;hills;1
16505;250;238;229;land;false;mountain;1
16506;54;215;252;land;false;mountain;1
16507;244;92;251;land;true;forest;1
16508;153;205;248;land;false;hills;1
16509;225;179;211;land;false;hills;1
16510;171;168;198;land;false;forest;1
16511;98;215;223;land;false;forest;1
16512;194;102;242;land;false;plains;1
16513;205;213;156;land;false;hills;1
16514;242;222;198;land;false;hills;1
16515;254;225;40;land;false;hills;1
16516;196;230;85;land;false;hills;1
16517;73;215;240;land;false;plains;1
16518;185;241;90;land;false;hills;1
16519;187;236;115;land;false;hills;1
16520;217;209;197;land;false;mountain;1
16521;217;234;68;land;false;forest;1
16522;134;222;199;land;false;plains;1
16523;156;206;200;land;false;hills;1
16524;225;153;218;land;false;hills;1
16525;245;201;187;land;false;plains;1
16526;244;114;181;land;false;hills;1
16527;165;176;186;land;false;mountain;1
16528;229;212;165;land;false;forest;1
16529;137;227;238;land;false;plains;1
16530;103;217;185;land;false;plains;1
16531;196;218;215;land;false;plains;1
16532;203;205;163;land;false;hills;1
16533;244;232;113;land;false;mountain;1
16534;214;232;120;land;true;plains;1
16535;80;234;217;land;false;plains;1
16536;230;244;179;land;false;plains;1
16537;235;125;234;land;false;mountain;1
16538;149;237;234;land;false;hills;1
16539;253;214;234;land;false;hills;1
16540;114;184;204;land;false;mountain;1
16541;188;213;168;land;false;plains;1
16542;178;211;217;land;false;mountain;1
16543;224;179;234;land;false;hills;1
16544;219;225;130;land;false;mountain;1
16545;216;117;236;land;false;mountain;1
16546;237;215;59;land;false;forest;1
16547;192;167;186;land;false;forest;1
16548;235;158;160;land;false;plains;1
16549;197;239;149;land;false;hills;1
16550;233;168;186;land;false;plains;1
16551;188;254;130;land;false;hills;1
16552;225;228;153;land;false;mountain;1
16553;193;188;162;land;false;hills;1
16554;194;183;188;land;false;forest;1
16555;141;228;161;land;false;plains;1
16556;227;68;245;land;false;hills;1
16557;110;228;228;land;false;hills;1
16558;147;217;223;land;false;hills;1
16559;133;244;193;land;false;plains;1
16560;187;196;244;land;false;mountain;1
16561;242;235;134;land;false;forest;1
16562;202;213;96;land;false;forest;1
16563;100;170;235;land;false;urban;1
16564;230;253;138;land;false;plains;1
16565;151;242;250;land;false;hills;1
16566;160;246;158;land;false;hills;1
16567;248;45;217;land;false;mountain;1
16568;204;174;128;land;false;forest;1
16569;120;224;248;land;false;forest;1
16570;221;117;165;land;false;forest;1
16571;174;240;147;land;false;forest;1
16572;189;211;209;land;false;hills;1
16573;250;152;121;land;false;hills;1
16574;202;177;157;land;false;hills;1
16575;185;151;180;land;false;mountain;1
16576;229;205;72;land;false;mountain;1
16577;250;253;92;land;false;mountain;1
16578;215;198;92;land;true;hills;1
16579;172;189;214;land;false;forest;1
16580;251;110;225;land;false;plains;1
16581;203;193;122;land;false;plains;1
16582;185;231;100;land;false;hills;1
16583;171;229;115;land;false;hills;1
16584;216;185;176;land;false;plains;1
16585;239;63;228;land;false;mountain;1
16586;217;153;204;land;false;mountain;1
16587;208;119;252;land;false;mountain;1
16588;211;249;66;land;false;plains;1
16589;213;254;111;land;false;plains;1
16590;206;226;162;land;false;hills;1
16591;223;166;216;land;false;mountain;1
16592;148;208;173;land;false;forest;1
16593;237;253;111;land;false;hills;1
16594;182;89;251;land;false;hills;1
16595;185;235;222;land;false;plains;1
16596;231;187;126;land;false;plains;1
16597;111;190;210;land;false;mountain;1
16598;222;134;189;land;true;forest;1
16599;250;111;203;land;false;forest;1
16600;254;223;209;land;false;plains;1
16601;163;200;207;land;false;mountain;1
16602;203;57;246;land;false;mountain;1
16603;205;225;200;land;false;mountain;1
16604;99;223;224;land;true;hills;1
16605;247;136;180;land;false;forest;1
16606;129;238;160;land;false;plains;1
16607;184;196;132;land;false;hills;1
16608;130;220;230;land;false;urban;1
16609;155;132;229;land;false;forest;1
16610;168;235;190;land;false;hills;1
16611;135;215;248;land;false;forest;1
16612;200;88;240;land;false;urban;1
16613;195;194;212;land;false;urban;1
16614;211;189;235;land;false;mountain;1
16615;165;232;215;land;false;mountain;1
16616;200;164;247;land;false;hills;1
16617;169;94;247;land;false;forest;1
16618;219;129;224;land;false;forest;1
16619;64;244;230;land;false;forest;1
16620;127;200;176;land;false;plains;1
16621;235;110;206;land;false;mountain;1
16622;125;165;230;land;false;hills;1
16623;100;246;237;land;true;hills;1
16624;189;180;189;land;false;plains;1
16625;125;180;202;land;false;mountain;1
16626;126;195;251;land;false;forest;1
16627;198;145;220;land;false;plains;1
16628;159;215;246;land;false;plains;1
16629;184;166;196;land;false;hills;1
16630;230;215;69;land;false;hills;1
16631;227;109;177;land;false;mountain;1
16632;230;154;145;land;true;hills;1
16633;107;209;207;land;false;plains;1
16634;241;181;106;land;false;forest;1
16635;203;123;188;land;false;hills;1
16636;200;244;227;land;false;urban;1
16637;181;150;221;land;false;mountain;1
16638;169;242;130;land;false;plains;1
16639;237;46;244;land;false;plains;1
16640;239;170;92;land;false;hills;1
16641;246;136;250;land;false;plains;1
16642;196;138;240;land;false;mountain;1
16643;220;170;116;land;false;mountain;1
16644;136;223;183;land;false;hills;1
16645;249;203;224;land;false;hills;1
16646;142;230;183;land;false;forest;1
16647;227;196;251;land;false;forest;1
16648;161;212;150;land;false;plains;1
16649;149;171;214;land;false;plains;1
16650;138;176;249;land;false;plains;1
16651;192;161;204;land;false;plains;1
16652;242;42;220;land;false;mountain;1
16653;159;228;197;land;false;mountain;1
16654;211;170;232;land;false;mountain;1
16655;189;79;242;land;false;mountain;1
16656;226;204;114;land;false;plains;1
16657;194;91;224;land;false;hills;1
16658;187;119;199;land;false;hills;1
16659;174;238;231;land;false;mountain;1
16660;58;212;247;land;false;forest;1
16661;248;27;226;land;false;plains;1
16662;129;138;238;land;false;hills;1
16663;185;242;82;land;false;plains;1
16664;183;203;139;land;false;hills;1
16665;240;230;65;land;false;hills;1
16666;78;242;238;land;false;urban;1
16667;200;227;156;land;false;plains;1
16668;157;252;184;land;false;mountain;1
16669;49;213;247;land;false;forest;1
16670;248;78;252;land;false;hills;1
16671;250;237;234;land;false;mountain;1
16672;170;159;245;land;false;mountain;1
16673;219;130;245;land;false;hills;1
16674;203;208;236;land;false;hills;1
16675;237;53;249;land;false;urban;1
16676;219;221;117;land;false;mountain;1
16677;202;209;90;land;false;mountain;1
16678;248;167;153;land;true;forest;1
16679;252;198;72;land;false;plains;1
16680;165;130;243;land;false;forest;1
16681;204;169;192;land;false;hills;1
16682;254;227;27;land;false;urban;1
16683;149;228;157;land;false;forest;1
16684;66;189;252;land;false;forest;1
16685;168;175;243;land;false;plains;1
16686;231;33;253;land;false;hills;1
16687;186;251;240;land;false;hills;1
16688;211;107;190;land;false;plains;1
16689;162;157;184;land;false;hills;1
16690;207;157;251;land;false;mountain;1
16691;214;242;220;land;false;plains;1
16692;244;218;222;land;false;hills;1
16693;215;201;197;land;false;hills;1
16694;205;227;226;land;false;plains;1
16695;243;214;59;land;false;hills;1
16696;130;145;230;land;false;hills;1
16697;166;226;115;land;false;mountain;1
16698;177;180;170;land;false;forest;1
16699;183;239;119;land;false;mountain;1
16700;209;247;220;land;false;mountain;1
16701;187;211;110;land;true;forest;1
16702;142;179;241;land;false;forest;1
16703;234;225;109;land;false;forest;1
16704;229;127;217;land;false;plains;1
16705;249;91;191;land;false;hills;1
16706;114;242;251;land;false;urban;1
16707;121;204;229;land;false;forest;1
16708;236;233;236;land;false;hills;1
16709;249;194;88;land;false;mountain;1
16710;124;179;210;land;false;hills;1
16711;140;183;183;land;false;plains;1
16712;243;218;228;land;false;forest;1
16713;232;145;240;land;false;plains;1
16714;173;228;138;land;false;hills;1
16715;125;207;177;land;false;plains;1
16716;232;122;182;land;false;hills;1
16717;185;250;105;land;false;plains;1
16718;244;193;252;land;false;mountain;1
16719;223;87;213;land;false;forest;1
16720;209;191;202;land;false;forest;1
16721;191;180;134;land;false;forest;1
16722;241;118;162;land;false;forest;1
16723;228;254;133;land;false;hills;1
16724;160;236;176;land;false;mountain;1
16725;141;222;209;land;false;plains;1
16726;236;217;247;land;true;plains;1
16727;225;199;163;land;false;forest;1
16728;246;59;239;land;false;forest;1
16729;221;147;163;land;false;forest;1
16730;239;199;190;land;false;forest;1
16731;252;203;151;land;false;hills;1
16732;186;126;203;land;false;plains;1
16733;116;250;183;land;false;plains;1
16734;136;237;242;land;false;hills;1
16735;192;203;159;land;false;hills;1
16736;242;80;252;land;false;mountain;1
16737;127;183;246;land;false;mountain;1
16738;168;239;207;land;false;forest;1
16739;235;216;100;land;false;forest;1
16740;200;245;61;land;false;plains;1
16741;182;222;242;land;false;hills;1
16742;236;148;131;land;false;hills;1
16743;208;211;142;land;false;mountain;1
16744;217;176;169;land;false;forest;1
16745;217;127;163;land;false;forest;1
16746;222;242;62;land;false;hills;1
16747;203;220;185;land;false;mountain;1
16748;219;240;235;land;false;mountain;1
16749;250;244;240;land;false;forest;1
16750;133;177;218;land;false;plains;1
16751;246;224;184;land;false;hills;1
16752;245;227;241;land;false;mountain;1
16753;173;225;125;land;false;mountain;1
16754;234;240;119;land;false;mountain;1
16755;223;206;190;land;true;forest;1
16756;121;174;217;land;false;plains;1
16757;217;107;214;land;false;plains;1
16758;247;152;194;land;false;forest;1
16759;162;200;143;land;false;forest;1
16760;193;186;237;land;false;plains;1
16761;247;201;125;land;false;plains;1
16762;202;215;235;land;false;hills;1
16763;137;182;182;land;true;urban;1
16764;107;234;238;land;false;forest;1
16765;211;158;170;land;false;mountain;1
16766;186;212;213;land;false;urban;1
16767;244;250;210;land;false;plains;1
16768;232;237;75;land;false;hills;1
16769;157;173;224;land;false;hills;1
16770;157;209;206;land;false;mountain;1
16771;176;213;202;land;false;forest;1
16772;195;240;250;land;false;plains;1
16773;116;233;224;land;false;urban;1
16774;224;103;205;land;false;mountain;1
16775;169;216;233;land;false;mountain;1
16776;231;243;226;land;false;plains;1
16777;245;234;203;land;false;hills;1
16778;179;180;188;land;false;hills;1
16779;219;174;131;land;false;urban;1
16780;247;208;142;land;false;hills;1
16781;231;194;80;land;false;hills;1
16782;181;84;242;land;false;plains;1
16783;236;131;162;land;false;plains;1
16784;171;227;157;land;false;plains;1
16785;243;237;150;land;false;mountain;1
16786;139;202;247;land;false;plains;1
16787;196;241;196;land;false;forest;1
16788;128;208;205;land;false;hills;1
16789;103;227;226;land;false;hills;1
16790;236;200;74;land;false;plains;1
16791;156;239;211;land;false;forest;1
16792;246;43;214;land;false;plains;1
16793;231;119;198;land;false;urban;1
16794;249;5;248;land;false;mountain;1
16795;87;240;241;land;false;mountain;1
16796;249;202;132;land;false;forest;1
16797;191;97;229;land;false;urban;1
16798;240;68;236;land;false;plains;1
16799;178;225;213;land;false;urban;1
16800;151;140;244;land;false;hills;1
16801;254;217;179;land;false;hills;1
16802;244;232;79;land;false;urban;1
16803;194;82;237;land;false;plains;1
16804;241;251;17;land;false;hills;1
16805;212;135;245;land;false;hills;1
16806;84;245;187;land;false;mountain;1
16807;167;158;243;land;false;plains;1
16808;145;212;225;land;false;forest;1
16809;188;205;130;land;false;forest;1
16810;215;251;150;land;false;forest;1
16811;220;190;99;land;false;plains;1
16812;171;240;127;land;false;hills;1
16813;253;141;204;land;false;mountain;1
16814;163;185;189;land;false;hills;1
16815;196;96;233;land;false;hills;1
16816;182;156;242;land;false;plains;1
16817;154;153;249;land;false;hills;1
16818;129;228;158;land;false;mountain;1
16819;139;236;188;land;false;mountain;1
16820;107;215;244;land;false;forest;1
16821;214;204;169;land;false;forest;1
16822;140;246;244;land;false;plains;1
16823;214;132;214;land;false;urban;1
16824;213;248;198;land;false;hills;1
16825;224;181;206;land;false;hills;1
16826;221;177;139;land;false;mountain;1
16827;64;228;209;land;false;mountain;1
16828;136;221;246;land;false;forest;1
16829;234;240;235;land;false;forest;1
16830;187;146;228;land;false;forest;1
16831;204;240;199;land;false;plains;1
16832;113;222;199;land;false;plains;1
16833;215;178;198;land;false;plains;1
16834;252;152;244;land;false;hills;1
16835;244;171;98;land;false;hills;1
16836;177;245;203;land;false;hills;1
16837;194;212;234;land;false;plains;1
16838;114;214;215;land;false;mountain;1
16839;182;247;190;land;false;forest;1
16840;205;116;233;land;false;hills;1
16841;223;181;220;land;false;plains;1
16842;238;198;127;land;false;hills;1
16843;214;145;180;land;false;mountain;1
16844;243;250;186;land;true;urban;1
16845;144;231;201;land;false;forest;1
16846;230;111;190;land;false;forest;1
16847;184;242;216;land;false;hills;1
16848;150;243;218;land;false;hills;1
16849;217;243;56;land;false;hills;1
16850;224;216;163;land;false;plains;1
16851;188;178;211;land;false;hills;1
16852;201;220;197;land;false;forest;1
16853;218;238;194;land;false;plains;1
16854;87;227;194;land;false;forest;1
16855;250;168;154;land;false;forest;1
16856;231;219;141;land;false;hills;1
16857;190;141;211;land;false;hills;1
16858;224;233;60;land;false;mountain;1
16859;182;205;176;land;false;mountain;1
16860;223;239;130;land;false;hills;1
16861;225;141;169;land;false;plains;1
16862;55;247;247;land;false;hills;1
16863;85;242;224;land;false;mountain;1
16864;114;246;164;land;false;forest;1
16865;225;191;198;land;false;forest;1
16866;207;165;213;land;false;plains;1
16867;231;192;118;land;false;hills;1
16868;211;140;169;land;false;plains;1
16869;202;200;124;land;false;plains;1
16870;245;194;147;land;false;forest;1
16871;105;230;176;land;false;hills;1
16872;227;152;190;land;false;hills;1
16873;192;159;153;land;false;hills;1
16874;244;149;149;land;false;mountain;1
16875;199;210;123;land;false;mountain;1
16876;105;241;199;land;false;plains;1
16877;153;189;209;land;false;hills;1
16878;231;246;129;land;false;hills;1
16879;138;205;243;land;false;plains;1
16880;179;212;164;land;false;hills;1
16881;169;226;251;land;false;mountain;1
16882;170;131;240;land;false;forest;1
16883;239;220;205;land;false;forest;1
16884;133;230;147;land;false;hills;1
16885;207;243;193;land;false;plains;1
16886;225;245;171;land;false;forest;1
16887;159;206;170;land;false;plains;1
16888;185;211;236;land;false;hills;1
16889;216;135;201;land;false;urban;1
16890;158;105;248;land;false;hills;1
16891;239;30;237;land;false;mountain;1
16892;151;160;201;land;false;forest;1
16893;111;231;185;land;false;forest;1
16894;209;57;237;land;false;urban;1
16895;181;114;241;land;false;mountain;1
16896;222;138;240;land;false;plains;1
16897;171;253;96;land;false;plains;1
16898;159;190;238;land;false;hills;1
16899;214;181;225;land;false;hills;1
16900;253;84;205;land;false;plains;1
16901;123;247;194;land;false;plains;1
16902;146;226;156;land;false;hills;1
16903;186;173;146;land;false;mountain;1
16904;172;182;216;land;false;mountain;1
16905;191;151;182;land;false;forest;1
16906;153;157;192;land;false;plains;1
16907;236;122;209;land;false;hills;1
16908;251;186;149;land;false;forest;1
16909;253;20;244;land;false;forest;1
16910;236;94;176;land;false;forest;1
16911;143;223;209;land;false;urban;1
16912;164;227;218;land;false;urban;1
16913;105;248;150;land;false;urban;1
16914;219;192;97;land;false;forest;1
16915;198;172;199;land;false;plains;1
16916;151;251;223;land;false;plains;1
16917;151;207;170;land;false;hills;1
16918;217;226;193;land;false;plains;1
16919;253;242;132;land;false;hills;1
16920;111;168;246;land;false;mountain;1
16921;86;179;244;land;false;hills;1
16922;232;249;97;land;false;forest;1
16923;183;203;147;land;false;forest;1
16924;224;171;153;land;false;forest;1
16925;239;133;178;land;false;hills;1
16926;224;248;190;land;false;urban;1
16927;251;101;239;land;false;plains;1
16928;171;249;139;land;false;hills;1
16929;60;230;249;land;false;mountain;1
16930;165;236;242;land;false;urban;1
16931;246;112;210;land;false;plains;1
16932;222;143;214;land;false;hills;1
16933;184;239;199;land;false;mountain;1
16934;163;249;105;land;false;forest;1
16935;233;209;150;land;false;forest;1
16936;222;229;137;land;false;plains;1
16937;148;200;236;land;false;hills;1
16938;253;123;223;land;false;plains;1
16939;204;238;232;land;false;urban;1
16940;195;221;186;land;false;hills;1
16941;72;231;211;land;false;mountain;1
16942;94;228;185;land;false;forest;1
16943;96;227;230;land;false;hills;1
16944;251;101;164;land;false;mountain;1
16945;76;212;241;land;false;forest;1
16946;134;209;231;land;false;forest;1
16947;93;208;250;land;false;forest;1
16948;191;239;213;land;false;hills;1
16949;125;234;184;land;false;hills;1
16950;216;204;208;land;false;hills;1
16951;162;209;216;land;false;hills;1
16952;92;223;216;land;false;plains;1
16953;190;146;243;land;false;hills;1
16954;237;93;211;land;false;forest;1
16955;242;211;227;land;false;forest;1
16956;190;130;199;land;false;plains;1
16957;173;154;208;land;false;hills;1
16958;157;244;201;land;false;plains;1
16959;225;214;228;land;false;urban;1
16960;134;147;221;land;false;urban;1
16961;252;235;38;land;false;plains;1
16962;64;230;251;land;false;hills;1
16963;219;111;249;land;true;mountain;1
16964;197;193;217;land;false;hills;1
16965;204;240;59;land;false;hills;1
16966;230;215;108;land;false;plains;1
16967;182;145;231;land;false;urban;1
16968;223;176;183;land;false;plains;1
16969;133;199;210;land;false;hills;1
16970;151;194;162;land;false;hills;1
16971;213;132;209;land;false;forest;1
16972;145;248;192;land;false;forest;1
16973;211;232;101;land;false;forest;1
16974;235;246;165;land;false;forest;1
16975;153;113;249;land;false;plains;1
16976;192;174;215;land;false;plains;1
16977;215;251;251;land;false;hills;1
16978;218;238;115;land;false;urban;1
16979;228;142;216;land;false;mountain;1
16980;126;212;226;land;true;forest;1
16981;107;201;232;land;false;forest;1
16982;190;140;191;land;false;plains;1
16983;110;154;243;land;false;plains;1
16984;236;208;147;land;false;plains;1
16985;173;164;233;land;false;forest;1
16986;122;197;252;land;false;plains;1
16987;104;221;252;land;false;mountain;1
16988;239;243;173;land;true;urban;1
16989;177;179;232;land;false;forest;1
16990;242;161;98;land;false;plains;1
16991;213;184;139;land;false;forest;1
16992;161;168;192;land;false;plains;1
16993;147;158;199;land;false;forest;1
16994;184;197;144;land;false;plains;1
16995;246;73;220;land;false;plains;1
16996;62;234;212;land;false;urban;1
16997;38;249;241;land;false;hills;1
16998;202;234;133;land;false;hills;1
16999;225;106;193;land;false;mountain;1
17000;103;196;248;land;false;mountain;1
17001;221;253;118;land;false;forest;1
17002;172;168;202;land;false;hills;1
17003;236;215;51;land;false;urban;1
17004;172;149;244;land;false;forest;1
17005;202;168;244;land;false;forest;1
17006;242;98;250;land;false;forest;1
17007;115;244;227;land;false;forest;1
17008;161;124;217;land;false;plains;1
17009;232;160;166;land;false;hills;1
17010;190;217;169;land;false;hills;1
17011;127;235;233;land;false;hills;1
17012;166;121;224;land;false;plains;1
17013;151;251;123;land;false;plains;1
17014;214;254;48;land;false;hills;1
17015;153;206;214;land;false;urban;1
17016;215;171;221;land;false;hills;1
17017;229;182;139;land;false;forest;1
17018;197;212;151;land;false;hills;1
17019;233;90;251;land;false;hills;1
17020;187;116;203;land;false;plains;1
17021;222;246;123;land;false;plains;1
17022;216;68;226;land;false;urban;1
17023;234;237;195;land;false;urban;1
17024;138;218;230;land;false;hills;1
17025;178;239;249;land;false;hills;1
17026;217;56;237;land;false;hills;1
17027;211;175;155;land;false;hills;1
17028;179;158;166;land;false;hills;1
17029;204;238;223;land;false;mountain;1
17030;199;219;216;land;false;hills;1
17031;228;239;101;land;false;forest;1
17032;209;191;104;land;false;plains;1
17033;113;249;185;land;false;plains;1
17034;186;119;205;land;false;hills;1
17035;194;63;245;land;false;hills;1
17036;221;228;182;land;true;forest;1
17037;171;200;249;land;false;forest;1
17038;246;28;252;land;false;forest;1
17039;58;243;219;land;false;plains;1
17040;229;227;79;land;false;hills;1
17041;210;221;147;land;false;hills;1
17042;145;177;235;land;false;urban;1
17043;237;55;246;land;false;mountain;1
17044;223;175;107;land;false;mountain;1
17045;113;245;154;land;false;plains;1
17046;219;251;116;land;false;plains;1
17047;96;179;251;land;false;hills;1
17048;243;92;216;land;false;plains;1
17049;78;240;223;land;false;hills;1
17050;248;243;171;land;false;plains;1
17051;194;216;150;land;false;plains;1
17052;180;161;239;land;false;forest;1
17053;204;132;196;land;false;plains;1
17054;111;192;211;land;false;forest;1
17055;241;75;228;land;false;hills;1
17056;145;214;242;land;false;hills;1
17057;155;180;229;land;false;hills;1
17058;202;233;204;land;false;hills;1
17059;240;197;151;land;false;hills;1
17060;233;162;136;land;false;hills;1
17061;204;97;228;land;false;forest;1
17062;150;206;155;land;false;plains;1
17063;167;233;252;land;false;plains;1
17064;204;173;177;land;false;hills;1
17065;193;140;250;land;false;plains;1
17066;171;180;216;land;false;plains;1
17067;254;67;250;land;false;plains;1
17068;245;210;249;land;false;urban;1
17069;249;116;164;land;false;mountain;1
17070;137;148;237;land;false;hills;1
17071;175;182;178;land;false;hills;1
17072;155;224;164;land;false;hills;1
17073;228;88;217;land;false;mountain;1
17074;226;143;171;land;false;forest;1
17075;182;204;163;land;false;hills;1
17076;226;111;238;land;false;urban;1
17077;242;92;169;land;false;urban;1
17078;208;213;169;land;false;forest;1
17079;225;229;187;land;false;plains;1
17080;125;246;197;land;false;hills;1
17081;160;164;181;land;false;forest;1
17082;160;175;236;land;false;forest;1
17083;198;80;240;land;false;plains;1
17084;30;249;239;land;false;plains;1
17085;203;155;154;land;false;plains;1
17086;216;149;218;land;false;hills;1
17087;155;172;190;land;false;hills;1
17088;253;200;154;land;false;hills;1
17089;216;206;213;land;false;hills;1
17090;243;232;151;land;true;hills;1
17091;231;160;119;land;false;plains;1
17092;216;193;244;land;false;hills;1
17093;217;68;252;land;false;plains;1
17094;248;180;204;land;false;forest;1
17095;127;214;190;land;false;hills;1
17096;184;164;239;land;false;urban;1
17097;194;231;179;land;false;urban;1
17098;151;231;225;land;false;urban;1
17099;206;227;197;land;false;hills;1
17100;242;224;129;land;false;forest;1
17101;230;150;252;land;false;urban;1
17102;236;228;204;land;false;urban;1
17103;96;213;238;land;false;urban;1
17104;198;247;232;land;false;plains;1
17105;134;240;171;land;false;hills;1
17106;73;234;203;land;false;hills;1
17107;158;170;183;land;false;mountain;1
17108;96;184;232;land;false;plains;1
17109;245;246;211;land;false;plains;1
17110;166;238;142;land;false;plains;1
17111;43;253;246;land;false;hills;1
17112;216;238;185;land;false;hills;1
17113;246;87;180;land;false;plains;1
17114;117;185;203;land;false;plains;1
17115;252;250;204;land;true;urban;1
17116;101;214;219;land;false;plains;1
17117;106;173;251;land;false;forest;1
17118;219;215;95;land;false;plains;1
17119;102;203;248;land;false;hills;1
17120;87;208;217;land;false;mountain;1
17121;253;183;252;land;false;plains;1
17122;177;164;247;land;false;hills;1
17123;147;142;218;land;true;plains;1
17124;93;247;252;land;false;forest;1
17125;203;150;206;land;false;forest;1
17126;251;129;230;land;false;hills;1
17127;118;231;212;land;false;hills;1
17128;159;184;183;land;false;plains;1
17129;52;236;222;land;false;hills;1
17130;232;133;201;land;true;urban;1
17131;192;142;209;land;false;forest;1
17132;67;209;248;land;false;forest;1
17133;76;236;206;land;false;plains;1
17134;236;225;128;land;false;hills;1
17135;173;161;206;land;false;plains;1
17136;233;242;68;land;false;urban;1
17137;241;205;65;land;false;urban;1
17138;145;216;187;land;false;hills;1
17139;181;161;221;land;false;urban;1
17140;159;231;183;land;false;plains;1
17141;154;234;130;land;false;hills;1
17142;245;114;209;land;false;plains;1
17143;242;237;131;land;false;urban;1
17144;172;229;223;land;false;urban;1
17145;249;38;220;land;false;mountain;1
17146;116;247;228;land;false;forest;1
17147;200;166;165;land;false;hills;1
17148;130;150;223;land;false;hills;1
17149;169;109;242;land;false;urban;1
17150;44;219;243;land;false;urban;1
17151;182;182;206;land;false;urban;1
17152;118;186;217;land;false;plains;1
17153;243;252;196;land;false;plains;1
17154;178;129;200;land;false;urban;1
17155;110;251;238;land;false;plains;1
17156;188;197;165;land;false;hills;1
17157;249;203;151;land;false;hills;1
17158;125;220;244;land;false;mountain;1
17159;176;188;175;land;false;forest;1
17160;120;237;240;land;false;forest;1
17161;199;127;240;land;false;plains;1
17162;253;238;219;land;false;plains;1
17163;172;218;221;land;false;hills;1
17164;238;252;123;land;false;hills;1
17165;191;160;196;land;false;plains;1
17166;245;158;180;land;false;urban;1
17167;189;136;239;land;false;hills;1
17168;132;252;160;land;false;hills;1
17169;132;223;249;land;false;hills;1
17170;234;146;153;land;false;forest;1
17171;231;253;128;land;false;forest;1
17172;151;198;180;land;false;plains;1
17173;240;223;133;land;false;hills;1
17174;179;221;151;land;false;plains;1
17175;230;168;104;land;false;hills;1
17176;234;199;124;land;false;plains;1
17177;233;160;254;land;false;plains;1
17178;223;135;194;land;false;forest;1
17179;193;246;237;land;false;forest;1
17180;160;245;206;land;false;forest;1
17181;229;171;143;land;false;plains;1
17182;196;173;212;land;false;hills;1
17183;135;227;157;land;false;urban;1
17184;187;252;98;land;false;forest;1
17185;132;134;237;land;false;plains;1
17186;158;187;205;land;false;forest;1
17187;74;225;244;land;false;hills;1
17188;240;137;143;land;false;plains;1
17189;226;133;218;land;false;urban;1
17190;177;167;199;land;true;urban;1
17191;222;181;119;land;false;forest;1
17192;195;128;184;land;false;plains;1
17193;129;238;193;land;false;forest;1
17194;146;173;252;land;false;forest;1
17195;250;92;215;land;false;hills;1
17196;162;161;183;land;false;plains;1
17197;252;243;63;land;false;urban;1
17198;242;207;188;land;false;urban;1
17199;197;242;122;land;false;mountain;1
17200;143;146;228;land;false;forest;1
17201;194;229;222;land;false;plains;1
17202;172;232;181;land;false;plains;1
17203;178;229;187;land;false;hills;1
17204;237;107;204;land;false;plains;1
17205;132;181;214;land;false;plains;1
17206;242;219;193;land;false;hills;1
17207;173;239;183;land;false;urban;1
17208;170;173;168;land;false;plains;1
17209;236;136;191;land;false;hills;1
17210;252;243;64;land;true;urban;1
17211;170;182;184;land;false;urban;1
17212;228;214;112;land;false;plains;1
17213;148;200;159;land;false;hills;1
17214;138;241;224;land;false;hills;1
17215;198;178;235;land;true;plains;1
17216;210;128;238;land;false;forest;1
17217;92;247;199;land;false;forest;1
17218;232;199;139;land;false;forest;1
17219;219;169;230;land;false;urban;1
17220;214;252;244;land;false;hills;1
17221;194;115;236;land;false;plains;1
17222;243;251;155;land;false;urban;1
17223;119;244;158;land;false;plains;1
17224;126;221;226;land;false;forest;1
17225;79;175;254;land;false;forest;1
17226;147;249;193;land;false;forest;1
17227;192;250;94;land;false;urban;1
17228;252;250;100;land;false;forest;1
17229;216;244;154;land;false;hills;1
17230;253;238;125;land;false;plains;1
17231;228;211;251;land;false;hills;1
17232;187;190;245;land;false;plains;1
17233;243;243;48;land;false;forest;1
17234;106;254;171;land;false;hills;1
17235;192;76;235;land;false;urban;1
17236;104;177;224;land;false;urban;1
17237;207;203;195;land;false;forest;1
17238;148;193;205;land;false;forest;1
17239;116;248;230;land;false;forest;1
17240;164;221;219;land;false;forest;1
17241;140;223;189;land;false;plains;1
17242;134;232;238;land;false;forest;1
17243;200;249;91;land;false;plains;1
17244;238;196;241;land;false;plains;1
17245;243;122;253;land;false;plains;1
17246;191;233;249;land;false;urban;1
17247;233;154;207;land;false;hills;1
17248;139;164;241;land;false;plains;1
17249;166;234;245;land;false;plains;1
17250;173;222;216;land;false;plains;1
17251;183;111;214;land;false;plains;1
17252;250;82;253;land;false;urban;1
17253;117;222;226;land;false;forest;1
17254;192;164;235;land;false;mountain;1
17255;251;219;92;land;false;plains;1
17256;126;226;222;land;false;hills;1
17257;187;205;154;land;true;urban;1
17258;243;250;207;land;false;urban;1
17259;105;159;254;land;false;plains;1
17260;156;129;248;land;false;hills;1
17261;196;189;247;land;false;plains;1
17262;135;191;244;land;false;forest;1
17263;238;175;112;land;false;forest;1
17264;253;35;230;land;false;forest;1
17265;225;101;228;land;false;hills;1
17266;239;142;128;land;false;hills;1
17267;155;180;195;land;false;hills;1
17268;241;202;227;land;false;urban;1
17269;232;131;151;land;true;plains;1
17270;237;231;91;land;true;plains;1
17271;174;181;201;land;false;plains;1
17272;147;229;220;land;false;plains;1
17273;180;234;240;land;false;plains;1
17274;200;155;217;land;false;mountain;1
17275;129;222;154;land;false;plains;1
17276;65;241;211;land;false;plains;1
17277;141;208;224;land;false;forest;1
17278;182;252;88;land;false;forest;1
17279;226;116;212;land;false;forest;1
17280;153;230;127;land;false;plains;1
17281;216;162;139;land;true;urban;1
17282;232;39;237;land;false;hills;1
17283;218;161;183;land;true;urban;1
17284;219;236;138;land;false;forest;1
17285;248;123;138;land;false;hills;1
17286;208;145;171;land;false;plains;1
17287;120;221;168;land;false;forest;1
17288;166;136;245;land;false;urban;1
17289;229;170;217;land;false;plains;1
17290;254;176;101;land;false;plains;1
17291;246;196;115;land;false;urban;1
17292;153;227;141;land;false;hills;1
17293;114;230;192;land;true;plains;1
17294;153;219;251;land;false;hills;1
17295;63;235;215;land;false;hills;1
17296;235;227;154;land;false;hills;1
17297;198;108;234;land;false;hills;1
17298;101;189;214;land;false;plains;1
17299;251;114;254;land;false;plains;1
17300;223;174;120;land;false;forest;1
17301;248;157;233;land;false;plains;1
17302;227;161;164;land;true;plains;1
17303;253;229;218;land;true;plains;1
17304;237;166;102;land;false;urban;1
17305;136;171;219;land;true;urban;1
17306;167;151;242;land;false;plains;1
17307;145;205;229;land;false;forest;1
17308;184;152;176;land;false;forest;1
17309;72;250;222;land;false;plains;1
17310;83;216;213;land;false;hills;1
17311;198;195;152;land;false;hills;1
17312;236;228;224;land;true;plains;1
17313;224;239;237;land;false;forest;1
17314;168;207;156;land;false;forest;1
17315;208;251;206;land;false;forest;1
17316;235;82;253;land;false;plains;1
17317;212;150;180;land;false;hills;1
17318;216;250;214;land;false;plains;1
17319;144;210;206;land;false;hills;1
17320;191;186;221;land;true;urban;1
17321;189;222;201;land;false;plains;1
17322;224;141;142;land;true;plains;1
17323;153;151;237;land;true;plains;1
17324;228;144;187;land;false;hills;1
17325;43;224;239;land;false;hills;1
17326;244;125;172;land;true;forest;1
17327;232;160;145;land;false;forest;1
17328;156;180;251;land;false;forest;1
17329;237;126;172;land;false;forest;1
17330;138;211;176;land;false;plains;1
17331;167;166;216;land;false;hills;1
17332;212;248;47;land;false;hills;1
17333;146;203;220;land;false;hills;1
17334;161;176;233;land;false;plains;1
17335;251;246;127;land;false;urban;1
17336;164;186;237;land;false;hills;1
17337;102;251;202;land;false;hills;1
17338;107;201;207;land;false;forest;1
17339;197;250;100;land;false;forest;1
17340;190;153;184;land;false;plains;1
17341;230;191;193;land;true;urban;1
17342;238;236;191;land;false;hills;1
17343;227;228;89;land;false;plains;1
17344;244;100;184;land;false;forest;1
17345;105;254;220;land;false;hills;1
17346;146;232;196;land;false;plains;1
17347;167;198;193;land;false;forest;1
17348;194;137;171;land;false;plains;1
17349;206;172;183;land;false;hills;1
17350;217;135;167;land;false;plains;1
17351;195;227;181;land;false;plains;1
17352;174;168;180;land;true;plains;1
17353;224;170;253;land;false;plains;1
17354;172;206;212;land;false;hills;1
17355;249;71;189;land;false;forest;1
17356;106;254;202;land;false;plains;1
17357;158;124;238;land;false;forest;1
17358;252;154;247;land;false;hills;1
17359;248;169;113;land;false;hills;1
17360;151;112;249;land;false;hills;1
17361;134;210;186;land;false;plains;1
17362;254;94;160;land;false;forest;1
17363;211;143;161;land;false;forest;1
17364;243;101;182;land;false;plains;1
17365;233;212;211;land;false;forest;1
17366;148;170;220;land;false;plains;1
17367;73;236;205;land;false;forest;1
17368;238;202;155;land;false;hills;1
17369;206;199;207;land;true;forest;1
17370;157;236;131;land;false;plains;1
17371;247;100;183;land;false;forest;1
17372;200;157;212;land;false;plains;1
17373;234;178;196;land;true;plains;1
17374;241;164;120;land;true;plains;1
17375;202;194;132;land;false;plains;1
17376;229;187;188;land;false;plains;1
17377;161;198;163;land;false;hills;1
17378;228;194;183;land;true;plains;1
17379;216;185;190;land;false;urban;1
17380;192;251;93;land;false;plains;1
17381;217;173;148;land;false;urban;1
17382;194;162;191;land;true;urban;1
17383;140;151;234;land;false;urban;1
17384;68;229;209;land;false;forest;1
17385;137;229;228;land;false;hills;1
17386;57;208;249;land;false;hills;1
17387;218;247;167;land;true;plains;1
17388;222;155;202;land;false;hills;1
17389;177;117;249;land;false;plains;1
17390;153;196;241;land;false;urban;1
17391;214;141;207;land;false;plains;1
17392;231;91;247;land;true;urban;1
17393;229;153;245;land;true;plains;1
17394;193;190;190;land;false;forest;1
17395;254;161;112;land;false;forest;1
17396;220;169;113;land;false;plains;1
17397;146;248;159;land;true;plains;1
17398;226;218;57;land;false;forest;1
17399;234;109;168;land;false;forest;1
17400;248;234;224;land;false;plains;1
17401;223;131;227;land;false;plains;1
17402;209;91;218;land;true;plains;1
17403;245;186;159;land;false;hills;1
17404;184;230;114;land;false;forest;1
17405;240;171;135;land;false;plains;1
17406;210;226;179;land;false;plains;1
17407;254;191;170;land;false;hills;1
17408;187;216;238;land;true;plains;1
17409;212;246;54;land;true;plains;1
17410;170;156;230;land;false;hills;1
17411;73;209;225;land;true;plains;1
17412;215;114;203;land;false;forest;1
17413;233;116;198;land;false;forest;1
17414;204;134;235;land;false;forest;1
17415;232;138;179;land;false;forest;1
17416;211;129;182;land;false;hills;1
17417;217;95;213;land;true;plains;1
17418;168;234;197;land;false;plains;1
17419;238;86;207;land;false;hills;1
17420;150;172;216;land;false;hills;1
17421;199;250;127;land;false;plains;1
17422;195;163;201;land;true;plains;1
17423;204;229;112;land;false;plains;1
17424;200;185;122;land;true;urban;1
17425;204;124;199;land;false;forest;1
17426;29;253;230;land;false;plains;1
17427;239;134;130;land;false;plains;1
17428;153;189;161;land;true;plains;1
17429;161;114;231;land;true;plains;1
17430;152;239;254;land;true;plains;1
17431;248;231;172;land;false;plains;1
17432;137;213;217;land;false;forest;1
17433;117;241;239;land;false;hills;1
17434;233;245;186;land;false;plains;1
17435;175;152;181;land;false;hills;1
17436;207;233;73;land;true;plains;1
17437;227;217;101;land;false;plains;1
17438;238;226;58;land;false;hills;1
17439;254;226;199;land;true;plains;1
17440;54;220;233;land;false;urban;1
17441;128;249;191;land;false;urban;1
17442;235;130;238;land;false;plains;1
17443;177;218;234;land;false;forest;1
17444;231;206;240;land;false;forest;1
17445;210;157;147;land;false;plains;1
17446;254;32;243;land;false;hills;1
17447;241;246;127;land;true;plains;1
17448;166;242;128;land;false;plains;1
17449;79;242;240;land;false;forest;1
17450;125;187;230;land;false;plains;1
17451;217;175;113;land;true;plains;1
17452;237;158;240;land;false;plains;1
17453;222;133;176;land;false;forest;1
17454;182;248;233;land;false;forest;1
17455;204;168;208;land;false;plains;1
17456;237;109;164;land;false;plains;1
17457;183;170;165;land;false;plains;1
17458;248;63;199;land;false;hills;1
17459;253;175;82;land;false;plains;1
17460;137;236;200;land;false;plains;1
17461;78;226;204;land;false;plains;1
17462;145;148;213;land;true;plains;1
17463;195;236;166;land;false;hills;1
17464;243;131;170;land;true;plains;1
17465;215;253;211;land;true;plains;1
17466;53;241;213;land;false;hills;1
17467;203;87;213;land;true;plains;1
17468;229;224;238;land;false;forest;1
17469;230;250;101;land;false;plains;1
17470;135;242;148;land;false;plains;1
17471;245;89;188;land;false;plains;1
17472;228;156;254;land;true;plains;1
17473;125;249;150;land;false;hills;1
17474;158;252;142;land;false;plains;1
17475;98;210;222;land;true;plains;1
17476;182;184;197;land;false;plains;1
17477;179;243;132;land;false;forest;1
17478;254;175;147;land;true;urban;1
17479;213;228;138;land;true;plains;1
17480;165;233;211;land;true;plains;1
17481;198;199;149;land;false;plains;1
17482;40;242;236;land;true;plains;1
17483;152;221;153;land;false;plains;1
17484;209;208;176;land;false;forest;1
17485;187;171;154;land;true;plains;1
17486;201;204;181;land;false;hills;1
17487;120;251;150;land;true;plains;1
17488;128;175;254;land;true;hills;1
17489;179;97;253;land;false;plains;1
17490;214;244;244;land;false;hills;1
17491;190;246;111;land;false;plains;1
17492;253;131;202;land;false;hills;1
17493;178;234;193;land;false;urban;1
17494;220;143;226;land;true;urban;1
17495;251;247;16;land;true;plains;1
17496;250;98;217;land;true;plains;1
17497;237;180;211;land;false;plains;1
17498;222;238;57;land;false;plains;1
17499;205;209;176;land;false;plains;1
17500;225;121;175;land;false;plains;1
17501;197;120;253;land;false;plains;1
17502;197;121;233;land;false;plains;1
17503;214;192;144;land;false;hills;1
17504;162;183;245;land;false;plains;1
17505;151;204;153;land;false;plains;1
17506;234;187;237;land;true;plains;1
17507;185;218;124;land;false;hills;1
17508;253;242;134;land;false;plains;1
17509;232;182;240;land;false;plains;1
17510;199;146;220;land;false;plains;1
17511;231;143;251;land;false;forest;1
17512;166;232;226;land;false;forest;1
17513;247;177;248;land;false;hills;1
17514;121;240;248;land;false;hills;1
17515;71;179;254;land;false;plains;1
17516;231;197;196;land;false;hills;1
17517;131;248;230;land;false;plains;1
17518;192;238;243;land;false;plains;1
17519;116;229;160;land;false;hills;1
17520;186;193;213;land;false;plains;1
17521;232;37;237;land;false;plains;1
17522;197;218;86;land;true;plains;1
17523;242;89;200;land;true;plains;1
17524;169;247;112;land;false;hills;1
17525;254;242;96;land;false;forest;1
17526;232;55;234;land;false;plains;1
17527;109;215;205;land;false;forest;1
17528;221;99;238;land;false;plains;1
17529;206;160;222;land;false;plains;1
17530;238;183;152;land;false;hills;1
17531;156;211;170;land;false;hills;1
17532;163;195;181;land;true;plains;1
17533;150;223;144;land;false;hills;1
17534;230;196;200;land;false;plains;1
17535;205;192;181;land;false;plains;1
17536;138;207;228;land;false;plains;1
17537;152;157;193;land;false;forest;1
17538;213;242;83;land;false;hills;1
17539;178;214;219;land;true;plains;1
17540;80;248;214;land;false;forest;1
17541;184;253;82;land;true;plains;1
17542;176;252;152;land;false;hills;1
17543;143;193;235;land;false;plains;1
17544;127;182;239;land;true;urban;1
17545;188;164;192;land;false;urban;1
17546;183;254;148;land;false;hills;1
17547;189;202;117;land;true;plains;1
17548;130;224;205;land;false;plains;1
17549;222;187;160;land;false;forest;1
17550;223;150;231;land;false;plains;1
17551;165;225;157;land;false;plains;1
17552;169;186;233;land;false;hills;1
17553;239;182;110;land;false;hills;1
17554;204;209;180;land;true;plains;1
17555;219;153;149;land;false;plains;1
17556;238;234;44;land;false;forest;1
17557;234;98;210;land;false;plains;1
17558;194;239;215;land;false;plains;1
17559;153;214;139;land;false;plains;1
17560;244;253;16;land;false;plains;1
17561;91;162;250;land;false;plains;1
17562;216;176;140;land;false;hills;1
17563;136;197;217;land;false;hills;1
17564;133;198;220;land;false;hills;1
17565;176;228;166;land;true;urban;1
17566;248;87;254;land;false;plains;1
17567;171;236;120;land;false;plains;1
17568;245;228;107;land;false;plains;1
17569;195;223;137;land;false;plains;1
17570;173;198;151;land;false;forest;1
17571;106;151;253;land;false;plains;1
17572;219;169;252;land;false;hills;1
17573;209;210;93;land;false;hills;1
17574;207;228;83;land;false;plains;1
17575;227;231;94;land;true;urban;1
17576;231;183;163;land;false;plains;1
17577;233;230;121;land;false;plains;1
17578;235;207;219;land;false;plains;1
17579;228;104;226;land;false;plains;1
17580;155;165;242;land;false;plains;1
17581;140;227;139;land;false;plains;1
17582;180;163;243;land;false;hills;1
17583;212;216;213;land;false;hills;1
17584;188;200;150;land;false;urban;1
17585;153;130;239;land;true;plains;1
17586;215;250;241;land;false;hills;1
17587;162;242;244;land;false;hills;1
17588;167;251;212;land;true;plains;1
17589;182;194;241;land;true;plains;1
17590;247;171;182;land;false;hills;1
17591;252;85;193;land;false;plains;1
17592;77;243;185;land;false;urban;1
17593;219;197;206;land;false;plains;1
17594;164;230;114;land;false;forest;1
17595;201;190;112;land;false;plains;1
17596;244;249;69;land;false;hills;1
17597;164;154;250;land;true;plains;1
17598;242;128;227;land;false;plains;1
17599;190;238;131;land;false;forest;1
17600;114;238;249;land;false;hills;1
17601;205;227;232;land;false;hills;1
17602;147;246;244;land;true;plains;1
17603;237;80;243;land;false;plains;1
17604;238;100;248;land;true;plains;1
17605;230;102;197;land;false;hills;1
17606;237;112;251;land;true;plains;1
17607;242;229;164;land;false;hills;1
17608;200;102;215;land;false;plains;1
17609;241;48;244;land;false;forest;1
17610;253;175;205;land;false;plains;1
17611;139;238;154;land;false;plains;1
17612;36;239;243;land;true;urban;1
17613;158;118;239;land;false;plains;1
17614;141;190;228;land;false;plains;1
17615;188;198;127;land;false;plains;1
17616;73;192;249;land;false;urban;1
17617;247;124;238;land;false;hills;1
17618;207;192;237;land;true;urban;1
17619;187;140;231;land;false;hills;1
17620;213;213;208;land;false;hills;1
17621;102;175;228;land;false;plains;1
17622;250;209;61;land;false;plains;1
17623;240;192;115;land;false;plains;1
17624;137;233;244;land;false;plains;1
17625;230;101;216;land;false;plains;1
17626;191;190;162;land;false;plains;1
17627;207;82;234;land;false;plains;1
17628;243;241;213;land;false;hills;1
17629;109;195;212;land;false;hills;1
17630;251;241;223;land;false;plains;1
17631;234;153;225;land;false;plains;1
17632;243;186;221;land;false;plains;1
17633;245;250;172;land;false;plains;1
17634;232;216;94;land;false;urban;1
17635;243;68;212;land;false;urban;1
17636;233;123;232;land;false;hills;1
17637;158;162;237;land;false;plains;1
17638;147;240;138;land;false;plains;1
17639;175;214;172;land;true;plains;1
17640;215;173;132;land;false;forest;1
17641;247;89;227;land;false;urban;1
17642;221;166;173;land;false;plains;1
17643;110;250;189;land;false;plains;1
17644;229;213;107;land;false;plains;1
17645;208;220;109;land;false;plains;1
17646;123;219;238;land;false;plains;1
17647;246;180;103;land;false;plains;1
17648;245;238;244;land;false;plains;1
17649;244;116;182;land;false;forest;1
17650;186;97;222;land;false;forest;1
17651;42;243;241;land;false;plains;1
17652;174;241;137;land;false;hills;1
17653;246;206;231;land;false;hills;1
17654;196;177;204;land;false;plains;1
17655;238;234;214;land;false;plains;1
17656;177;214;114;land;false;plains;1
17657;215;157;142;land;false;hills;1
17658;245;234;189;land;false;hills;1
17659;170;87;251;land;false;mountain;1
17660;124;150;238;land;false;plains;1
17661;175;175;161;land;false;plains;1
17662;176;205;201;land;false;plains;1
17663;208;213;180;land;false;plains;1
17664;171;239;105;land;false;plains;1
17665;237;123;146;land;true;hills;1
17666;105;226;175;land;true;urban;1
17667;250;67;249;land;false;hills;1
17668;234;133;159;land;false;plains;1
17669;104;244;208;land;false;plains;1
17670;241;232;61;land;false;plains;1
17671;230;107;225;land;false;forest;1
17672;203;238;211;land;false;hills;1
17673;72;191;252;land;false;hills;1
17674;214;248;80;land;false;plains;1
17675;190;188;238;land;false;plains;1
17676;205;243;90;land;false;hills;1
17677;107;230;232;land;false;plains;1
17678;91;158;252;land;false;forest;1
17679;164;190;206;land;false;plains;1
17680;173;199;130;land;false;hills;1
17681;243;175;253;land;false;plains;1
17682;237;42;227;land;false;plains;1
17683;170;206;150;land;false;mountain;1
17684;247;173;131;land;false;hills;1
17685;253;229;174;land;false;plains;1
17686;164;194;191;land;false;forest;1
17687;212;64;234;land;false;urban;1
17688;210;177;205;land;false;urban;1
17689;247;186;105;land;false;hills;1
17690;224;252;68;land;false;plains;1
17691;223;207;223;land;false;plains;1
17692;170;254;211;land;true;urban;1
17693;114;253;159;land;false;hills;1
17694;202;172;237;land;false;hills;1
17695;228;218;65;land;true;urban;1
17696;217;243;236;land;false;hills;1
17697;121;179;202;land;false;mountain;1
17698;173;195;191;land;false;plains;1
17699;221;176;182;land;false;plains;1
17700;252;217;40;land;false;forest;1
17701;221;190;194;land;false;plains;1
17702;173;208;202;land;false;urban;1
17703;193;148;165;land;false;hills;1
17704;135;250;184;land;false;plains;1
17705;83;212;235;land;false;plains;1
17706;242;225;160;land;false;plains;1
17707;187;173;236;land;false;hills;1
17708;191;220;129;land;false;hills;1
17709;251;250;227;land;false;plains;1
17710;129;202;199;land;false;plains;1
17711;143;243;168;land;false;plains;1
17712;188;223;126;land;false;plains;1
17713;242;107;194;land;false;plains;1
17714;109;205;247;land;false;plains;1
17715;127;250;198;land;false;forest;1
17716;189;230;251;land;false;hills;1
17717;236;221;101;land;false;hills;1
17718;208;164;217;land;false;plains;1
17719;201;97;218;land;false;plains;1
17720;203;210;186;land;false;hills;1
17721;247;57;244;land;false;hills;1
17722;148;223;186;land;false;hills;1
17723;110;226;244;land;false;hills;1
17724;176;209;209;land;false;hills;1
17725;204;188;154;land;false;plains;1
17726;125;252;252;land;false;hills;1
17727;214;194;193;land;false;hills;1
17728;160;214;147;land;false;plains;1
17729;162;179;210;land;false;plains;1
17730;195;128;237;land;false;plains;1
17731;206;202;99;land;false;plains;1
17732;164;230;224;land;false;plains;1
17733;239;205;203;land;false;plains;1
17734;126;214;253;land;false;mountain;1
17735;133;250;204;land;false;plains;1
17736;242;243;124;land;true;urban;1
17737;210;209;244;land;false;hills;1
17738;198;248;76;land;false;urban;1
17739;201;253;94;land;true;hills;1
17740;151;253;245;land;true;plains;1
17741;163;200;222;land;false;hills;1
17742;251;249;112;land;false;plains;1
17743;171;219;181;land;false;plains;1
17744;159;203;227;land;false;forest;1
17745;176;222;190;land;false;plains;1
17746;161;223;238;land;false;plains;1
17747;105;232;208;land;false;mountain;1
17748;231;150;133;land;false;plains;1
17749;154;248;245;land;false;plains;1
17750;251;250;8;land;false;hills;1
17751;197;231;188;land;false;hills;1
17752;193;142;253;land;false;plains;1
17753;221;159;160;land;false;forest;1
17754;95;211;207;land;true;plains;1
17755;208;192;110;land;false;hills;1
17756;237;74;194;land;false;forest;1
17757;247;225;39;land;false;hills;1
17758;243;178;94;land;false;plains;1
17759;172;188;203;land;true;urban;1
17760;200;217;197;land;true;plains;1
17761;237;151;176;land;false;hills;1
17762;240;231;150;land;false;plains;1
17763;229;247;39;land;false;plains;1
17764;235;147;157;land;false;mountain;1
17765;192;219;219;land;false;hills;1
17766;219;175;180;land;true;plains;1
17767;148;233;180;land;false;hills;1
17768;189;239;148;land;false;hills;1
17769;249;217;165;land;false;hills;1
17770;243;174;181;land;false;plains;1
17771;224;244;80;land;false;plains;1
17772;111;220;206;land;true;plains;1
17773;167;172;194;land;true;plains;1
17774;226;171;202;land;false;mountain;1
17775;163;192;209;land;false;hills;1
17776;187;187;208;land;false;hills;1
17777;244;184;199;land;false;hills;1
17778;240;240;173;land;false;hills;1
17779;239;102;219;land;false;plains;1
17780;149;248;149;land;false;plains;1
17781;233;245;251;land;false;hills;1
17782;252;247;172;land;false;hills;1
17783;103;249;197;land;false;plains;1
17784;238;118;229;land;false;plains;1
17785;203;222;232;land;false;hills;1
17786;174;231;241;land;true;plains;1
17787;237;91;214;land;true;urban;1
17788;102;239;196;land;false;mountain;1
17789;183;250;210;land;false;hills;1
17790;191;207;184;land;false;hills;1
17791;228;213;180;land;false;plains;1
17792;166;108;229;land;false;plains;1
17793;244;240;80;land;false;hills;1
17794;156;180;179;land;false;mountain;1
17795;249;235;190;land;false;plains;1
17796;170;136;229;land;false;plains;1
17797;92;252;159;land;false;hills;1
17798;169;250;205;land;false;plains;1
17799;88;246;186;land;false;mountain;1
17800;148;236;204;land;false;hills;1
17801;108;250;221;land;false;hills;1
17802;182;129;244;land;false;plains;1
17803;202;81;228;land;false;mountain;1
17804;210;54;252;land;false;hills;1
17805;249;172;218;land;false;hills;1
17806;186;236;116;land;false;plains;1
17807;178;191;162;land;false;mountain;1
17808;240;166;213;land;false;hills;1
17809;94;233;213;land;false;hills;1
17810;231;250;63;land;false;mountain;1
17811;234;227;116;land;false;mountain;1
17812;204;233;224;land;false;hills;1
17813;105;161;245;land;true;plains;1
17814;131;253;148;land;false;hills;1
17815;190;245;89;land;false;plains;1
17816;234;181;201;land;false;hills;1
17817;125;253;150;land;false;mountain;1
17818;168;168;230;land;false;mountain;1
17819;167;118;223;land;false;plains;1
17820;168;231;166;land;false;urban;1
17821;200;135;174;land;false;mountain;1
17822;244;154;231;land;false;mountain;1
17823;108;247;188;land;false;hills;1
17824;224;194;185;land;false;hills;1
17825;197;254;89;land;false;hills;1
17826;178;223;188;land;false;plains;1
17827;211;252;102;land;false;urban;1
17828;221;241;191;land;true;plains;1
17829;43;244;248;land;false;hills;1
17830;223;142;232;land;false;hills;1
17831;137;145;252;land;false;hills;1
17832;225;94;184;land;false;plains;1
17833;155;198;239;land;false;mountain;1
17834;243;184;145;land;false;mountain;1
17835;253;193;253;land;false;hills;1
17836;120;228;231;land;false;hills;1
17837;224;186;191;land;false;hills;1
17838;162;238;211;land;false;mountain;1
17839;234;219;114;land;false;hills;1
17840;243;173;147;land;false;hills;1
17841;53;230;251;land;false;mountain;1
17842;233;91;200;land;false;hills;1
17843;207;190;206;land;false;hills;1
17844;96;206;220;land;false;hills;1
17845;243;209;195;land;true;urban;1
17846;136;206;170;land;false;mountain;1
17847;253;88;237;land;false;hills;1
17848;229;181;204;land;false;hills;1
17849;130;213;252;land;false;hills;1
17850;122;231;249;land;false;mountain;1
17851;132;121;248;land;false;hills;1
17852;218;177;175;land;false;hills;1
17853;164;123;251;land;false;hills;1
17854;178;218;173;land;false;hills;1
17855;181;120;217;land;false;hills;1
17856;163;252;122;land;false;hills;1
17857;200;138;249;land;false;mountain;1
17858;135;181;250;land;false;mountain;1
17859;217;145;202;land;false;hills;1
17860;184;168;198;land;false;plains;1
17861;207;154;162;land;false;hills;1
17862;122;225;185;land;false;mountain;1
17863;228;168;230;land;false;hills;1
17864;223;199;132;land;false;hills;1
17865;218;228;181;land;true;plains;1
17866;214;188;183;land;true;plains;1
17867;240;165;249;land;true;mountain;1
17868;241;80;195;land;false;mountain;1
17869;120;239;150;land;false;hills;1
17870;196;208;196;land;false;hills;1
17871;237;183;254;land;true;plains;1
17872;96;211;201;land;false;mountain;1
17873;241;248;96;land;false;mountain;1
17874;242;226;219;land;false;hills;1
17875;249;106;195;land;false;hills;1
17876;234;197;204;land;false;hills;1
17877;112;202;196;land;false;mountain;1
17878;231;234;45;land;false;mountain;1
17879;99;243;227;land;false;mountain;1
17880;190;82;254;land;false;mountain;1
17881;191;236;174;land;false;mountain;1
17882;226;167;130;land;false;mountain;1
17883;185;202;131;land;false;hills;1
17884;246;158;134;land;true;plains;1
17885;134;199;173;land;false;hills;1
17886;236;170;220;land;false;hills;1
17887;179;202;132;land;false;hills;1
17888;250;17;252;land;false;mountain;1
17889;253;219;240;land;false;mountain;1
17890;163;146;217;land;false;mountain;1
17891;158;252;213;land;false;hills;1
17892;250;175;90;land;false;hills;1
17893;141;229;163;land;false;mountain;1
17894;165;162;220;land;false;hills;1
17895;151;158;250;land;false;hills;1
17896;226;217;180;land;false;mountain;1
17897;251;123;240;land;false;hills;1
17898;137;234;206;land;true;urban;1
17899;137;193;245;land;false;hills;1
17900;102;163;254;land;false;mountain;1
17901;254;68;242;land;false;mountain;1
17902;233;214;171;land;false;mountain;1
17903;223;105;229;land;true;urban;1
17904;180;122;222;land;false;mountain;1
17905;111;152;242;land;false;mountain;1
17906;228;231;82;land;false;mountain;1
17907;236;176;228;land;false;mountain;1
17908;211;141;157;land;false;mountain;1
17909;183;202;123;land;false;hills;1
17910;36;226;245;land;false;hills;1
17911;191;153;167;land;false;mountain;1
17912;228;201;220;land;false;hills;1
17913;228;166;205;land;false;mountain;1
17914;221;158;161;land;false;mountain;1
17915;111;228;162;land;false;mountain;1
17916;159;239;187;land;false;mountain;1
17917;208;223;212;land;false;mountain;1
17918;164;230;225;land;false;mountain;1
17919;242;41;222;land;false;mountain;1
17920;190;220;246;land;false;hills;1
17921;179;241;81;land;false;hills;1
17922;211;160;203;land;false;mountain;1
17923;194;232;249;land;false;mountain;1
17924;221;171;182;land;false;mountain;1
17925;195;72;251;land;false;hills;1
17926;193;94;230;land;false;hills;1
17927;253;76;195;land;false;mountain;1
17928;206;123;199;land;false;mountain;1
17929;198;97;237;land;true;hills;1
17930;253;250;201;land;false;mountain;1
17931;233;134;145;land;false;mountain;1
17932;244;69;189;land;false;mountain;1
17933;157;254;214;land;false;mountain;1
17934;155;166;250;land;false;mountain;1
17935;236;134;152;land;false;hills;1
17936;202;239;89;land;false;plains;1
17937;83;211;254;land;true;urban;1
17938;201;218;99;land;false;mountain;1
17939;231;156;122;land;true;hills;1
17940;201;125;240;land;false;hills;1
17941;210;100;215;land;false;mountain;1
17942;217;215;129;land;false;mountain;1
17943;254;247;19;land;false;mountain;1
17944;212;235;188;land;false;hills;1
17945;113;174;215;land;false;mountain;1
17946;215;198;154;land;false;hills;1
17947;189;248;210;land;false;mountain;1
17948;238;239;218;land;false;mountain;1
17949;135;182;192;land;false;mountain;1
17950;144;248;207;land;false;mountain;1
17951;254;193;228;land;false;hills;1
17952;253;61;227;land;false;mountain;1
17953;247;244;186;land;false;mountain;1
17954;249;253;215;land;true;hills;1
17955;138;222;241;land;false;mountain;1
17956;197;215;192;land;false;mountain;1
17957;143;195;248;land;false;urban;1
17958;252;181;98;land;false;mountain;1
17959;240;245;87;land;false;mountain;1
17960;191;218;245;land;false;hills;1
17961;109;194;220;land;false;mountain;1
17962;179;193;146;land;false;mountain;1
17963;184;208;223;land;false;mountain;1
17964;223;235;74;land;false;hills;1
17965;227;235;119;land;false;mountain;1
17966;226;183;190;land;false;mountain;1
17967;138;140;243;land;false;mountain;1
17968;197;249;77;land;false;mountain;1
17969;202;77;252;land;true;hills;1
17970;56;238;217;land;false;mountain;1
17971;247;137;179;land;false;plains;1
17972;204;74;246;land;false;hills;1
17973;227;246;48;land;false;mountain;1
17974;157;162;209;land;false;mountain;1
17975;154;194;247;land;false;mountain;1
17976;235;69;205;land;false;hills;1
17977;52;254;199;land;true;forest;1
17978;155;175;204;land;false;mountain;1
17979;237;248;183;land;false;mountain;1
17980;242;227;162;land;false;mountain;1
17981;246;180;238;land;false;mountain;1
17982;134;202;252;land;false;mountain;1
17983;177;221;109;land;false;mountain;1
17984;117;213;183;land;false;hills;1
17985;172;124;235;land;false;mountain;1
17986;236;241;33;land;false;mountain;1
17987;222;187;233;land;false;mountain;1
17988;199;124;197;land;false;mountain;1
17989;208;117;181;land;false;urban;1
17990;118;192;227;land;false;mountain;1
17991;209;220;202;land;false;hills;1
17992;246;163;238;land;false;urban;1
17993;191;242;219;land;false;urban;1
17994;188;232;127;land;true;plains;1
17995;156;139;233;land;false;hills;1
17996;145;191;203;land;false;hills;1
17997;188;171;248;land;false;mountain;1
17998;232;236;169;land;false;mountain;1
17999;195;224;121;land;false;hills;1
18000;158;126;244;land;false;mountain;1
18001;202;240;250;land;false;mountain;1
18002;181;143;180;land;false;mountain;1
18003;226;164;204;land;false;hills;1
18004;229;173;138;land;true;hills;1
18005;251;152;228;land;false;mountain;1
18006;182;127;202;land;false;urban;1
18007;167;228;178;land;false;mountain;1
18008;186;173;225;land;false;mountain;1
18009;100;179;231;land;false;mountain;1
18010;196;82;226;land;false;mountain;1
18011;246;229;69;land;false;mountain;1
18012;159;193;213;land;false;mountain;1
18013;123;249;233;land;false;mountain;1
18014;161;252;108;land;false;hills;1
18015;234;212;193;land;true;plains;1
18016;175;203;138;land;true;plains;1
18017;166;190;168;land;false;mountain;1
18018;160;251;172;land;false;urban;1
18019;198;164;224;land;false;mountain;1
18020;249;253;55;land;false;mountain;1
18021;209;249;122;land;false;hills;1
18022;254;174;237;land;false;hills;1
18023;247;203;180;land;false;hills;1
18024;230;120;189;land;false;mountain;1
18025;186;118;226;land;false;mountain;1
18026;236;172;142;land;false;urban;1
18027;172;225;118;land;false;hills;1
18028;153;178;239;land;false;mountain;1
18029;224;183;222;land;false;mountain;1
18030;163;209;130;land;false;mountain;1
18031;130;202;175;land;false;mountain;1
18032;191;214;235;land;false;mountain;1
18033;203;140;169;land;false;mountain;1
18034;225;75;220;land;false;mountain;1
18035;83;243;223;land;false;mountain;1
18036;176;194;188;land;false;hills;1
18037;146;210;252;land;false;mountain;1
18038;227;223;186;land;false;hills;1
18039;216;211;115;land;false;urban;1
18040;206;187;122;land;true;forest;1
18041;162;212;191;land;false;hills;1
18042;140;148;248;land;false;hills;1
18043;178;217;141;land;false;hills;1
18044;224;231;79;land;false;mountain;1
18045;221;139;249;land;false;mountain;1
18046;191;230;164;land;false;mountain;1
18047;135;175;194;land;true;plains;1
18048;84;228;247;land;false;mountain;1
18049;247;186;100;land;false;mountain;1
18050;187;231;235;land;false;mountain;1
18051;137;168;208;land;false;urban;1
18052;244;95;183;land;false;hills;1
18053;233;182;234;land;false;mountain;1
18054;207;145;185;land;false;mountain;1
18055;148;240;218;land;false;mountain;1
18056;212;130;164;land;false;hills;1
18057;80;209;242;land;false;mountain;1
18058;186;201;141;land;false;mountain;1
18059;126;175;247;land;false;plains;1
18060;203;228;110;land;false;mountain;1
18061;212;223;227;land;false;mountain;1
18062;215;160;191;land;false;hills;1
18063;198;156;188;land;false;hills;1
18064;114;186;241;land;false;urban;1
18065;89;230;254;land;false;mountain;1
18066;214;72;248;land;false;mountain;1
18067;215;112;238;land;false;hills;1
18068;241;192;250;land;true;hills;1
18069;231;149;247;land;false;mountain;1
18070;150;242;233;land;false;hills;1
18071;236;248;110;land;false;hills;1
18072;234;123;182;land;false;mountain;1
18073;75;242;210;land;false;mountain;1
18074;110;180;222;land;false;hills;1
18075;210;170;155;land;false;mountain;1
18076;220;159;145;land;true;plains;1
18077;204;245;111;land;false;hills;1
18078;240;147;177;land;false;mountain;1
18079;205;116;186;land;false;mountain;1
18080;127;139;247;land;false;hills;1
18081;233;249;140;land;false;mountain;1
18082;203;233;179;land;false;hills;1
18083;209;190;216;land;false;mountain;1
18084;152;194;171;land;false;hills;1
18085;137;207;249;land;false;mountain;1
18086;146;163;193;land;false;mountain;1
18087;162;208;178;land;false;mountain;1
18088;236;49;240;land;false;mountain;1
18089;228;214;74;land;false;mountain;1
18090;105;248;218;land;false;hills;1
18091;115;166;231;land;true;plains;1
18092;241;162;106;land;false;hills;1
18093;216;244;125;land;false;mountain;1
18094;193;193;152;land;false;mountain;1
18095;231;114;168;land;false;mountain;1
18096;207;153;169;land;false;mountain;1
18097;232;165;253;land;false;mountain;1
18098;253;231;61;land;false;mountain;1
18099;226;161;184;land;false;mountain;1
18100;254;191;220;land;false;mountain;1
18101;216;251;187;land;false;mountain;1
18102;179;254;185;land;false;plains;1
18103;185;201;143;land;false;mountain;1
18104;174;178;232;land;false;mountain;1
18105;163;204;208;land;false;mountain;1
18106;246;83;214;land;false;mountain;1
18107;249;170;145;land;false;plains;1
18108;175;187;237;land;false;mountain;1
18109;151;211;213;land;false;hills;1
18110;172;156;248;land;false;hills;1
18111;248;190;106;land;false;plains;1
18112;241;239;92;land;false;mountain;1
18113;187;106;247;land;false;hills;1
18114;183;233;236;land;false;mountain;1
18115;66;247;228;land;false;hills;1
18116;236;38;254;land;false;hills;1
18117;153;157;248;land;false;mountain;1
18118;144;234;181;land;false;hills;1
18119;206;194;125;land;false;hills;1
18120;118;184;252;land;false;mountain;1
18121;245;224;39;land;false;hills;1
18122;184;214;182;land;false;hills;1
18123;219;234;228;land;false;mountain;1
18124;194;219;151;land;false;mountain;1
18125;130;244;231;land;false;mountain;1
18126;234;216;131;land;false;mountain;1
18127;254;208;180;land;false;mountain;1
18128;243;95;210;land;false;hills;1
18129;80;245;183;land;false;hills;1
18130;159;209;244;land;false;mountain;1
18131;215;92;211;land;false;plains;1
18132;191;175;225;land;false;mountain;1
18133;190;143;204;land;false;hills;1
18134;196;200;183;land;false;hills;1
18135;245;121;221;land;false;hills;1
18136;150;198;180;land;false;mountain;1
18137;227;158;192;land;true;plains;1
18138;160;216;189;land;false;mountain;1
18139;213;187;215;land;false;mountain;1
18140;224;193;218;land;false;hills;1
18141;229;237;89;land;false;mountain;1
18142;186;168;241;land;false;mountain;1
18143;162;196;199;land;false;mountain;1
18144;220;250;37;land;false;mountain;1
18145;163;176;185;land;false;hills;1
18146;101;249;183;land;false;mountain;1
18147;229;156;199;land;false;plains;1
18148;153;143;230;land;false;mountain;1
18149;217;253;136;land;false;mountain;1
18150;198;237;250;land;false;mountain;1
18151;186;194;213;land;false;mountain;1
18152;252;254;122;land;false;hills;1
18153;199;233;250;land;false;mountain;1
18154;129;178;238;land;false;plains;1
18155;246;240;60;land;false;mountain;1
18156;100;235;189;land;true;plains;1
18157;228;174;254;land;false;mountain;1
18158;221;214;202;land;false;hills;1
18159;227;121;193;land;false;mountain;1
18160;144;156;217;land;false;hills;1
18161;50;233;218;land;false;mountain;1
18162;148;238;208;land;false;hills;1
18163;137;253;204;land;false;mountain;1
18164;180;216;148;land;false;mountain;1
18165;130;196;208;land;false;mountain;1
18166;190;189;224;land;false;mountain;1
18167;205;252;120;land;false;urban;1
18168;61;249;197;land;false;mountain;1
18169;217;240;191;land;false;mountain;1
18170;221;236;248;land;false;mountain;1
18171;149;200;230;land;false;mountain;1
18172;131;182;250;land;false;mountain;1
18173;222;251;128;land;false;mountain;1
18174;192;144;221;land;false;hills;1
18175;194;210;254;land;true;hills;1
18176;232;245;94;land;false;mountain;1
18177;73;181;251;land;false;mountain;1
18178;221;234;178;land;false;mountain;1
18179;208;199;143;land;true;hills;1
18180;90;172;252;land;false;plains;1
18181;227;224;230;land;false;hills;1
18182;136;217;245;land;false;hills;1
18183;244;64;246;land;false;plains;1
18184;216;185;245;land;true;urban;1
18185;101;228;253;land;false;mountain;1
18186;152;245;146;land;false;plains;1
18187;248;253;141;land;false;mountain;1
18188;203;112;249;land;false;mountain;1
18189;213;215;82;land;true;plains;1
18190;164;214;179;land;false;mountain;1
18191;228;205;223;land;false;mountain;1
18192;213;230;176;land;false;hills;1
18193;164;129;229;land;false;hills;1
18194;236;238;57;land;false;plains;1
18195;144;187;220;land;false;mountain;1
18196;249;94;183;land;false;hills;1
18197;228;111;202;land;false;mountain;1
18198;132;176;221;land;false;hills;1
18199;93;239;174;land;false;mountain;1
18200;254;159;253;land;false;plains;1
18201;149;210;212;land;false;hills;1
18202;217;224;195;land;true;plains;1
18203;201;188;211;land;false;hills;1
18204;217;183;237;land;false;hills;1
18205;229;99;200;land;false;hills;1
18206;160;132;218;land;false;hills;1
18207;106;165;240;land;false;mountain;1
18208;248;171;120;land;false;mountain;1
18209;227;224;175;land;false;hills;1
18210;143;157;211;land;false;hills;1
18211;134;241;170;land;false;mountain;1
18212;144;202;252;land;false;hills;1
18213;240;214;96;land;false;mountain;1
18214;220;169;247;land;false;hills;1
18215;244;227;47;land;true;plains;1
18216;195;230;125;land;false;forest;1
18217;228;178;129;land;true;plains;1
18218;251;107;215;land;false;hills;1
18219;133;245;252;land;false;hills;1
18220;212;232;119;land;false;plains;1
18221;117;204;202;land;true;plains;1
18222;193;253;231;land;false;hills;1
18223;131;138;233;land;false;hills;1
18224;190;213;105;land;false;mountain;1
18225;253;48;237;land;false;plains;1
18226;163;162;201;land;false;hills;1
18227;242;163;191;land;false;hills;1
18228;214;204;108;land;false;hills;1
18229;59;220;222;land;false;hills;1
18230;241;206;119;land;false;forest;1
18231;218;171;186;land;false;mountain;1
18232;131;151;229;land;false;plains;1
18233;170;243;110;land;false;mountain;1
18234;157;239;229;land;false;hills;1
18235;191;176;158;land;false;urban;1
18236;241;211;151;land;false;urban;1
18237;71;212;233;land;false;hills;1
18238;230;119;232;land;false;hills;1
18239;238;51;230;land;false;hills;1
18240;193;169;194;land;false;hills;1
18241;81;234;200;land;false;mountain;1
18242;221;181;226;land;false;mountain;1
18243;187;214;184;land;false;mountain;1
18244;129;182;211;land;false;hills;1
18245;219;170;131;land;false;plains;1
18246;214;124;188;land;false;hills;1
18247;131;171;225;land;false;mountain;1
18248;194;253;171;land;false;mountain;1
18249;202;149;209;land;false;hills;1
18250;133;243;241;land;true;plains;1
18251;251;218;140;land;false;hills;1
18252;238;112;208;land;false;mountain;1
18253;160;188;230;land;false;hills;1
18254;172;226;252;land;false;mountain;1
18255;141;197;194;land;false;hills;1
18256;249;157;134;land;false;plains;1
18257;169;119;244;land;true;hills;1
18258;149;210;190;land;true;urban;1
18259;235;196;97;land;false;mountain;1
18260;199;251;227;land;false;hills;1
18261;168;253;129;land;false;hills;1
18262;232;178;133;land;false;urban;1
18263;89;248;179;land;false;mountain;1
18264;118;193;246;land;true;urban;1
18265;193;248;145;land;false;hills;1
18266;168;174;187;land;false;hills;1
18267;250;155;238;land;false;hills;1
18268;252;76;189;land;true;plains;1
18269;252;92;179;land;false;hills;1
18270;181;174;211;land;false;mountain;1
18271;127;196;187;land;false;hills;1
18272;180;207;212;land;false;mountain;1
18273;220;226;253;land;false;plains;1
18274;210;220;88;land;false;hills;1
18275;193;182;193;land;false;mountain;1
18276;250;224;211;land;true;hills;1
18277;127;158;221;land;true;urban;1
18278;97;223;229;land;false;plains;1
18279;241;192;220;land;false;plains;1
18280;79;251;186;land;true;urban;1
18281;163;254;251;land;false;hills;1
18282;247;202;92;land;false;urban;1
18283;253;8;250;land;true;hills;1
18284;96;254;243;land;false;plains;1
18285;226;200;142;land;false;hills;1
18286;190;234;201;land;false;plains;1
18287;162;218;125;land;false;plains;1
18288;226;141;204;land;false;hills;1
18289;241;146;121;land;true;plains;1
18290;241;160;142;land;false;plains;1
18291;149;208;181;land;false;hills;1
18292;187;188;151;land;false;hills;1
18293;46;253;253;land;false;mountain;1
18294;235;96;251;land;false;forest;1
18295;230;168;218;land;false;urban;1
18296;153;160;231;land;false;mountain;1
18297;156;235;242;land;false;forest;1
18298;176;157;202;land;true;hills;1
18299;219;205;135;land;true;hills;1
18300;167;204;228;land;false;plains;1
18301;161;190;171;land;true;plains;1
18302;218;195;205;land;false;hills;1
18303;192;176;169;land;false;mountain;1
18304;206;187;244;land;false;hills;1
18305;250;120;230;land;false;hills;1
18306;122;184;234;land;false;urban;1
18307;199;247;130;land;false;hills;1
18308;133;250;164;land;true;hills;1
18309;175;188;239;land;false;hills;1
18310;187;170;183;land;false;plains;1
18311;196;210;188;land;false;plains;1
18312;151;228;199;land;false;hills;1
18313;202;190;244;land;true;hills;1
18314;235;131;174;land;false;hills;1
18315;127;172;208;land;false;hills;1
18316;164;149;203;land;false;plains;1
18317;195;126;188;land;false;hills;1
18318;221;181;152;land;false;plains;1
18319;250;154;244;land;true;urban;1
18320;221;185;151;land;true;plains;1
18321;253;134;187;land;true;plains;1
18322;139;250;197;land;false;hills;1
18323;182;207;228;land;false;hills;1
18324;228;143;176;land;false;hills;1
18325;170;238;241;land;false;hills;1
18326;233;201;213;land;false;urban;1
18327;203;114;241;land;false;hills;1
18328;180;123;203;land;false;hills;1
18329;219;226;163;land;false;mountain;1
18330;175;252;81;land;false;hills;1
18331;212;138;193;land;true;hills;1
18332;163;199;189;land;false;hills;1
18333;202;220;202;land;true;urban;1
18334;163;247;215;land;false;plains;1
18335;242;162;195;land;false;hills;1
18336;198;196;226;land;false;hills;1
18337;233;169;198;land;false;hills;1
18338;248;245;138;land;false;forest;1
18339;200;226;207;land;true;plains;1
18340;223;124;222;land;true;hills;1
18341;192;213;110;land;false;hills;1
18342;219;91;214;land;false;hills;1
18343;173;231;128;land;false;hills;1
18344;234;196;135;land;false;hills;1
18345;238;141;160;land;false;hills;1
18346;199;229;100;land;true;plains;1
18347;237;186;120;land;false;plains;1
18348;249;66;201;land;false;hills;1
18349;206;254;183;land;true;urban;1
18350;158;250;194;land;true;hills;1
18351;242;171;116;land;false;plains;1
18352;151;231;211;land;false;hills;1
18353;233;129;197;land;false;plains;1
18354;124;223;248;land;false;urban;1
18355;195;170;233;land;true;plains;1
18356;210;102;191;land;false;hills;1
18357;164;217;154;land;false;hills;1
18358;254;59;254;land;false;hills;1
18359;93;250;180;land;false;hills;1
18360;225;196;218;land;false;urban;1
18361;128;191;248;land;false;hills;1
18362;119;231;240;land;false;plains;1
18363;232;97;203;land;false;hills;1
18364;88;184;242;land;true;plains;1
18365;195;248;219;land;false;hills;1
18366;248;117;246;land;false;hills;1
18367;249;119;216;land;false;hills;1
18368;154;247;140;land;false;urban;1
18369;158;172;219;land;true;urban;1
18370;243;228;174;land;false;hills;1
18371;118;192;233;land;false;hills;1
18372;191;188;165;land;false;hills;1
18373;193;156;178;land;false;hills;1
18374;224;127;178;land;false;hills;1
18375;246;97;233;land;false;plains;1
18376;223;253;67;land;false;hills;1
18377;88;200;223;land;false;hills;1
18378;67;239;208;land;true;urban;1
18379;244;121;177;land;false;plains;1
18380;245;209;169;land;false;hills;1
18381;235;211;163;land;false;urban;1
18382;208;168;195;land;true;urban;1
18383;245;172;188;land;true;plains;1
18384;127;237;172;land;false;hills;1
18385;141;236;254;land;false;mountain;1
18386;222;224;142;land;false;urban;1
18387;96;229;178;land;false;hills;1
18388;224;227;213;land;true;urban;1
18389;209;118;195;land;true;plains;1
18390;195;252;188;land;true;plains;1
18391;253;223;108;land;false;hills;1
18392;197;236;215;land;false;plains;1
18393;225;219;231;land;false;urban;1
18394;248;179;76;land;false;mountain;1
18395;223;225;144;land;false;hills;1
18396;55;205;254;land;true;urban;1
18397;210;163;188;land;false;plains;1
18398;240;164;227;land;true;plains;1
18399;200;162;240;land;false;urban;1
18400;228;226;68;land;true;plains;1
18401;204;244;86;land;false;hills;1
18402;197;122;183;land;true;urban;1
18403;194;191;241;land;true;urban;1
18404;191;238;141;land;false;hills;1
18405;220;210;96;land;false;hills;1
18406;253;254;53;land;false;hills;1
18407;215;135;186;land;false;plains;1
18408;152;193;203;land;false;plains;1
18409;205;189;224;land;true;plains;1
18410;224;241;240;land;false;hills;1
18411;46;239;217;land;true;plains;1
18412;99;238;186;land;false;plains;1
18413;181;252;99;land;true;plains;1
18414;251;135;213;land;false;hills;1
18415;148;135;239;land;false;plains;1
18416;124;188;196;land;false;hills;1
18417;162;223;248;land;false;hills;1
18418;224;190;100;land;false;hills;1
18419;253;238;19;land;false;hills;1
18420;250;214;143;land;false;hills;1
18421;192;214;134;land;false;hills;1
18422;204;201;172;land;false;plains;1
18423;191;170;183;land;false;hills;1
18424;202;243;98;land;false;hills;1
18425;151;249;253;land;true;plains;1
18426;213;165;133;land;false;hills;1
18427;193;225;227;land;false;hills;1
18428;216;140;199;land;false;hills;1
18429;177;206;199;land;false;hills;1
18430;168;249;147;land;false;hills;1
18431;152;185;176;land;false;hills;1
18432;206;161;152;land;false;hills;1
18433;252;199;134;land;false;hills;1
18434;129;193;198;land;true;forest;1
18435;236;204;133;land;true;forest;1
18436;221;202;112;land;true;plains;1
18437;224;185;154;land;true;plains;1
18438;245;233;193;land;true;plains;1
18439;161;239;234;land;true;plains;1
18440;146;248;189;land;true;plains;1
18441;228;124;244;land;true;plains;1
18442;168;235;154;land;true;plains;1
18443;123;157;223;land;true;plains;1
18444;174;204;222;land;true;plains;1
18445;213;235;102;land;true;plains;1
18446;225;119;174;land;true;forest;1
18447;1;63;6;sea;false;ocean;0
18448;3;17;27;sea;false;ocean;0
18449;6;40;33;sea;false;ocean;0
18450;35;16;35;sea;false;ocean;0
18451;5;37;4;sea;false;ocean;0
18452;55;2;1;sea;false;ocean;0
18453;33;16;37;sea;false;ocean;0
18454;76;9;12;sea;false;ocean;0
18455;33;34;14;sea;false;ocean;0
18456;20;56;18;sea;false;ocean;0
18457;26;5;33;sea;false;ocean;0
18458;18;9;39;sea;true;ocean;0
18459;49;43;5;sea;false;ocean;0
18460;32;29;4;sea;false;ocean;0
18461;5;14;37;sea;false;ocean;0
18462;25;26;13;sea;false;ocean;0
18463;13;13;30;sea;false;ocean;0
18464;3;42;8;sea;false;ocean;0
18465;26;3;5;sea;false;ocean;0
18466;2;9;71;sea;false;ocean;0
18467;5;29;57;sea;false;ocean;0
18468;12;17;57;sea;false;ocean;0
18469;58;22;16;sea;false;ocean;0
18470;33;23;24;sea;false;ocean;0
18471;20;13;23;sea;false;ocean;0
18472;43;9;12;sea;false;ocean;0
18473;33;36;7;sea;false;ocean;0
18474;9;2;35;sea;false;ocean;0
18475;1;77;11;sea;false;ocean;0
18476;90;2;7;sea;false;ocean;0
18477;28;2;8;sea;false;ocean;0
18478;78;6;15;sea;false;ocean;0
18479;8;0;67;sea;false;ocean;0
18480;4;35;7;sea;false;ocean;0
18481;16;42;15;sea;false;ocean;0
18482;24;33;18;sea;false;ocean;0
18483;32;13;25;sea;false;ocean;0
18484;54;29;1;sea;false;ocean;0
18485;9;10;9;sea;false;ocean;0
18486;26;12;47;sea;false;ocean;0
18487;0;13;41;sea;false;ocean;0
18488;17;4;10;sea;false;ocean;0
18489;23;40;15;sea;false;ocean;0
18490;21;19;14;sea;false;ocean;0
18491;45;18;25;sea;false;ocean;0
18492;16;33;29;sea;false;ocean;0
18493;18;40;25;sea;false;ocean;0
18494;28;19;14;sea;false;ocean;0
18495;22;17;3;sea;false;ocean;0
18496;7;32;16;sea;false;ocean;0
18497;15;44;23;sea;false;ocean;0
18498;70;5;20;sea;false;ocean;0
18499;19;15;17;sea;false;ocean;0
18500;26;11;0;sea;false;ocean;0
18501;44;10;20;sea;false;ocean;0
18502;48;5;32;sea;false;ocean;0
18503;5;5;30;sea;false;ocean;0
18504;68;9;2;sea;false;ocean;0
18505;13;17;19;sea;false;ocean;0
18506;34;18;20;sea;false;ocean;0
18507;9;38;51;sea;false;ocean;0
18508;68;8;19;sea;false;ocean;0
18509;13;5;56;sea;false;ocean;0
18510;69;2;24;sea;false;ocean;0
18511;43;16;40;sea;false;ocean;0
18512;48;0;14;sea;false;ocean;0
18513;9;6;47;sea;false;ocean;0
18514;18;22;39;sea;false;ocean;0
18515;38;3;24;sea;false;ocean;0
18516;18;7;67;sea;false;ocean;0
18517;1;36;51;sea;false;ocean;0
18518;11;22;53;sea;false;ocean;0
18519;13;8;2;sea;false;ocean;0
18520;0;67;16;sea;false;ocean;0
18521;20;12;17;sea;false;ocean;0
18522;17;37;37;sea;false;ocean;0
18523;2;34;55;sea;false;ocean;0
18524;31;9;28;sea;false;ocean;0
18525;46;45;3;sea;false;ocean;0
18526;15;79;3;sea;false;ocean;0
18527;60;24;15;sea;false;ocean;0
18528;41;25;5;sea;false;ocean;0
18529;17;26;6;sea;false;ocean;0
18530;8;37;40;sea;false;ocean;0
18531;7;38;12;sea;false;ocean;0
18532;27;13;39;sea;false;ocean;0
18533;25;13;35;sea;false;ocean;0
18534;4;17;56;sea;false;ocean;0
18535;89;0;0;sea;false;ocean;0
18536;7;51;29;sea;false;ocean;0
18537;54;4;7;sea;false;ocean;0
18538;18;22;7;sea;false;ocean;0
18539;17;12;63;sea;false;ocean;0
18540;14;31;14;sea;false;ocean;0
18541;50;15;7;sea;false;ocean;0
18542;15;58;3;sea;false;ocean;0
18543;31;20;45;sea;false;ocean;0
18544;11;24;8;sea;false;ocean;0
18545;8;32;25;sea;false;ocean;0
18546;55;27;5;sea;false;ocean;0
18547;38;18;5;sea;false;ocean;0
18548;32;60;6;sea;false;ocean;0
18549;60;0;37;sea;false;ocean;0
18550;9;46;10;sea;false;ocean;0
18551;20;57;21;sea;false;ocean;0
18552;24;46;14;sea;false;ocean;0
18553;1;43;41;sea;false;ocean;0
18554;1;50;23;sea;false;ocean;0
18555;39;37;14;sea;false;ocean;0
18556;22;3;54;sea;false;ocean;0
18557;35;12;22;sea;false;ocean;0
18558;1;53;0;sea;false;ocean;0
18559;26;39;21;sea;false;ocean;0
18560;55;16;26;sea;false;ocean;0
18561;36;4;18;sea;false;ocean;0
18562;36;1;40;sea;false;ocean;0
18563;6;16;41;sea;false;ocean;0
18564;24;42;17;sea;false;ocean;0
18565;0;24;15;sea;false;ocean;0
18566;40;23;6;sea;false;ocean;0
18567;13;20;25;sea;false;ocean;0
18568;54;22;14;sea;false;ocean;0
18569;17;9;29;sea;false;ocean;0
18570;34;22;11;sea;false;ocean;0
18571;5;11;77;sea;false;ocean;0
18572;1;23;37;sea;false;ocean;0
18573;9;25;53;sea;false;ocean;0
18574;49;0;31;sea;false;ocean;0
18575;32;40;18;sea;false;ocean;0
18576;40;36;23;sea;false;ocean;0
18577;23;27;44;sea;false;ocean;0
18578;36;6;48;sea;false;ocean;0
18579;0;35;15;sea;false;ocean;0
18580;13;41;43;sea;false;ocean;0
18581;29;7;48;sea;false;ocean;0
18582;31;15;21;sea;false;ocean;0
18583;23;61;14;sea;false;ocean;0
18584;8;21;28;sea;false;ocean;0
18585;6;7;68;sea;false;ocean;0
18586;14;53;21;sea;false;ocean;0
18587;46;29;21;sea;false;ocean;0
18588;6;4;86;sea;false;ocean;0
18589;47;22;0;sea;false;ocean;0
18590;22;57;4;sea;false;ocean;0
18591;1;14;70;sea;false;ocean;0
18592;33;53;8;sea;false;ocean;0
18593;9;4;77;sea;false;ocean;0
18594;21;34;6;sea;false;ocean;0
18595;8;2;88;sea;false;ocean;0
18596;9;5;68;sea;false;ocean;0
18597;7;2;6;sea;false;ocean;0
18598;48;10;3;sea;false;ocean;0
18599;11;7;42;sea;false;ocean;0
18600;73;13;8;sea;false;ocean;0
18601;30;45;1;sea;false;ocean;0
18602;29;20;36;sea;false;ocean;0
18603;72;13;10;sea;false;ocean;0
18604;20;1;27;sea;false;ocean;0
18605;27;26;37;sea;false;ocean;0
18606;19;9;57;sea;false;ocean;0
18607;0;53;22;sea;false;ocean;0
18608;11;19;19;sea;false;ocean;0
18609;22;55;2;sea;false;ocean;0
18610;0;0;37;sea;false;ocean;0
18611;50;20;13;sea;false;ocean;0
18612;26;67;5;sea;true;ocean;0
18613;29;13;10;sea;false;ocean;0
18614;7;3;54;sea;false;ocean;0
18615;74;6;10;sea;false;ocean;0
18616;8;39;48;sea;false;ocean;0
18617;35;12;48;sea;false;ocean;0
18618;13;32;11;sea;false;ocean;0
18619;6;12;11;sea;false;ocean;0
18620;17;9;68;sea;false;ocean;0
18621;27;10;44;sea;false;ocean;0
18622;21;50;4;sea;false;ocean;0
18623;7;33;58;sea;false;ocean;0
18624;10;32;1;sea;false;ocean;0
18625;33;31;3;sea;false;ocean;0
18626;5;56;37;sea;false;ocean;0
18627;37;7;5;sea;false;ocean;0
18628;16;31;52;sea;false;ocean;0
18629;19;12;55;sea;false;ocean;0
18630;4;29;10;sea;false;ocean;0
18631;56;10;12;sea;false;ocean;0
18632;17;23;32;sea;false;ocean;0
18633;23;55;9;sea;false;ocean;0
18634;37;20;2;sea;false;ocean;0
18635;44;28;4;sea;false;ocean;0
18636;7;10;33;sea;false;ocean;0
18637;2;43;10;sea;true;ocean;0
18638;33;66;0;sea;false;ocean;0
18639;2;35;10;sea;false;ocean;0
18640;16;41;33;sea;false;ocean;0
18641;24;3;24;sea;false;ocean;0
18642;29;26;32;sea;false;ocean;0
18643;17;39;19;sea;false;ocean;0
18644;46;9;13;sea;false;ocean;0
18645;41;36;5;sea;false;ocean;0
18646;11;58;21;sea;false;ocean;0
18647;30;4;64;sea;false;ocean;0
18648;2;75;11;sea;false;ocean;0
18649;24;44;8;sea;false;ocean;0
18650;65;16;9;sea;false;ocean;0
18651;18;5;50;sea;false;ocean;0
18652;39;12;34;sea;false;ocean;0
18653;18;26;39;sea;false;ocean;0
18654;40;4;12;sea;false;ocean;0
18655;4;58;36;sea;false;ocean;0
18656;12;22;31;sea;false;ocean;0
18657;61;11;1;sea;false;ocean;0
18658;43;20;15;sea;true;ocean;0
18659;68;11;5;sea;false;ocean;0
18660;7;81;1;sea;false;ocean;0
18661;40;10;38;sea;false;ocean;0
18662;9;70;20;sea;false;ocean;0
18663;17;5;52;sea;false;ocean;0
18664;1;67;28;sea;false;ocean;0
18665;14;74;10;sea;false;ocean;0
18666;10;41;16;sea;false;ocean;0
18667;3;13;79;sea;false;ocean;0
18668;18;49;27;sea;true;ocean;0
18669;26;46;24;sea;false;ocean;0
18670;4;18;54;sea;false;ocean;0
18671;29;14;8;sea;false;ocean;0
18672;50;6;1;sea;false;ocean;0
18673;29;22;13;sea;false;ocean;0
18674;27;7;19;sea;true;ocean;0
18675;24;12;41;sea;false;ocean;0
18676;12;32;41;sea;false;ocean;0
18677;22;7;12;sea;false;ocean;0
18678;8;19;48;sea;false;ocean;0
18679;7;47;18;sea;false;ocean;0
18680;32;43;22;sea;false;ocean;0
18681;80;0;15;sea;false;ocean;0
18682;81;7;4;sea;false;ocean;0
18683;12;5;26;sea;false;ocean;0
18684;55;11;4;sea;false;ocean;0
18685;30;28;21;sea;false;ocean;0
18686;14;31;32;sea;false;ocean;0
18687;12;29;36;sea;false;ocean;0
18688;12;4;61;sea;false;ocean;0
18689;27;38;22;sea;false;ocean;0
18690;26;23;34;sea;false;ocean;0
18691;32;9;25;sea;false;ocean;0
18692;60;17;7;sea;false;ocean;0
18693;45;21;10;sea;false;ocean;0
18694;56;41;2;sea;false;ocean;0
18695;46;8;30;sea;false;ocean;0
18696;6;21;22;sea;false;ocean;0
18697;3;4;76;sea;false;ocean;0
18698;54;17;25;sea;false;ocean;0
18699;4;39;11;sea;false;ocean;0
18700;45;3;16;sea;false;ocean;0
18701;12;0;9;sea;false;ocean;0
18702;11;2;36;sea;false;ocean;0
18703;16;56;20;sea;false;ocean;0
18704;8;55;17;sea;false;ocean;0
18705;67;11;2;sea;false;ocean;0
18706;2;5;19;sea;false;ocean;0
18707;12;70;10;sea;false;ocean;0
18708;5;12;17;sea;false;ocean;0
18709;15;34;16;sea;false;ocean;0
18710;15;4;9;sea;false;ocean;0
18711;9;42;44;sea;false;ocean;0
18712;25;19;32;sea;false;ocean;0
18713;41;33;16;sea;false;ocean;0
18714;28;37;27;sea;false;ocean;0
18715;13;58;23;sea;false;ocean;0
18716;31;32;20;sea;false;ocean;0
18717;0;54;35;sea;false;ocean;0
18718;17;16;20;sea;false;ocean;0
18719;2;28;53;sea;false;ocean;0
18720;8;50;12;sea;true;ocean;0
18721;53;1;6;sea;false;ocean;0
18722;14;5;14;sea;false;ocean;0
18723;8;32;47;sea;false;ocean;0
18724;40;30;29;sea;false;ocean;0
18725;4;6;47;sea;false;ocean;0
18726;60;1;15;sea;false;ocean;0
18727;62;14;8;sea;false;ocean;0
18728;40;22;15;sea;false;ocean;0
18729;41;53;1;sea;false;ocean;0
18730;27;4;57;sea;false;ocean;0
18731;14;25;33;lake;false;lakes;1
18732;9;38;39;lake;false;lakes;1
18733;8;11;78;lake;false;lakes;1
18734;13;49;36;lake;false;lakes;1
18735;0;86;6;lake;false;lakes;1
18736;29;18;12;lake;false;lakes;1
18737;56;13;25;lake;false;lakes;1
18738;6;18;23;lake;false;lakes;1
18739;21;12;28;lake;false;lakes;1
18740;16;43;22;lake;false;lakes;1
18741;60;12;25;lake;false;lakes;1
18742;19;37;12;lake;false;lakes;1
18743;33;26;14;lake;false;lakes;1
18744;14;25;20;lake;false;lakes;1
18745;17;1;76;lake;false;lakes;1
18746;45;7;38;lake;false;lakes;1
18747;14;23;53;lake;false;lakes;1
18748;10;7;64;lake;false;lakes;1
18749;19;41;32;lake;false;lakes;1
18750;4;38;16;lake;false;lakes;1
18751;25;5;59;lake;false;lakes;1
18752;19;26;38;lake;false;lakes;1
18753;20;16;6;lake;false;lakes;1
18754;22;17;37;land;false;mountain;1
18755;29;3;9;lake;false;lakes;1
18756;18;50;29;lake;false;lakes;1
18757;22;17;33;lake;false;lakes;1
18758;27;59;3;lake;false;lakes;1
18759;15;10;58;lake;false;lakes;1
18760;4;8;9;lake;false;lakes;1
18761;21;24;23;lake;false;lakes;1
18762;18;46;31;lake;false;lakes;1
18763;62;14;6;lake;false;lakes;1
18764;3;13;30;lake;false;lakes;1
18765;37;1;12;lake;false;lakes;1
18766;16;28;34;lake;false;lakes;1
18767;209;203;125;land;true;plains;1
18768;195;134;102;land;true;hills;1
18769;203;70;80;land;true;plains;1
18770;225;169;14;land;true;hills;1
18771;227;191;170;land;true;plains;1
18772;232;248;93;land;true;mountain;1
18773;154;190;92;land;true;plains;1
18774;215;195;116;land;true;plains;1
18775;10;214;123;land;true;plains;1
18776;15;206;45;land;true;plains;1
18777;66;4;22;sea;true;ocean;0
18778;39;8;52;sea;true;ocean;0
18779;6;27;38;sea;false;ocean;0
18780;57;11;4;sea;false;ocean;0
18781;12;19;14;sea;false;ocean;0
18782;38;7;22;sea;false;ocean;0
18783;3;44;31;sea;false;ocean;0
18784;22;2;9;sea;false;ocean;0
18785;18;6;50;sea;false;ocean;0
18786;6;20;36;sea;false;ocean;0
18787;24;71;3;sea;false;ocean;0
18788;28;33;0;sea;false;ocean;0
18789;22;1;66;sea;false;ocean;0
18790;18;64;14;sea;false;ocean;0
18791;6;5;2;sea;false;ocean;0
18792;4;44;23;sea;false;ocean;0
18793;24;25;10;sea;false;ocean;0
18794;27;50;13;sea;true;ocean;0
18795;55;11;5;sea;false;ocean;0
18796;19;7;42;sea;true;ocean;0
18797;10;35;53;sea;true;ocean;0
18798;4;54;16;sea;false;ocean;0
18799;76;2;2;sea;false;ocean;0
18800;1;0;24;sea;false;ocean;0
18801;73;1;3;sea;false;ocean;0
18802;6;88;3;sea;false;ocean;0
18803;31;7;4;sea;true;ocean;0
18804;9;26;26;sea;false;ocean;0
18805;4;37;7;sea;true;ocean;0
18806;16;2;69;sea;false;ocean;0
18807;27;4;64;sea;false;ocean;0
18808;8;41;1;sea;false;ocean;0
18809;15;36;29;sea;false;ocean;0
18810;48;4;12;sea;false;ocean;0
18811;23;2;23;sea;true;ocean;0
18812;12;3;29;sea;false;ocean;0
18813;35;29;13;sea;true;ocean;0
18814;6;37;7;sea;false;ocean;0
18815;34;15;46;sea;true;ocean;0
18816;14;53;4;sea;false;ocean;0
18817;2;59;32;sea;false;ocean;0
18818;2;10;42;sea;false;ocean;0
18819;84;0;10;sea;true;ocean;0
18820;8;29;39;sea;false;ocean;0
18821;28;17;16;sea;false;ocean;0
18822;58;22;15;sea;false;ocean;0
18823;21;7;38;sea;false;ocean;0
18824;14;42;23;sea;false;ocean;0
18825;0;57;5;sea;false;ocean;0
18826;12;19;51;sea;false;ocean;0
18827;22;23;50;sea;true;ocean;0
18828;19;68;3;sea;false;ocean;0
18829;7;21;18;sea;false;ocean;0
18830;38;6;48;sea;false;ocean;0
18831;6;36;38;sea;true;ocean;0
18832;2;24;5;sea;false;ocean;0
18833;53;13;33;sea;false;ocean;0
18834;52;21;21;sea;true;ocean;0
18835;15;30;29;sea;false;ocean;0
18836;17;28;40;sea;false;ocean;0
18837;53;15;26;sea;false;ocean;0
18838;45;11;34;sea;false;ocean;0
18839;11;65;0;sea;true;ocean;0
18840;5;16;63;sea;false;ocean;0
18841;53;2;9;sea;false;ocean;0
18842;9;61;8;sea;false;ocean;0
18843;25;52;21;sea;false;ocean;0
18844;6;40;14;sea;false;ocean;0
18845;13;34;10;sea;false;ocean;0
18846;14;31;0;sea;true;ocean;0
18847;30;14;19;sea;false;ocean;0
18848;22;6;64;sea;false;ocean;0
18849;18;10;66;sea;false;ocean;0
18850;9;9;28;sea;false;ocean;0
18851;28;65;1;sea;false;ocean;0
18852;38;14;21;sea;false;ocean;0
18853;24;35;24;sea;false;ocean;0
18854;16;29;25;sea;true;ocean;0
18855;4;10;64;sea;true;ocean;0
18856;39;7;12;sea;true;ocean;0
18857;0;7;57;sea;false;ocean;0
18858;2;43;31;sea;false;ocean;0
18859;69;7;12;sea;false;ocean;0
18860;31;47;13;sea;false;ocean;0
18861;5;39;53;sea;false;ocean;0
18862;23;9;62;sea;false;ocean;0
18863;61;14;18;sea;false;ocean;0
18864;38;53;6;sea;false;ocean;0
18865;13;6;73;sea;false;ocean;0
18866;41;13;44;sea;false;ocean;0
18867;40;12;24;sea;false;ocean;0
18868;20;13;22;sea;true;ocean;0
18869;37;19;16;sea;true;ocean;0
18870;0;81;0;sea;false;ocean;0
18871;49;2;0;sea;false;ocean;0
18872;17;10;6;sea;false;ocean;0
18873;5;1;27;sea;false;ocean;0
18874;9;34;9;sea;false;ocean;0
18875;11;26;25;sea;false;ocean;0
18876;45;24;10;sea;true;ocean;0
18877;23;43;19;sea;true;ocean;0
18878;41;15;18;sea;false;ocean;0
18879;48;27;18;sea;false;ocean;0
18880;52;9;21;sea;false;ocean;0
18881;15;27;2;sea;false;ocean;0
18882;25;20;3;sea;false;ocean;0
18883;58;15;7;sea;false;ocean;0
18884;29;31;32;sea;false;ocean;0
18885;7;20;66;sea;false;ocean;0
18886;0;36;46;sea;false;ocean;0
18887;16;5;71;sea;false;ocean;0
18888;38;32;19;sea;false;ocean;0
18889;10;22;53;sea;false;ocean;0
18890;62;3;6;sea;true;ocean;0
18891;10;38;4;sea;false;ocean;0
18892;31;11;46;sea;true;ocean;0
18893;15;4;43;sea;false;ocean;0
18894;31;4;33;sea;false;ocean;0
18895;25;7;54;sea;false;ocean;0
18896;44;20;0;sea;false;ocean;0
18897;37;20;18;sea;true;ocean;0
18898;11;14;20;sea;true;ocean;0
18899;25;45;23;sea;false;ocean;0
18900;55;25;2;sea;false;ocean;0
18901;60;2;28;sea;false;ocean;0
18902;8;52;35;sea;false;ocean;0
18903;32;10;50;sea;false;ocean;0
18904;6;35;37;sea;false;ocean;0
18905;12;15;3;sea;false;ocean;0
18906;21;9;38;sea;false;ocean;0
18907;31;23;0;sea;true;ocean;0
18908;35;11;14;sea;false;ocean;0
18909;22;27;49;sea;false;ocean;0
18910;65;1;27;sea;false;ocean;0
18911;36;24;16;sea;false;ocean;0
18912;4;64;7;sea;true;ocean;0
18913;61;2;24;sea;true;ocean;0
18914;34;4;20;sea;true;ocean;0
18915;4;23;1;sea;false;ocean;0
18916;14;4;60;sea;false;ocean;0
18917;39;24;14;sea;false;ocean;0
18918;40;52;5;sea;false;ocean;0
18919;6;58;19;sea;false;ocean;0
18920;31;17;19;sea;false;ocean;0
18921;69;0;9;sea;false;ocean;0
18922;55;25;10;sea;false;ocean;0
18923;20;65;12;sea;true;ocean;0
18924;17;9;37;sea;true;ocean;0
18925;29;38;23;sea;true;ocean;0
18926;10;23;66;sea;true;ocean;0
18927;29;10;52;sea;false;ocean;0
18928;33;31;35;sea;false;ocean;0
18929;8;1;17;sea;false;ocean;0
18930;27;38;28;sea;true;ocean;0
18931;61;11;16;sea;true;ocean;0
18932;16;24;5;sea;true;ocean;0
18933;54;23;12;sea;false;ocean;0
18934;9;35;55;sea;true;ocean;0
18935;11;37;19;sea;true;ocean;0
18936;55;28;4;sea;false;ocean;0
18937;25;3;25;sea;false;ocean;0
18938;62;22;8;sea;false;ocean;0
18939;2;15;64;sea;true;ocean;0
18940;28;11;52;sea;false;ocean;0
18941;30;11;34;sea;false;ocean;0
18942;18;27;50;sea;true;ocean;0
18943;60;13;18;sea;true;ocean;0
18944;2;51;35;sea;false;ocean;0
18945;20;6;68;sea;false;ocean;0
18946;24;12;30;sea;true;ocean;0
18947;44;21;22;sea;false;ocean;0
18948;22;8;5;sea;true;ocean;0
18949;38;18;6;sea;false;ocean;0
18950;37;11;30;sea;true;ocean;0
18951;12;27;44;sea;true;ocean;0
18952;28;27;32;sea;true;ocean;0
18953;51;13;22;sea;false;ocean;0
18954;2;20;63;sea;false;ocean;0
18955;7;82;4;sea;true;ocean;0
18956;7;4;20;sea;true;ocean;0
18957;20;8;56;sea;true;ocean;0
18958;41;21;34;sea;false;ocean;0
18959;79;10;8;sea;false;ocean;0
18960;0;7;44;sea;true;ocean;0
18961;18;32;4;sea;false;ocean;0
18962;1;64;12;sea;true;ocean;0
18963;49;0;3;sea;false;ocean;0
18964;6;9;59;sea;true;ocean;0
18965;9;15;17;sea;false;ocean;0
18966;46;38;0;sea;true;ocean;0
18967;36;2;16;sea;false;ocean;0
18968;1;65;12;sea;false;ocean;0
18969;36;27;23;sea;false;ocean;0
18970;6;71;5;sea;false;ocean;0
18971;23;1;31;sea;true;ocean;0
18972;2;16;78;sea;true;ocean;0
18973;31;15;13;sea;true;ocean;0
18974;12;28;45;sea;true;ocean;0
18975;73;10;3;sea;false;ocean;0
18976;19;50;14;sea;true;ocean;0
18977;9;49;28;sea;true;ocean;0
18978;12;23;12;sea;false;ocean;0
18979;63;2;0;sea;false;ocean;0
18980;24;50;14;sea;true;ocean;0
18981;39;33;27;sea;true;ocean;0
18982;6;16;34;sea;false;ocean;0
18983;1;11;74;sea;true;ocean;0
18984;3;79;14;sea;true;ocean;0
18985;5;13;69;sea;false;ocean;0
18986;6;0;80;sea;true;ocean;0
18987;81;5;5;sea;true;ocean;0
18988;26;5;44;sea;true;ocean;0
18989;12;0;67;sea;true;ocean;0
18990;15;7;35;sea;false;ocean;0
18991;8;49;41;sea;true;ocean;0
18992;29;33;36;sea;false;ocean;0
18993;17;42;6;sea;true;ocean;0
18994;8;27;57;sea;true;ocean;0
18995;26;67;4;sea;true;ocean;0
18996;33;3;44;sea;false;ocean;0
18997;14;30;13;sea;false;ocean;0
18998;17;25;5;sea;true;ocean;0
18999;1;40;21;sea;false;ocean;0
19000;88;218;225;land;true;plains;1
19001;14;15;41;sea;false;ocean;0
19002;49;28;12;sea;true;ocean;0
19003;60;10;25;sea;true;ocean;0
19004;12;8;10;sea;false;ocean;0
19005;46;30;14;sea;true;ocean;0
19006;55;4;14;sea;true;ocean;0
19007;31;21;44;sea;true;ocean;0
19008;0;27;43;sea;false;ocean;0
19009;24;43;26;sea;true;ocean;0
19010;15;2;81;sea;true;ocean;0
19011;47;21;23;sea;false;ocean;0
19012;11;1;48;sea;false;ocean;0
19013;13;21;28;sea;false;ocean;0
19014;33;52;7;sea;false;ocean;0
19015;4;64;2;sea;true;ocean;0
19016;13;40;10;sea;false;ocean;0
19017;27;30;36;sea;false;ocean;0
19018;38;11;26;sea;false;ocean;0
19019;44;12;7;sea;false;ocean;0
19020;3;4;4;sea;true;ocean;0
19021;0;21;56;sea;false;ocean;0
19022;19;27;35;sea;false;ocean;0
19023;18;65;12;sea;false;ocean;0
19024;38;28;14;sea;false;ocean;0
19025;1;56;5;sea;false;ocean;0
19026;5;55;36;sea;false;ocean;0
19027;11;13;46;sea;false;ocean;0
19028;17;15;17;sea;true;ocean;0
19029;7;60;13;sea;true;ocean;0
19030;6;30;0;sea;false;ocean;0
19031;13;67;7;sea;false;ocean;0
19032;24;31;1;sea;false;ocean;0
19033;13;47;32;sea;false;ocean;0
19034;5;11;52;sea;false;ocean;0
19035;32;33;26;sea;true;ocean;0
19036;35;17;26;sea;false;ocean;0
19037;3;42;38;sea;false;ocean;0
19038;13;22;58;sea;false;ocean;0
19039;15;20;13;sea;false;ocean;0
19040;31;37;17;sea;false;ocean;0
19041;4;37;19;sea;false;ocean;0
19042;21;48;22;sea;false;ocean;0
19043;19;72;4;sea;false;ocean;0
19044;23;10;16;sea;true;ocean;0
19045;33;26;0;sea;true;ocean;0
19046;2;20;28;sea;false;ocean;0
19047;18;43;2;sea;false;ocean;0
19048;35;14;3;sea;false;ocean;0
19049;5;6;79;sea;false;ocean;0
19050;66;6;25;sea;false;ocean;0
19051;50;15;12;sea;false;ocean;0
19052;13;20;33;sea;true;ocean;0
19053;63;16;9;sea;false;ocean;0
19054;77;1;21;sea;false;ocean;0
19055;3;44;7;sea;true;ocean;0
19056;28;12;0;sea;false;ocean;0
19057;19;7;71;sea;false;ocean;0
19058;13;44;25;sea;false;ocean;0
19059;38;0;53;sea;false;ocean;0
19060;23;35;0;sea;false;ocean;0
19061;6;27;6;sea;true;ocean;0
19062;28;1;67;sea;false;ocean;0
19063;75;16;5;sea;false;ocean;0
19064;34;31;5;sea;true;ocean;0
19065;4;9;45;sea;false;ocean;0
19066;47;24;28;sea;false;ocean;0
19067;28;39;24;sea;false;ocean;0
19068;21;31;2;sea;false;ocean;0
19069;46;4;46;sea;false;ocean;0
19070;41;44;4;sea;false;ocean;0
19071;8;18;10;sea;false;ocean;0
19072;18;35;43;sea;false;ocean;0
19073;11;33;49;sea;false;ocean;0
19074;29;25;32;sea;false;ocean;0
19075;10;24;7;sea;false;ocean;0
19076;52;27;13;sea;false;ocean;0
19077;5;43;43;sea;false;ocean;0
19078;33;27;28;sea;true;ocean;0
19079;0;6;33;sea;true;ocean;0
19080;55;37;0;sea;false;ocean;0
19081;46;3;28;sea;false;ocean;0
19082;56;27;5;sea;false;ocean;0
19083;36;24;10;sea;false;ocean;0
19084;58;20;18;sea;false;ocean;0
19085;68;3;22;sea;false;ocean;0
19086;15;14;1;sea;false;ocean;0
19087;43;22;24;sea;false;ocean;0
19088;7;36;24;sea;false;ocean;0
19089;9;9;68;sea;false;ocean;0
19090;16;33;38;sea;false;ocean;0
19091;14;32;11;sea;true;ocean;0
19092;60;28;1;sea;false;ocean;0
19093;5;11;50;sea;false;ocean;0
19094;77;7;6;sea;false;ocean;0
19095;42;6;22;sea;true;ocean;0
19096;68;16;10;sea;false;ocean;0
19097;30;12;47;sea;false;ocean;0
19098;14;18;56;sea;false;ocean;0
19099;47;1;20;sea;false;ocean;0
19100;3;24;32;sea;false;ocean;0
19101;67;7;25;sea;true;ocean;0
19102;25;16;36;sea;false;ocean;0
19103;3;13;21;sea;false;ocean;0
19104;31;14;40;sea;false;ocean;0
19105;14;39;12;sea;false;ocean;0
19106;21;50;8;sea;false;ocean;0
19107;11;6;16;sea;false;ocean;0
19108;32;35;7;sea;false;ocean;0
19109;13;69;14;sea;false;ocean;0
19110;24;37;8;sea;true;ocean;0
19111;53;28;5;sea;false;ocean;0
19112;50;9;32;sea;false;ocean;0
19113;27;64;0;sea;false;ocean;0
19114;21;47;22;sea;false;ocean;0
19115;5;48;12;sea;false;ocean;0
19116;8;13;32;sea;false;ocean;0
19117;30;3;20;sea;false;ocean;0
19118;29;58;12;sea;false;ocean;0
19119;13;78;2;sea;true;ocean;0
19120;67;28;0;sea;false;ocean;0
19121;51;0;10;sea;true;ocean;0
19122;47;32;16;sea;false;ocean;0
19123;62;22;6;sea;false;ocean;0
19124;31;9;46;sea;false;ocean;0
19125;6;50;33;sea;false;ocean;0
19126;14;9;39;sea;false;ocean;0
19127;13;38;47;sea;false;ocean;0
19128;2;5;42;sea;false;ocean;0
19129;17;10;42;sea;false;ocean;0
19130;32;30;28;sea;false;ocean;0
19131;7;59;3;sea;false;ocean;0
19132;26;26;17;sea;false;ocean;0
19133;4;15;63;sea;true;ocean;0
19134;19;39;21;sea;true;ocean;0
19135;58;29;11;sea;false;ocean;0
19136;8;77;4;sea;false;ocean;0
19137;34;33;5;sea;false;ocean;0
19138;5;8;45;sea;false;ocean;0
19139;25;14;10;sea;false;ocean;0
19140;13;4;22;sea;false;ocean;0
19141;12;26;29;sea;false;ocean;0
19142;35;44;1;sea;false;ocean;0
19143;52;18;19;sea;false;ocean;0
19144;22;41;2;sea;false;ocean;0
19145;12;74;3;sea;false;ocean;0
19146;27;17;1;sea;false;ocean;0
19147;55;6;19;sea;false;ocean;0
19148;19;50;24;sea;false;ocean;0
19149;2;25;13;sea;true;ocean;0
19150;43;19;14;sea;false;ocean;0
19151;21;36;6;sea;false;ocean;0
19152;20;0;20;sea;false;ocean;0
19153;21;26;14;sea;false;ocean;0
19154;36;16;14;sea;false;ocean;0
19155;4;53;2;sea;true;ocean;0
19156;38;34;3;sea;false;ocean;0
19157;28;40;23;sea;false;ocean;0
19158;6;26;17;sea;true;ocean;0
19159;19;19;21;sea;false;ocean;0
19160;10;46;15;sea;false;ocean;0
19161;17;2;63;sea;false;ocean;0
19162;4;39;33;sea;false;ocean;0
19163;32;36;28;sea;false;ocean;0
19164;30;40;23;sea;true;ocean;0
19165;26;1;56;sea;false;ocean;0
19166;16;29;28;sea;false;ocean;0
19167;14;6;5;sea;false;ocean;0
19168;21;17;8;sea;false;ocean;0
19169;23;52;1;sea;false;ocean;0
19170;14;24;14;sea;false;ocean;0
19171;48;13;13;sea;false;ocean;0
19172;21;16;39;sea;false;ocean;0
19173;5;28;30;sea;false;ocean;0
19174;8;27;18;sea;false;ocean;0
19175;55;3;23;sea;true;ocean;0
19176;24;19;48;sea;false;ocean;0
19177;1;0;59;sea;false;ocean;0
19178;31;5;10;sea;true;ocean;0
19179;8;71;7;sea;false;ocean;0
19180;59;4;29;sea;true;ocean;0
19181;59;19;7;sea;false;ocean;0
19182;16;8;46;sea;false;ocean;0
19183;14;60;25;sea;false;ocean;0
19184;13;43;15;sea;false;ocean;0
19185;15;24;3;sea;true;ocean;0
19186;16;1;22;sea;false;ocean;0
19187;3;14;32;sea;false;ocean;0
19188;36;37;9;sea;false;ocean;0
19189;34;24;29;sea;false;ocean;0
19190;69;10;14;sea;false;ocean;0
19191;11;51;14;sea;false;ocean;0
19192;17;15;42;sea;false;ocean;0
19193;13;9;11;sea;true;ocean;0
19194;23;18;13;sea;false;ocean;0
19195;0;31;60;sea;false;ocean;0
19196;4;14;24;sea;true;ocean;0
19197;20;3;42;sea;false;ocean;0
19198;90;3;2;sea;false;ocean;0
19199;10;30;18;sea;false;ocean;0
19200;25;27;44;sea;true;ocean;0
19201;16;26;45;sea;true;ocean;0
19202;33;12;0;sea;false;ocean;0
19203;9;48;2;sea;true;ocean;0
19204;69;0;4;sea;false;ocean;0
19205;23;65;0;sea;false;ocean;0
19206;16;43;9;sea;false;ocean;0
19207;13;39;20;sea;false;ocean;0
19208;41;14;32;sea;true;ocean;0
19209;1;13;33;sea;true;ocean;0
19210;0;32;31;sea;false;ocean;0
19211;24;8;24;sea;false;ocean;0
19212;13;47;20;sea;true;ocean;0
19213;5;29;9;sea;false;ocean;0
19214;13;5;51;sea;true;ocean;0
19215;66;5;19;sea;false;ocean;0
19216;161;125;233;land;true;forest;1
19217;31;25;33;sea;false;ocean;0
19218;15;16;16;sea;true;ocean;0
19219;11;2;6;sea;true;ocean;0
19220;0;70;2;sea;false;ocean;0
19221;19;27;43;sea;false;ocean;0
19222;47;16;13;sea;false;ocean;0
19223;31;65;1;sea;true;ocean;0
19224;8;26;48;sea;false;ocean;0
19225;3;40;39;sea;true;ocean;0
19226;10;16;21;sea;false;ocean;0
19227;19;6;60;sea;false;ocean;0
19228;28;57;5;sea;true;ocean;0
19229;56;16;2;sea;false;ocean;0
19230;4;31;55;sea;false;ocean;0
19231;9;12;32;sea;true;ocean;0
19232;29;5;62;sea;false;ocean;0
19233;52;7;1;sea;false;ocean;0
19234;14;54;16;sea;false;ocean;0
19235;34;23;10;sea;false;ocean;0
19236;4;11;69;sea;true;ocean;0
19237;20;44;22;sea;true;ocean;0
19238;24;10;53;sea;false;ocean;0
19239;14;35;7;sea;false;ocean;0
19240;29;16;39;sea;false;ocean;0
19241;20;19;11;sea;true;ocean;0
19242;0;7;2;sea;false;ocean;0
19243;41;16;19;sea;true;ocean;0
19244;59;24;13;sea;true;ocean;0
19245;18;3;19;sea;true;ocean;0
19246;11;21;46;sea;false;ocean;0
19247;30;46;8;sea;true;ocean;0
19248;70;21;8;sea;true;ocean;0
19249;18;58;9;sea;true;ocean;0
19250;44;23;16;sea;true;ocean;0
19251;10;65;7;sea;true;ocean;0
19252;1;12;29;sea;true;ocean;0
19253;30;43;17;sea;false;ocean;0
19254;64;29;0;sea;true;ocean;0
19255;5;5;37;sea;false;ocean;0
19256;23;28;9;sea;false;ocean;0
19257;23;9;28;sea;false;ocean;0
19258;49;7;7;sea;false;ocean;0
19259;40;19;26;sea;true;ocean;0
19260;5;47;32;sea;false;ocean;0
19261;21;15;0;sea;false;ocean;0
19262;28;22;31;sea;false;ocean;0
19263;6;51;16;sea;true;ocean;0
19264;19;2;54;sea;false;ocean;0
19265;10;6;51;sea;false;ocean;0
19266;2;1;45;sea;false;ocean;0
19267;10;15;0;sea;false;ocean;0
19268;61;16;13;sea;false;ocean;0
19269;75;20;1;sea;false;ocean;0
19270;46;37;15;sea;false;ocean;0
19271;25;31;26;sea;true;ocean;0
19272;0;41;15;sea;false;ocean;0
19273;7;42;25;sea;true;ocean;0
19274;21;21;10;sea;false;ocean;0
19275;1;52;14;sea;true;ocean;0
19276;23;18;30;sea;false;ocean;0
19277;58;19;10;sea;false;ocean;0
19278;62;4;11;sea;false;ocean;0
19279;21;27;40;sea;false;ocean;0
19280;8;10;30;sea;false;ocean;0
19281;50;26;22;sea;false;ocean;0
19282;22;35;20;sea;false;ocean;0
19283;15;10;70;sea;false;ocean;0
19284;19;2;72;sea;false;ocean;0
19285;43;11;28;sea;true;ocean;0
19286;29;8;62;sea;false;ocean;0
19287;14;67;1;sea;true;ocean;0
19288;54;2;29;sea;false;ocean;0
19289;1;2;5;sea;true;ocean;0
19290;2;28;46;sea;true;ocean;0
19291;1;5;20;sea;false;ocean;0
19292;0;49;26;sea;false;ocean;0
19293;20;6;53;sea;true;ocean;0
19294;21;41;25;sea;true;ocean;0
19295;6;31;39;sea;true;ocean;0
19296;19;14;38;sea;true;ocean;0
19297;13;55;7;sea;true;ocean;0
19298;0;33;33;sea;false;ocean;0
19299;17;46;12;sea;false;ocean;0
19300;1;34;12;sea;false;ocean;0
19301;2;27;9;sea;false;ocean;0
19302;12;68;12;sea;false;ocean;0
19303;9;24;1;sea;true;ocean;0
19304;45;7;29;sea;false;ocean;0
19305;16;32;34;sea;true;ocean;0
19306;0;30;13;sea;false;ocean;0
19307;16;2;74;sea;true;ocean;0
19308;46;18;28;sea;false;ocean;0
19309;19;20;24;sea;true;ocean;0
19310;4;3;67;sea;false;ocean;0
19311;45;7;42;sea;false;ocean;0
19312;31;29;30;sea;false;ocean;0
19313;2;38;40;sea;false;ocean;0
19314;58;1;0;sea;true;ocean;0
19315;11;16;29;sea;false;ocean;0
19316;16;44;20;sea;false;ocean;0
19317;9;5;48;sea;true;ocean;0
19318;1;51;40;sea;false;ocean;0
19319;20;10;25;sea;true;ocean;0
19320;36;34;6;sea;false;ocean;0
19321;3;68;5;sea;false;ocean;0
19322;73;9;1;sea;false;ocean;0
19323;22;43;23;sea;true;ocean;0
19324;5;87;6;sea;false;ocean;0
19325;20;24;3;sea;false;ocean;0
19326;49;10;12;sea;true;ocean;0
19327;20;37;22;sea;false;ocean;0
19328;7;79;9;sea;false;ocean;0
19329;18;42;9;sea;true;ocean;0
19330;1;23;23;sea;false;ocean;0
19331;25;47;0;sea;false;ocean;0
19332;20;29;20;sea;false;ocean;0
19333;4;15;50;sea;false;ocean;0
19334;12;0;7;sea;true;ocean;0
19335;8;13;26;sea;false;ocean;0
19336;9;9;46;sea;false;ocean;0
19337;18;15;62;sea;false;ocean;0
19338;13;5;69;sea;false;ocean;0
19339;36;9;22;sea;false;ocean;0
19340;17;25;23;sea;false;ocean;0
19341;0;55;33;sea;false;ocean;0
19342;27;43;26;sea;false;ocean;0
19343;15;59;20;sea;false;ocean;0
19344;2;62;7;sea;false;ocean;0
19345;16;24;47;sea;true;ocean;0
19346;21;30;17;sea;true;ocean;0
19347;24;23;36;sea;false;ocean;0
19348;11;57;28;sea;false;ocean;0
19349;12;13;20;sea;true;ocean;0
19350;16;0;4;sea;true;ocean;0
19351;22;2;2;sea;false;ocean;0
19352;16;37;15;sea;false;ocean;0
19353;69;25;5;sea;false;ocean;0
19354;16;21;28;sea;true;ocean;0
19355;24;9;54;sea;false;ocean;0
19356;14;49;2;sea;false;ocean;0
19357;19;16;44;sea;false;ocean;0
19358;4;66;26;sea;true;ocean;0
19359;36;13;42;sea;false;ocean;0
19360;1;39;46;sea;false;ocean;0
19361;7;0;73;sea;false;ocean;0
19362;34;14;27;sea;false;ocean;0
19363;14;29;38;sea;false;ocean;0
19364;62;9;27;sea;false;ocean;0
19365;64;11;23;sea;true;ocean;0
19366;32;20;4;sea;false;ocean;0
19367;1;21;38;sea;false;ocean;0
19368;46;20;15;sea;false;ocean;0
19369;36;17;5;sea;true;ocean;0
19370;2;20;68;sea;false;ocean;0
19371;26;61;8;sea;true;ocean;0
19372;4;10;60;sea;false;ocean;0
19373;10;3;78;sea;true;ocean;0
19374;5;29;7;sea;true;ocean;0
19375;18;2;0;sea;false;ocean;0
19376;42;2;44;sea;false;ocean;0
19377;7;37;9;sea;false;ocean;0
19378;4;55;12;sea;true;ocean;0
19379;26;14;50;sea;true;ocean;0
19380;2;15;34;sea;false;ocean;0
19381;34;29;22;sea;false;ocean;0
19382;23;53;14;sea;false;ocean;0
19383;23;51;0;sea;false;ocean;0
19384;73;16;5;sea;false;ocean;0
19385;52;32;3;sea;false;ocean;0
19386;20;47;31;sea;true;ocean;0
19387;10;83;1;sea;false;ocean;0
19388;52;11;2;sea;false;ocean;0
19389;36;18;26;sea;true;ocean;0
19390;17;2;18;sea;false;ocean;0
19391;37;38;8;sea;false;ocean;0
19392;19;30;22;sea;true;ocean;0
19393;41;29;16;sea;false;ocean;0
19394;217;212;129;land;true;plains;1
19395;15;75;4;sea;false;ocean;0
19396;28;32;17;sea;false;ocean;0
19397;19;46;21;sea;true;ocean;0
19398;34;11;45;sea;true;ocean;0
19399;42;15;25;sea;false;ocean;0
19400;14;10;70;sea;true;ocean;0
19401;4;23;65;sea;true;ocean;0
19402;21;37;11;sea;false;ocean;0
19403;63;32;4;sea;false;ocean;0
19404;20;10;16;sea;true;ocean;0
19405;25;35;12;sea;false;ocean;0
19406;9;18;23;sea;false;ocean;0
19407;53;18;17;sea;false;ocean;0
19408;17;32;29;sea;true;ocean;0
19409;39;46;6;sea;false;ocean;0
19410;49;2;5;sea;true;ocean;0
19411;12;47;16;sea;true;ocean;0
19412;81;14;0;sea;true;ocean;0
19413;4;43;23;sea;false;ocean;0
19414;20;35;42;sea;false;ocean;0
19415;10;56;25;sea;true;ocean;0
19416;32;12;52;sea;false;ocean;0
19417;31;14;13;sea;true;ocean;0
19418;32;18;31;sea;true;ocean;0
19419;19;33;29;sea;false;ocean;0
19420;5;34;32;sea;true;ocean;0
19421;119;229;180;land;true;forest;1
19422;14;27;58;sea;true;ocean;0
19423;16;59;11;sea;false;ocean;0
19424;5;45;7;sea;false;ocean;0
19425;23;35;31;sea;true;ocean;0
19426;16;25;20;sea;false;ocean;0
19427;7;83;4;sea;true;ocean;0
19428;1;76;12;sea;false;ocean;0
19429;51;14;9;sea;true;ocean;0
19430;21;48;6;sea;false;ocean;0
19431;18;34;16;sea;true;ocean;0
19432;8;53;27;sea;false;ocean;0
19433;3;85;10;sea;true;ocean;0
19434;22;15;19;sea;false;ocean;0
19435;22;2;50;sea;true;ocean;0
19436;1;14;22;sea;true;ocean;0
19437;55;38;6;sea;false;ocean;0
19438;13;3;44;sea;false;ocean;0
19439;15;22;61;sea;true;ocean;0
19440;40;10;46;sea;false;ocean;0
19441;28;33;37;sea;false;ocean;0
19442;50;6;34;sea;true;ocean;0
19443;42;48;4;sea;true;ocean;0
19444;0;59;2;sea;false;ocean;0
19445;55;16;23;sea;false;ocean;0
19446;12;31;0;sea;true;ocean;0
19447;22;33;5;sea;true;ocean;0
19448;95;232;221;land;true;forest;1
19449;54;8;21;sea;false;ocean;0
19450;18;18;4;sea;true;ocean;0
19451;15;63;9;sea;true;ocean;0
19452;41;30;13;sea;true;ocean;0
19453;32;37;15;sea;false;ocean;0
19454;8;77;10;sea;true;ocean;0
19455;20;42;18;sea;false;ocean;0
19456;31;42;18;sea;false;ocean;0
19457;76;4;10;sea;false;ocean;0
19458;28;45;16;sea;false;ocean;0
19459;7;4;29;sea;true;ocean;0
19460;11;27;47;sea;false;ocean;0
19461;66;12;15;sea;false;ocean;0
19462;56;22;12;sea;false;ocean;0
19463;48;30;14;sea;true;ocean;0
19464;21;23;25;sea;true;ocean;0
19465;14;10;60;sea;true;ocean;0
19466;4;56;2;sea;false;ocean;0
19467;8;12;59;sea;false;ocean;0
19468;37;2;59;sea;false;ocean;0
19469;252;225;178;land;true;plains;1
19470;41;39;19;sea;false;ocean;0
19471;6;58;33;sea;false;ocean;0
19472;4;38;24;sea;false;ocean;0
19473;31;27;5;sea;false;ocean;0
19474;14;16;51;sea;false;ocean;0
19475;204;111;200;land;true;hills;1
19476;6;72;19;sea;false;ocean;0
19477;42;45;9;sea;false;ocean;0
19478;18;26;4;sea;false;ocean;0
19479;34;9;5;sea;false;ocean;0
19480;156;147;210;land;true;plains;1
19481;64;31;0;sea;false;ocean;0
19482;84;245;190;land;true;plains;1
19483;33;17;27;sea;false;ocean;0
19484;13;1;63;sea;false;ocean;0
19485;214;215;207;land;true;mountain;1
19486;65;20;6;sea;false;ocean;0
19487;225;210;67;land;true;plains;1
19488;13;18;25;sea;false;ocean;0
19489;27;69;0;sea;false;ocean;0
19490;189;84;248;land;true;mountain;1
19491;53;39;6;sea;false;ocean;0
19492;56;3;19;sea;false;ocean;0
19493;33;12;12;sea;false;ocean;0
19494;25;49;25;sea;false;ocean;0
19495;71;216;220;land;true;plains;1
19496;24;27;15;sea;false;ocean;0
19497;11;4;13;sea;false;ocean;0
19498;3;7;35;sea;false;ocean;0
19499;61;22;6;sea;false;ocean;0
19500;25;7;67;sea;false;ocean;0
19501;44;18;12;sea;false;ocean;0
19502;2;56;39;sea;false;ocean;0
19503;7;0;59;sea;false;ocean;0
19504;114;144;227;land;true;plains;1
19505;91;4;3;sea;false;ocean;0
19506;26;66;4;sea;false;ocean;0
19507;226;185;216;land;true;plains;1
19508;241;78;199;land;true;plains;1
19509;18;16;10;sea;false;ocean;0
19510;249;195;66;land;true;plains;1
19511;158;230;146;land;true;plains;1
