国家,国策ID,中文名称,天数,可用条件,奖励脚本
LIL,SOF20_LIL_home0,地方共同会议,21,available = { is_subject = no has_capitulated = no  },completion_reward = { set_country_flag = sofzh_unification_started remove_ideas = sof20_LIL_fragmentation add_political_power = 35 country_event = { id = sof20_LIL.1 days = 1 } }
LIL,SOF20_LIL_home1,市镇登记章程,21,available = { is_subject = no has_capitulated = no  },completion_reward = { add_stability = 0.025 add_political_power = 30 sof20_LIL_administration_1_grant = yes }
LIL,SOF20_LIL_home2,省际行政网络,21,available = { is_subject = no has_capitulated = no num_of_controlled_states > 6 },completion_reward = { sof20_LIL_administration_1_grant = yes add_political_power = 30 }
LIL,SOF20_LIL_home3,大区共同服务,21,available = { is_subject = no has_capitulated = no num_of_controlled_states > 12 },completion_reward = { sof20_LIL_administration_2_grant = yes add_stability = 0.02 }
LIL,SOF20_LIL_home4,地方财政统筹,21,available = { is_subject = no has_capitulated = no num_of_controlled_states > 25 },completion_reward = { sof20_LIL_administration_2_grant = yes add_political_power = 40 }
LIL,SOF20_LIL_home5,国家公共机构,21,available = { is_subject = no has_capitulated = no num_of_controlled_states > 50 },completion_reward = { sof20_LIL_administration_3_grant = yes add_political_power = 50 }
LIL,SOF20_LIL_pol0_0,劳工联合,21,available = { is_subject = no has_capitulated = no  },completion_reward = { sof20_LIL_policy0_1_grant = yes set_country_flag = sof20_LIL_route0 country_event = { id = sof20_LIL.2 days = 1 } }
LIL,SOF20_LIL_pol0_1,劳工联合章程,21,available = { is_subject = no has_capitulated = no  },completion_reward = { sof20_LIL_policy0_1_grant = yes }
LIL,SOF20_LIL_pol0_2,劳工联合预算,35,available = { is_subject = no has_capitulated = no  },completion_reward = { sof20_LIL_policy0_2_grant = yes add_political_power = 35 }
LIL,SOF20_LIL_pol0_3,劳工联合契约,35,available = { is_subject = no has_capitulated = no  },completion_reward = { sof20_LIL_policy0_2_grant = yes }
LIL,SOF20_LIL_pol0_4,劳工联合承诺,35,available = { is_subject = no has_capitulated = no  },completion_reward = { sof20_LIL_policy0_3_grant = yes add_stability = 0.02 }
LIL,SOF20_LIL_pol0_5,劳工联合定案,35,available = { is_subject = no has_capitulated = no  },completion_reward = { sof20_LIL_policy0_3_grant = yes set_country_flag = sof20_LIL_constitution }
LIL,SOF20_LIL_pol1_0,工商议会,21,available = { is_subject = no has_capitulated = no  },completion_reward = { sof20_LIL_policy1_1_grant = yes set_country_flag = sof20_LIL_route1 country_event = { id = sof20_LIL.3 days = 1 } }
LIL,SOF20_LIL_pol1_1,工商议会章程,21,available = { is_subject = no has_capitulated = no  },completion_reward = { sof20_LIL_policy1_1_grant = yes }
LIL,SOF20_LIL_pol1_2,工商议会预算,35,available = { is_subject = no has_capitulated = no  },completion_reward = { sof20_LIL_policy1_2_grant = yes add_political_power = 35 }
LIL,SOF20_LIL_pol1_3,工商议会契约,35,available = { is_subject = no has_capitulated = no  },completion_reward = { sof20_LIL_policy1_2_grant = yes }
LIL,SOF20_LIL_pol1_4,工商议会承诺,35,available = { is_subject = no has_capitulated = no  },completion_reward = { sof20_LIL_policy1_3_grant = yes add_stability = 0.02 }
LIL,SOF20_LIL_pol1_5,工商议会定案,35,available = { is_subject = no has_capitulated = no  },completion_reward = { sof20_LIL_policy1_3_grant = yes set_country_flag = sof20_LIL_constitution }
LIL,SOF20_LIL_pol2_0,战时统筹,21,available = { is_subject = no has_capitulated = no  },completion_reward = { sof20_LIL_policy2_1_grant = yes set_country_flag = sof20_LIL_route2 country_event = { id = sof20_LIL.4 days = 1 } }
LIL,SOF20_LIL_pol2_1,战时统筹章程,21,available = { is_subject = no has_capitulated = no  },completion_reward = { sof20_LIL_policy2_1_grant = yes }
LIL,SOF20_LIL_pol2_2,战时统筹预算,35,available = { is_subject = no has_capitulated = no  },completion_reward = { sof20_LIL_policy2_2_grant = yes add_political_power = 35 }
LIL,SOF20_LIL_pol2_3,战时统筹契约,35,available = { is_subject = no has_capitulated = no  },completion_reward = { sof20_LIL_policy2_2_grant = yes }
LIL,SOF20_LIL_pol2_4,战时统筹承诺,35,available = { is_subject = no has_capitulated = no  },completion_reward = { sof20_LIL_policy2_3_grant = yes add_war_support = 0.025 }
LIL,SOF20_LIL_pol2_5,战时统筹定案,35,available = { is_subject = no has_capitulated = no  },completion_reward = { sof20_LIL_policy2_3_grant = yes set_country_flag = sof20_LIL_constitution }
LIL,SOF20_LIL_eco0,北方生产会议,21,available = { is_subject = no has_capitulated = no  },completion_reward = { add_political_power = 25 }
LIL,SOF20_LIL_eco1,煤钢采购协议,21,available = { is_subject = no has_capitulated = no  },completion_reward = { add_political_power = 25 }
LIL,SOF20_LIL_eco2,工厂安全章程,21,available = { is_subject = no has_capitulated = no  },completion_reward = { add_political_power = 25 }
LIL,SOF20_LIL_eco3,铁路装卸班,21,available = { is_subject = no has_capitulated = no  },completion_reward = { if = { limit = { any_owned_state = { is_fully_controlled_by = ROOT OR = { state = 36 state = 39 state = 40 state = 45 state = 51 state = 55 state = 56 state = 60 state = 61 state = 62 state = 63 state = 68 state = 69 } industrial_complex < 20 } } random_owned_controlled_state = { limit = { is_fully_controlled_by = ROOT OR = { state = 36 state = 39 state = 40 state = 45 state = 51 state = 55 state = 56 state = 60 state = 61 state = 62 state = 63 state = 68 state = 69 } industrial_complex < 20 } add_extra_state_shared_building_slots = 1 if = { limit = { free_building_slots = { building = industrial_complex size > 0 include_locked = yes } } add_building_construction = { type = industrial_complex level = 1 instant_build = yes } } else = { ROOT = { add_political_power = 35 } } } } else = { add_political_power = 35 } }
LIL,SOF20_LIL_eco4,机具维修所,35,available = { is_subject = no has_capitulated = no  },completion_reward = { sof20_LIL_industry_1_grant = yes }
LIL,SOF20_LIL_eco5,煤钢联合调度,35,available = { is_subject = no has_capitulated = no  },completion_reward = { remove_ideas = sof20_LIL_bottleneck if = { limit = { any_owned_state = { is_fully_controlled_by = ROOT OR = { state = 36 state = 39 state = 40 state = 45 state = 51 state = 55 state = 56 state = 60 state = 61 state = 62 state = 63 state = 68 state = 69 } infrastructure < 5 } } random_owned_controlled_state = { limit = { is_fully_controlled_by = ROOT OR = { state = 36 state = 39 state = 40 state = 45 state = 51 state = 55 state = 56 state = 60 state = 61 state = 62 state = 63 state = 68 state = 69 } infrastructure < 5 } add_building_construction = { type = infrastructure level = 1 instant_build = yes } } } else = { add_political_power = 35 } }
LIL,SOF20_LIL_eco6,北方兵工订单,35,available = { is_subject = no has_capitulated = no  },completion_reward = { if = { limit = { any_owned_state = { is_fully_controlled_by = ROOT OR = { state = 36 state = 39 state = 40 state = 45 state = 51 state = 55 state = 56 state = 60 state = 61 state = 62 state = 63 state = 68 state = 69 } arms_factory < 20 } } random_owned_controlled_state = { limit = { is_fully_controlled_by = ROOT OR = { state = 36 state = 39 state = 40 state = 45 state = 51 state = 55 state = 56 state = 60 state = 61 state = 62 state = 63 state = 68 state = 69 } arms_factory < 20 } add_extra_state_shared_building_slots = 1 if = { limit = { free_building_slots = { building = arms_factory size > 0 include_locked = yes } } add_building_construction = { type = arms_factory level = 1 instant_build = yes } } else = { ROOT = { add_political_power = 35 } } } } else = { add_political_power = 35 } }
LIL,SOF20_LIL_eco7,装甲零件标准,35,available = { is_subject = no has_capitulated = no  },completion_reward = { sof20_LIL_industry_2_grant = yes }
LIL,SOF20_LIL_eco8,技术工人学校,35,available = { is_subject = no has_capitulated = no  },completion_reward = { add_tech_bonus = { name = sof20_research_bonus bonus = 0.5 uses = 1 category = construction_tech } }
LIL,SOF20_LIL_eco9,矿冶技术研究,35,available = { is_subject = no has_capitulated = no  },completion_reward = { if = { limit = { num_research_slots < 5 NOT = { has_country_flag = sof20_LIL_research_slot } } add_research_slot = 1 set_country_flag = sof20_LIL_research_slot } else = { add_political_power = 50 } }
LIL,SOF20_LIL_eco10,战时工厂转产,35,available = { is_subject = no has_capitulated = no  },completion_reward = { if = { limit = { any_owned_state = { is_fully_controlled_by = ROOT OR = { state = 36 state = 39 state = 40 state = 45 state = 51 state = 55 state = 56 state = 60 state = 61 state = 62 state = 63 state = 68 state = 69 } arms_factory < 20 } } random_owned_controlled_state = { limit = { is_fully_controlled_by = ROOT OR = { state = 36 state = 39 state = 40 state = 45 state = 51 state = 55 state = 56 state = 60 state = 61 state = 62 state = 63 state = 68 state = 69 } arms_factory < 20 } add_extra_state_shared_building_slots = 1 if = { limit = { free_building_slots = { building = arms_factory size > 0 include_locked = yes } } add_building_construction = { type = arms_factory level = 1 instant_build = yes } } else = { ROOT = { add_political_power = 35 } } } } else = { add_political_power = 35 } }
LIL,SOF20_LIL_eco11,北方工业共同体,35,available = { is_subject = no has_capitulated = no  },completion_reward = { sof20_LIL_industry_3_grant = yes }
LIL,SOF20_LIL_army0,里尔守备队,21,available = { is_subject = no has_capitulated = no  },completion_reward = { add_equipment_to_stockpile = { type = infantry_equipment_0 amount = 200 producer = ROOT } add_manpower = 1000 }
LIL,SOF20_LIL_army1,工厂民兵训练,21,available = { is_subject = no has_capitulated = no  },completion_reward = { army_experience = 8 }
LIL,SOF20_LIL_army2,北方军官学校,21,available = { is_subject = no has_capitulated = no  },completion_reward = { sof20_LIL_army_1_grant = yes }
LIL,SOF20_LIL_army3,步枪生产标准,35,available = { is_subject = no has_capitulated = no  },completion_reward = { add_equipment_to_stockpile = { type = infantry_equipment_0 amount = 200 producer = ROOT } }
LIL,SOF20_LIL_army4,步炮共同联络,35,available = { is_subject = no has_capitulated = no  },completion_reward = { add_doctrine_cost_reduction = { name = sof20_research_bonus cost_reduction = 0.25 uses = 1 category = land_doctrine } }
LIL,SOF20_LIL_army5,铁路军需总站,35,available = { is_subject = no has_capitulated = no  },completion_reward = { sof20_LIL_army_2_grant = yes }
LIL,SOF20_LIL_army6,装甲试验连,35,available = { is_subject = no has_capitulated = no  },completion_reward = { add_tech_bonus = { name = sof20_research_bonus bonus = 0.5 uses = 1 category = armor } }
LIL,SOF20_LIL_army7,机动预备军,35,available = { is_subject = no has_capitulated = no  },completion_reward = { add_equipment_to_stockpile = { type = support_equipment_1 amount = 50 producer = ROOT } }
LIL,SOF20_LIL_army8,北方战斗教范,35,available = { is_subject = no has_capitulated = no  },completion_reward = { sof20_learn_plain = yes custom_effect_tooltip = sof20_terrain_plain_tt }
LIL,SOF20_LIL_army9,工业军队整编,35,available = { is_subject = no has_capitulated = no  },completion_reward = { sof20_LIL_army_3_grant = yes }
LIL,SOF20_LIL_dip0,地区合作信函,21,available = { is_subject = no has_capitulated = no  },completion_reward = { set_country_flag = sof20_LIL_diplomacy add_political_power = 25 }
LIL,SOF20_LIL_dip1,交通合作章程,21,available = { is_subject = no has_capitulated = no  },completion_reward = { set_country_flag = sof20_LIL_transport add_stability = 0.025 }
LIL,SOF20_LIL_dip2,伙伴往来协议,21,available = { is_subject = no has_capitulated = no  },completion_reward = { set_country_flag = sof20_LIL_integration_diplomacy add_political_power = 35 }
LIL,SOF20_LIL_dip3,地区防卫委任,21,available = { is_subject = no has_capitulated = no  },completion_reward = { set_country_flag = sofzh_unification_war_ready sofzh_unification_grant_border_goals = yes add_war_support = 0.025 }
LIL,SOF20_LIL_dip4,战地运输调度,21,available = { is_subject = no has_capitulated = no  },completion_reward = { add_equipment_to_stockpile = { type = train_equipment_1 amount = 15 producer = ROOT } add_equipment_to_stockpile = { type = motorized_equipment_1 amount = 30 producer = ROOT } }
LIL,SOF20_LIL_dip5,地区共同议会,21,available = { is_subject = no has_capitulated = no sof20_LIL_controlled = yes },completion_reward = { set_cosmetic_tag = NORD set_country_flag = form_region_flag sof20_LIL_administration_2_grant = yes }
LIL,SOF20_LIL_nat0,全国协调会议,56,available = { is_subject = no has_capitulated = no num_of_controlled_states > 19 },completion_reward = { add_stability = 0.025 add_political_power = 50 }
LIL,SOF20_LIL_nat1,巴黎代表联络,35,available = { is_subject = no has_capitulated = no 143 = { is_controlled_by = ROOT } },completion_reward = { add_political_power = 50 }
LIL,SOF20_LIL_nat2,统一战争纲领,35,available = { is_subject = no has_capitulated = no  },completion_reward = { set_country_flag = sofzh_unification_war_ready sofzh_unification_grant_border_goals = yes }
LIL,SOF20_LIL_nat3,宣告法国统一,56,available = { is_subject = no has_capitulated = no sofzh_unification_all_france = yes has_war = no },completion_reward = { sofzh_unification_proclaim_france = yes }
LIL,SOF20_LIL_nat4,军工和平转产,35,available = { is_subject = no has_capitulated = no has_country_flag = sofzh_unification_complete },completion_reward = { add_stability = 0.04 add_political_power = 75 }
LIL,SOF20_LIL_nat5,全国公共重建,35,available = { is_subject = no has_capitulated = no has_country_flag = sofzh_unification_complete },completion_reward = { sof20_LIL_administration_3_grant = yes random_owned_controlled_state = { limit = { is_fully_controlled_by = ROOT OR = { state = 36 state = 39 state = 40 state = 45 state = 51 state = 55 state = 56 state = 60 state = 61 state = 62 state = 63 state = 68 state = 69 } industrial_complex < 20 } add_extra_state_shared_building_slots = 1 if = { limit = { free_building_slots = { building = industrial_complex size > 0 include_locked = yes } } add_building_construction = { type = industrial_complex level = 1 instant_build = yes } } else = { ROOT = { add_political_power = 35 } } } }
LIL,SOF20_LIL_nat6,地方整合授权,35,available = { is_subject = no has_capitulated = no has_country_flag = sofzh_unification_complete },completion_reward = { sofzh_unification_integrate_territories = yes }
LIL,SOF20_LIL_nat7,战后宪政定案,56,available = { is_subject = no has_capitulated = no has_country_flag = sofzh_unification_complete },completion_reward = { add_stability = 0.05 add_political_power = 100 }
LIL,SOF20_LIL_extra0,里尔预算协定,21,available = { is_subject = no has_capitulated = no  },completion_reward = { add_political_power = 35 set_country_flag = sof20_LIL_specialist_project }
LIL,SOF20_LIL_extra1,北部-订单协调,21,available = { is_subject = no has_capitulated = no  },completion_reward = { add_tech_bonus = { name = sof20_research_bonus bonus = 0.35 uses = 1 category = construction_tech } }
LIL,SOF20_LIL_extra2,公共投资议案,21,available = { is_subject = no has_capitulated = no  },completion_reward = { add_stability = 0.02 }
LIL,SOF20_LIL_extra3,本地机具整备,21,available = { is_subject = no has_capitulated = no  },completion_reward = { add_equipment_to_stockpile = { type = support_equipment_1 amount = 40 producer = ROOT } }
LIL,SOF20_LIL_extra4,运输储备计划,21,available = { is_subject = no has_capitulated = no  },completion_reward = { add_equipment_to_stockpile = { type = motorized_equipment_1 amount = 25 producer = ROOT } }
LIL,SOF20_LIL_extra5,地方医疗协作,21,available = { is_subject = no has_capitulated = no  },completion_reward = { army_experience = 8 }
LIL,SOF20_LIL_extra6,工场联合采购,21,available = { is_subject = no has_capitulated = no  },completion_reward = { add_political_power = 35 }
LIL,SOF20_LIL_extra7,前线联络课程,21,available = { is_subject = no has_capitulated = no  },completion_reward = { add_tech_bonus = { name = sof20_research_bonus bonus = 0.35 uses = 1 category = construction_tech } }
LIL,SOF20_LIL_extra8,技术传播网络,21,available = { is_subject = no has_capitulated = no  },completion_reward = { add_stability = 0.02 }
LIL,SOF20_LIL_extra9,后备人员登记,21,available = { is_subject = no has_capitulated = no  },completion_reward = { add_equipment_to_stockpile = { type = support_equipment_1 amount = 40 producer = ROOT } }
LIL,SOF20_LIL_extra10,区域工程协作,21,available = { is_subject = no has_capitulated = no  },completion_reward = { add_equipment_to_stockpile = { type = motorized_equipment_1 amount = 25 producer = ROOT } }
LIL,SOF20_LIL_extra11,军民合同审查,21,available = { is_subject = no has_capitulated = no  },completion_reward = { army_experience = 8 }
LIL,SOF20_LIL_extra12,地方复兴基金,21,available = { is_subject = no has_capitulated = no  },completion_reward = { add_political_power = 35 }
LIL,SOF20_LIL_extra13,交通维修队,21,available = { is_subject = no has_capitulated = no  },completion_reward = { add_tech_bonus = { name = sof20_research_bonus bonus = 0.35 uses = 1 category = construction_tech } }
LIL,SOF20_LIL_extra14,联合军需条例,21,available = { is_subject = no has_capitulated = no  },completion_reward = { add_stability = 0.02 }
LIL,SOF20_LIL_extra15,城乡服务协约,21,available = { is_subject = no has_capitulated = no  },completion_reward = { add_equipment_to_stockpile = { type = support_equipment_1 amount = 40 producer = ROOT } }
MET,SOF20_MET_home0,地方共同会议,21,available = { is_subject = no has_capitulated = no  },completion_reward = { set_country_flag = sofzh_unification_started remove_ideas = sof20_MET_fragmentation add_political_power = 35 country_event = { id = sof20_MET.1 days = 1 } }
MET,SOF20_MET_home1,市镇登记章程,21,available = { is_subject = no has_capitulated = no  },completion_reward = { add_stability = 0.025 add_political_power = 30 sof20_MET_administration_1_grant = yes }
MET,SOF20_MET_home2,省际行政网络,21,available = { is_subject = no has_capitulated = no num_of_controlled_states > 6 },completion_reward = { sof20_MET_administration_1_grant = yes add_political_power = 30 }
MET,SOF20_MET_home3,大区共同服务,21,available = { is_subject = no has_capitulated = no num_of_controlled_states > 12 },completion_reward = { sof20_MET_administration_2_grant = yes add_stability = 0.02 }
MET,SOF20_MET_home4,地方财政统筹,21,available = { is_subject = no has_capitulated = no num_of_controlled_states > 25 },completion_reward = { sof20_MET_administration_2_grant = yes add_political_power = 40 }
MET,SOF20_MET_home5,国家公共机构,21,available = { is_subject = no has_capitulated = no num_of_controlled_states > 50 },completion_reward = { sof20_MET_administration_3_grant = yes add_political_power = 50 }
MET,SOF20_MET_pol0_0,矿工协约,21,available = { is_subject = no has_capitulated = no  },completion_reward = { sof20_MET_policy0_1_grant = yes set_country_flag = sof20_MET_route0 country_event = { id = sof20_MET.2 days = 1 } }
MET,SOF20_MET_pol0_1,矿工协约章程,21,available = { is_subject = no has_capitulated = no  },completion_reward = { sof20_MET_policy0_1_grant = yes }
MET,SOF20_MET_pol0_2,矿工协约预算,35,available = { is_subject = no has_capitulated = no  },completion_reward = { sof20_MET_policy0_2_grant = yes add_political_power = 35 }
MET,SOF20_MET_pol0_3,矿工协约契约,35,available = { is_subject = no has_capitulated = no  },completion_reward = { sof20_MET_policy0_2_grant = yes }
MET,SOF20_MET_pol0_4,矿工协约承诺,35,available = { is_subject = no has_capitulated = no  },completion_reward = { sof20_MET_policy0_3_grant = yes add_stability = 0.02 }
MET,SOF20_MET_pol0_5,矿工协约定案,35,available = { is_subject = no has_capitulated = no  },completion_reward = { sof20_MET_policy0_3_grant = yes set_country_flag = sof20_MET_constitution }
MET,SOF20_MET_pol1_0,工业理事会,21,available = { is_subject = no has_capitulated = no  },completion_reward = { sof20_MET_policy1_1_grant = yes set_country_flag = sof20_MET_route1 country_event = { id = sof20_MET.3 days = 1 } }
MET,SOF20_MET_pol1_1,工业理事章程,21,available = { is_subject = no has_capitulated = no  },completion_reward = { sof20_MET_policy1_1_grant = yes }
MET,SOF20_MET_pol1_2,工业理事预算,35,available = { is_subject = no has_capitulated = no  },completion_reward = { sof20_MET_policy1_2_grant = yes add_political_power = 35 }
MET,SOF20_MET_pol1_3,工业理事契约,35,available = { is_subject = no has_capitulated = no  },completion_reward = { sof20_MET_policy1_2_grant = yes }
MET,SOF20_MET_pol1_4,工业理事承诺,35,available = { is_subject = no has_capitulated = no  },completion_reward = { sof20_MET_policy1_3_grant = yes add_stability = 0.02 }
MET,SOF20_MET_pol1_5,工业理事定案,35,available = { is_subject = no has_capitulated = no  },completion_reward = { sof20_MET_policy1_3_grant = yes set_country_flag = sof20_MET_constitution }
MET,SOF20_MET_pol2_0,边境军政,21,available = { is_subject = no has_capitulated = no  },completion_reward = { sof20_MET_policy2_1_grant = yes set_country_flag = sof20_MET_route2 country_event = { id = sof20_MET.4 days = 1 } }
MET,SOF20_MET_pol2_1,边境军政章程,21,available = { is_subject = no has_capitulated = no  },completion_reward = { sof20_MET_policy2_1_grant = yes }
MET,SOF20_MET_pol2_2,边境军政预算,35,available = { is_subject = no has_capitulated = no  },completion_reward = { sof20_MET_policy2_2_grant = yes add_political_power = 35 }
MET,SOF20_MET_pol2_3,边境军政契约,35,available = { is_subject = no has_capitulated = no  },completion_reward = { sof20_MET_policy2_2_grant = yes }
MET,SOF20_MET_pol2_4,边境军政承诺,35,available = { is_subject = no has_capitulated = no  },completion_reward = { sof20_MET_policy2_3_grant = yes add_war_support = 0.025 }
MET,SOF20_MET_pol2_5,边境军政定案,35,available = { is_subject = no has_capitulated = no  },completion_reward = { sof20_MET_policy2_3_grant = yes set_country_flag = sof20_MET_constitution }
MET,SOF20_MET_eco0,洛林矿冶会议,21,available = { is_subject = no has_capitulated = no  },completion_reward = { add_political_power = 25 }
MET,SOF20_MET_eco1,矿区采购登记,21,available = { is_subject = no has_capitulated = no  },completion_reward = { add_political_power = 25 }
MET,SOF20_MET_eco2,矿工安全协议,21,available = { is_subject = no has_capitulated = no  },completion_reward = { add_political_power = 25 }
MET,SOF20_MET_eco3,矿山维修工坊,21,available = { is_subject = no has_capitulated = no  },completion_reward = { if = { limit = { any_owned_state = { is_fully_controlled_by = ROOT OR = { state = 92 state = 94 state = 96 state = 98 state = 106 state = 112 state = 116 state = 118 state = 124 state = 125 state = 129 state = 133 state = 134 state = 145 state = 159 state = 180 state = 181 state = 187 } industrial_complex < 20 } } random_owned_controlled_state = { limit = { is_fully_controlled_by = ROOT OR = { state = 92 state = 94 state = 96 state = 98 state = 106 state = 112 state = 116 state = 118 state = 124 state = 125 state = 129 state = 133 state = 134 state = 145 state = 159 state = 180 state = 181 state = 187 } industrial_complex < 20 } add_extra_state_shared_building_slots = 1 if = { limit = { free_building_slots = { building = industrial_complex size > 0 include_locked = yes } } add_building_construction = { type = industrial_complex level = 1 instant_build = yes } } else = { ROOT = { add_political_power = 35 } } } } else = { add_political_power = 35 } }
MET,SOF20_MET_eco4,煤铁运输计划,35,available = { is_subject = no has_capitulated = no  },completion_reward = { sof20_MET_industry_1_grant = yes }
MET,SOF20_MET_eco5,炼钢协作合同,35,available = { is_subject = no has_capitulated = no  },completion_reward = { remove_ideas = sof20_MET_bottleneck if = { limit = { any_owned_state = { is_fully_controlled_by = ROOT OR = { state = 92 state = 94 state = 96 state = 98 state = 106 state = 112 state = 116 state = 118 state = 124 state = 125 state = 129 state = 133 state = 134 state = 145 state = 159 state = 180 state = 181 state = 187 } infrastructure < 5 } } random_owned_controlled_state = { limit = { is_fully_controlled_by = ROOT OR = { state = 92 state = 94 state = 96 state = 98 state = 106 state = 112 state = 116 state = 118 state = 124 state = 125 state = 129 state = 133 state = 134 state = 145 state = 159 state = 180 state = 181 state = 187 } infrastructure < 5 } add_building_construction = { type = infrastructure level = 1 instant_build = yes } } } else = { add_political_power = 35 } }
MET,SOF20_MET_eco6,炮管生产订单,35,available = { is_subject = no has_capitulated = no  },completion_reward = { if = { limit = { any_owned_state = { is_fully_controlled_by = ROOT OR = { state = 92 state = 94 state = 96 state = 98 state = 106 state = 112 state = 116 state = 118 state = 124 state = 125 state = 129 state = 133 state = 134 state = 145 state = 159 state = 180 state = 181 state = 187 } arms_factory < 20 } } random_owned_controlled_state = { limit = { is_fully_controlled_by = ROOT OR = { state = 92 state = 94 state = 96 state = 98 state = 106 state = 112 state = 116 state = 118 state = 124 state = 125 state = 129 state = 133 state = 134 state = 145 state = 159 state = 180 state = 181 state = 187 } arms_factory < 20 } add_extra_state_shared_building_slots = 1 if = { limit = { free_building_slots = { building = arms_factory size > 0 include_locked = yes } } add_building_construction = { type = arms_factory level = 1 instant_build = yes } } else = { ROOT = { add_political_power = 35 } } } } else = { add_political_power = 35 } }
MET,SOF20_MET_eco7,矿冶技术学校,35,available = { is_subject = no has_capitulated = no  },completion_reward = { sof20_MET_industry_2_grant = yes }
MET,SOF20_MET_eco8,焦化生产配套,35,available = { is_subject = no has_capitulated = no  },completion_reward = { add_tech_bonus = { name = sof20_research_bonus bonus = 0.5 uses = 1 category = construction_tech } }
MET,SOF20_MET_eco9,兵工质量检查,35,available = { is_subject = no has_capitulated = no  },completion_reward = { if = { limit = { num_research_slots < 5 NOT = { has_country_flag = sof20_MET_research_slot } } add_research_slot = 1 set_country_flag = sof20_MET_research_slot } else = { add_political_power = 50 } }
MET,SOF20_MET_eco10,边境工业储备,35,available = { is_subject = no has_capitulated = no  },completion_reward = { if = { limit = { any_owned_state = { is_fully_controlled_by = ROOT OR = { state = 92 state = 94 state = 96 state = 98 state = 106 state = 112 state = 116 state = 118 state = 124 state = 125 state = 129 state = 133 state = 134 state = 145 state = 159 state = 180 state = 181 state = 187 } arms_factory < 20 } } random_owned_controlled_state = { limit = { is_fully_controlled_by = ROOT OR = { state = 92 state = 94 state = 96 state = 98 state = 106 state = 112 state = 116 state = 118 state = 124 state = 125 state = 129 state = 133 state = 134 state = 145 state = 159 state = 180 state = 181 state = 187 } arms_factory < 20 } add_extra_state_shared_building_slots = 1 if = { limit = { free_building_slots = { building = arms_factory size > 0 include_locked = yes } } add_building_construction = { type = arms_factory level = 1 instant_build = yes } } else = { ROOT = { add_political_power = 35 } } } } else = { add_political_power = 35 } }
MET,SOF20_MET_eco11,洛林工业联合体,35,available = { is_subject = no has_capitulated = no  },completion_reward = { sof20_MET_industry_3_grant = yes }
MET,SOF20_MET_army0,梅斯边境守备,21,available = { is_subject = no has_capitulated = no  },completion_reward = { add_equipment_to_stockpile = { type = infantry_equipment_0 amount = 200 producer = ROOT } add_manpower = 1000 }
MET,SOF20_MET_army1,炮兵观察哨,21,available = { is_subject = no has_capitulated = no  },completion_reward = { army_experience = 8 }
MET,SOF20_MET_army2,洛林军官学校,21,available = { is_subject = no has_capitulated = no  },completion_reward = { sof20_MET_army_1_grant = yes }
MET,SOF20_MET_army3,步炮训练规程,35,available = { is_subject = no has_capitulated = no  },completion_reward = { add_equipment_to_stockpile = { type = infantry_equipment_0 amount = 200 producer = ROOT } }
MET,SOF20_MET_army4,边境工程营,35,available = { is_subject = no has_capitulated = no  },completion_reward = { add_doctrine_cost_reduction = { name = sof20_research_bonus cost_reduction = 0.25 uses = 1 category = land_doctrine } }
MET,SOF20_MET_army5,矿区运输连,35,available = { is_subject = no has_capitulated = no  },completion_reward = { sof20_MET_army_2_grant = yes }
MET,SOF20_MET_army6,野战炮兵群,35,available = { is_subject = no has_capitulated = no  },completion_reward = { add_tech_bonus = { name = sof20_research_bonus bonus = 0.5 uses = 1 category = armor } }
MET,SOF20_MET_army7,铁路军运总署,35,available = { is_subject = no has_capitulated = no  },completion_reward = { add_equipment_to_stockpile = { type = support_equipment_1 amount = 50 producer = ROOT } }
MET,SOF20_MET_army8,林地战斗教范,35,available = { is_subject = no has_capitulated = no  },completion_reward = { sof20_learn_forest = yes custom_effect_tooltip = sof20_terrain_forest_tt }
MET,SOF20_MET_army9,洛林防卫军,35,available = { is_subject = no has_capitulated = no  },completion_reward = { sof20_MET_army_3_grant = yes }
MET,SOF20_MET_dip0,地区合作信函,21,available = { is_subject = no has_capitulated = no  },completion_reward = { set_country_flag = sof20_MET_diplomacy add_political_power = 25 }
MET,SOF20_MET_dip1,交通合作章程,21,available = { is_subject = no has_capitulated = no  },completion_reward = { set_country_flag = sof20_MET_transport add_stability = 0.025 }
MET,SOF20_MET_dip2,伙伴往来协议,21,available = { is_subject = no has_capitulated = no  },completion_reward = { set_country_flag = sof20_MET_integration_diplomacy add_political_power = 35 }
MET,SOF20_MET_dip3,地区防卫委任,21,available = { is_subject = no has_capitulated = no  },completion_reward = { set_country_flag = sofzh_unification_war_ready sofzh_unification_grant_border_goals = yes add_war_support = 0.025 }
MET,SOF20_MET_dip4,战地运输调度,21,available = { is_subject = no has_capitulated = no  },completion_reward = { add_equipment_to_stockpile = { type = train_equipment_1 amount = 15 producer = ROOT } add_equipment_to_stockpile = { type = motorized_equipment_1 amount = 30 producer = ROOT } }
MET,SOF20_MET_dip5,地区共同议会,21,available = { is_subject = no has_capitulated = no sof20_MET_controlled = yes },completion_reward = { set_cosmetic_tag = LORRAINE set_country_flag = form_region_flag sof20_MET_administration_2_grant = yes }
MET,SOF20_MET_nat0,全国协调会议,56,available = { is_subject = no has_capitulated = no num_of_controlled_states > 19 },completion_reward = { add_stability = 0.025 add_political_power = 50 }
MET,SOF20_MET_nat1,巴黎代表联络,35,available = { is_subject = no has_capitulated = no 143 = { is_controlled_by = ROOT } },completion_reward = { add_political_power = 50 }
MET,SOF20_MET_nat2,统一战争纲领,35,available = { is_subject = no has_capitulated = no  },completion_reward = { set_country_flag = sofzh_unification_war_ready sofzh_unification_grant_border_goals = yes }
MET,SOF20_MET_nat3,宣告法国统一,56,available = { is_subject = no has_capitulated = no sofzh_unification_all_france = yes has_war = no },completion_reward = { sofzh_unification_proclaim_france = yes }
MET,SOF20_MET_nat4,军工和平转产,35,available = { is_subject = no has_capitulated = no has_country_flag = sofzh_unification_complete },completion_reward = { add_stability = 0.04 add_political_power = 75 }
MET,SOF20_MET_nat5,全国公共重建,35,available = { is_subject = no has_capitulated = no has_country_flag = sofzh_unification_complete },completion_reward = { sof20_MET_administration_3_grant = yes random_owned_controlled_state = { limit = { is_fully_controlled_by = ROOT OR = { state = 92 state = 94 state = 96 state = 98 state = 106 state = 112 state = 116 state = 118 state = 124 state = 125 state = 129 state = 133 state = 134 state = 145 state = 159 state = 180 state = 181 state = 187 } industrial_complex < 20 } add_extra_state_shared_building_slots = 1 if = { limit = { free_building_slots = { building = industrial_complex size > 0 include_locked = yes } } add_building_construction = { type = industrial_complex level = 1 instant_build = yes } } else = { ROOT = { add_political_power = 35 } } } }
MET,SOF20_MET_nat6,地方整合授权,35,available = { is_subject = no has_capitulated = no has_country_flag = sofzh_unification_complete },completion_reward = { sofzh_unification_integrate_territories = yes }
MET,SOF20_MET_nat7,战后宪政定案,56,available = { is_subject = no has_capitulated = no has_country_flag = sofzh_unification_complete },completion_reward = { add_stability = 0.05 add_political_power = 100 }
MET,SOF20_MET_extra0,梅斯预算协定,21,available = { is_subject = no has_capitulated = no  },completion_reward = { add_political_power = 35 set_country_flag = sof20_MET_specialist_project }
MET,SOF20_MET_extra1,洛林订单协调,21,available = { is_subject = no has_capitulated = no  },completion_reward = { add_tech_bonus = { name = sof20_research_bonus bonus = 0.35 uses = 1 category = construction_tech } }
MET,SOF20_MET_extra2,公共投资议案,21,available = { is_subject = no has_capitulated = no  },completion_reward = { add_stability = 0.02 }
MET,SOF20_MET_extra3,本地机具整备,21,available = { is_subject = no has_capitulated = no  },completion_reward = { add_equipment_to_stockpile = { type = support_equipment_1 amount = 40 producer = ROOT } }
MET,SOF20_MET_extra4,运输储备计划,21,available = { is_subject = no has_capitulated = no  },completion_reward = { add_equipment_to_stockpile = { type = motorized_equipment_1 amount = 25 producer = ROOT } }
MET,SOF20_MET_extra5,地方医疗协作,21,available = { is_subject = no has_capitulated = no  },completion_reward = { army_experience = 8 }
MET,SOF20_MET_extra6,工场联合采购,21,available = { is_subject = no has_capitulated = no  },completion_reward = { add_political_power = 35 }
MET,SOF20_MET_extra7,前线联络课程,21,available = { is_subject = no has_capitulated = no  },completion_reward = { add_tech_bonus = { name = sof20_research_bonus bonus = 0.35 uses = 1 category = construction_tech } }
MET,SOF20_MET_extra8,技术传播网络,21,available = { is_subject = no has_capitulated = no  },completion_reward = { add_stability = 0.02 }
MET,SOF20_MET_extra9,后备人员登记,21,available = { is_subject = no has_capitulated = no  },completion_reward = { add_equipment_to_stockpile = { type = support_equipment_1 amount = 40 producer = ROOT } }
MET,SOF20_MET_extra10,区域工程协作,21,available = { is_subject = no has_capitulated = no  },completion_reward = { add_equipment_to_stockpile = { type = motorized_equipment_1 amount = 25 producer = ROOT } }
MET,SOF20_MET_extra11,军民合同审查,21,available = { is_subject = no has_capitulated = no  },completion_reward = { army_experience = 8 }
MET,SOF20_MET_extra12,地方复兴基金,21,available = { is_subject = no has_capitulated = no  },completion_reward = { add_political_power = 35 }
MET,SOF20_MET_extra13,交通维修队,21,available = { is_subject = no has_capitulated = no  },completion_reward = { add_tech_bonus = { name = sof20_research_bonus bonus = 0.35 uses = 1 category = construction_tech } }
MET,SOF20_MET_extra14,联合军需条例,21,available = { is_subject = no has_capitulated = no  },completion_reward = { add_stability = 0.02 }
MET,SOF20_MET_extra15,城乡服务协约,21,available = { is_subject = no has_capitulated = no  },completion_reward = { add_equipment_to_stockpile = { type = support_equipment_1 amount = 40 producer = ROOT } }
STR,SOF20_STR_home0,地方共同会议,21,available = { is_subject = no has_capitulated = no  },completion_reward = { set_country_flag = sofzh_unification_started remove_ideas = sof20_STR_fragmentation add_political_power = 35 country_event = { id = sof20_STR.1 days = 1 } }
STR,SOF20_STR_home1,市镇登记章程,21,available = { is_subject = no has_capitulated = no  },completion_reward = { add_stability = 0.025 add_political_power = 30 sof20_STR_administration_1_grant = yes }
STR,SOF20_STR_home2,省际行政网络,21,available = { is_subject = no has_capitulated = no num_of_controlled_states > 6 },completion_reward = { sof20_STR_administration_1_grant = yes add_political_power = 30 }
STR,SOF20_STR_home3,大区共同服务,21,available = { is_subject = no has_capitulated = no num_of_controlled_states > 12 },completion_reward = { sof20_STR_administration_2_grant = yes add_stability = 0.02 }
STR,SOF20_STR_home4,地方财政统筹,21,available = { is_subject = no has_capitulated = no num_of_controlled_states > 25 },completion_reward = { sof20_STR_administration_2_grant = yes add_political_power = 40 }
STR,SOF20_STR_home5,国家公共机构,21,available = { is_subject = no has_capitulated = no num_of_controlled_states > 50 },completion_reward = { sof20_STR_administration_3_grant = yes add_political_power = 50 }
STR,SOF20_STR_pol0_0,市民联邦,21,available = { is_subject = no has_capitulated = no  },completion_reward = { sof20_STR_policy0_1_grant = yes set_country_flag = sof20_STR_route0 country_event = { id = sof20_STR.2 days = 1 } }
STR,SOF20_STR_pol0_1,市民联邦章程,21,available = { is_subject = no has_capitulated = no  },completion_reward = { sof20_STR_policy0_1_grant = yes }
STR,SOF20_STR_pol0_2,市民联邦预算,35,available = { is_subject = no has_capitulated = no  },completion_reward = { sof20_STR_policy0_2_grant = yes add_political_power = 35 }
STR,SOF20_STR_pol0_3,市民联邦契约,35,available = { is_subject = no has_capitulated = no  },completion_reward = { sof20_STR_policy0_2_grant = yes }
STR,SOF20_STR_pol0_4,市民联邦承诺,35,available = { is_subject = no has_capitulated = no  },completion_reward = { sof20_STR_policy0_3_grant = yes add_stability = 0.02 }
STR,SOF20_STR_pol0_5,市民联邦定案,35,available = { is_subject = no has_capitulated = no  },completion_reward = { sof20_STR_policy0_3_grant = yes set_country_flag = sof20_STR_constitution }
STR,SOF20_STR_pol1_0,地方自治,21,available = { is_subject = no has_capitulated = no  },completion_reward = { sof20_STR_policy1_1_grant = yes set_country_flag = sof20_STR_route1 country_event = { id = sof20_STR.3 days = 1 } }
STR,SOF20_STR_pol1_1,地方自治章程,21,available = { is_subject = no has_capitulated = no  },completion_reward = { sof20_STR_policy1_1_grant = yes }
STR,SOF20_STR_pol1_2,地方自治预算,35,available = { is_subject = no has_capitulated = no  },completion_reward = { sof20_STR_policy1_2_grant = yes add_political_power = 35 }
STR,SOF20_STR_pol1_3,地方自治契约,35,available = { is_subject = no has_capitulated = no  },completion_reward = { sof20_STR_policy1_2_grant = yes }
STR,SOF20_STR_pol1_4,地方自治承诺,35,available = { is_subject = no has_capitulated = no  },completion_reward = { sof20_STR_policy1_3_grant = yes add_stability = 0.02 }
STR,SOF20_STR_pol1_5,地方自治定案,35,available = { is_subject = no has_capitulated = no  },completion_reward = { sof20_STR_policy1_3_grant = yes set_country_flag = sof20_STR_constitution }
STR,SOF20_STR_pol2_0,防卫总署,21,available = { is_subject = no has_capitulated = no  },completion_reward = { sof20_STR_policy2_1_grant = yes set_country_flag = sof20_STR_route2 country_event = { id = sof20_STR.4 days = 1 } }
STR,SOF20_STR_pol2_1,防卫总署章程,21,available = { is_subject = no has_capitulated = no  },completion_reward = { sof20_STR_policy2_1_grant = yes }
STR,SOF20_STR_pol2_2,防卫总署预算,35,available = { is_subject = no has_capitulated = no  },completion_reward = { sof20_STR_policy2_2_grant = yes add_political_power = 35 }
STR,SOF20_STR_pol2_3,防卫总署契约,35,available = { is_subject = no has_capitulated = no  },completion_reward = { sof20_STR_policy2_2_grant = yes }
STR,SOF20_STR_pol2_4,防卫总署承诺,35,available = { is_subject = no has_capitulated = no  },completion_reward = { sof20_STR_policy2_3_grant = yes add_war_support = 0.025 }
STR,SOF20_STR_pol2_5,防卫总署定案,35,available = { is_subject = no has_capitulated = no  },completion_reward = { sof20_STR_policy2_3_grant = yes set_country_flag = sof20_STR_constitution }
STR,SOF20_STR_eco0,莱茵工坊登记,21,available = { is_subject = no has_capitulated = no  },completion_reward = { add_political_power = 25 }
STR,SOF20_STR_eco1,精密机具订单,21,available = { is_subject = no has_capitulated = no  },completion_reward = { add_political_power = 25 }
STR,SOF20_STR_eco2,地方技术学校,21,available = { is_subject = no has_capitulated = no  },completion_reward = { add_political_power = 25 }
STR,SOF20_STR_eco3,双语行业规程,21,available = { is_subject = no has_capitulated = no  },completion_reward = { if = { limit = { any_owned_state = { is_fully_controlled_by = ROOT OR = { state = 126 state = 127 state = 128 state = 170 state = 173 state = 183 state = 193 state = 197 state = 210 state = 214 state = 217 state = 223 } industrial_complex < 20 } } random_owned_controlled_state = { limit = { is_fully_controlled_by = ROOT OR = { state = 126 state = 127 state = 128 state = 170 state = 173 state = 183 state = 193 state = 197 state = 210 state = 214 state = 217 state = 223 } industrial_complex < 20 } add_extra_state_shared_building_slots = 1 if = { limit = { free_building_slots = { building = industrial_complex size > 0 include_locked = yes } } add_building_construction = { type = industrial_complex level = 1 instant_build = yes } } else = { ROOT = { add_political_power = 35 } } } } else = { add_political_power = 35 } }
STR,SOF20_STR_eco4,化工生产配套,35,available = { is_subject = no has_capitulated = no  },completion_reward = { sof20_STR_industry_1_grant = yes }
STR,SOF20_STR_eco5,工坊信用计划,35,available = { is_subject = no has_capitulated = no  },completion_reward = { remove_ideas = sof20_STR_bottleneck if = { limit = { any_owned_state = { is_fully_controlled_by = ROOT OR = { state = 126 state = 127 state = 128 state = 170 state = 173 state = 183 state = 193 state = 197 state = 210 state = 214 state = 217 state = 223 } infrastructure < 5 } } random_owned_controlled_state = { limit = { is_fully_controlled_by = ROOT OR = { state = 126 state = 127 state = 128 state = 170 state = 173 state = 183 state = 193 state = 197 state = 210 state = 214 state = 217 state = 223 } infrastructure < 5 } add_building_construction = { type = infrastructure level = 1 instant_build = yes } } } else = { add_political_power = 35 } }
STR,SOF20_STR_eco6,精密军械标准,35,available = { is_subject = no has_capitulated = no  },completion_reward = { if = { limit = { any_owned_state = { is_fully_controlled_by = ROOT OR = { state = 126 state = 127 state = 128 state = 170 state = 173 state = 183 state = 193 state = 197 state = 210 state = 214 state = 217 state = 223 } arms_factory < 20 } } random_owned_controlled_state = { limit = { is_fully_controlled_by = ROOT OR = { state = 126 state = 127 state = 128 state = 170 state = 173 state = 183 state = 193 state = 197 state = 210 state = 214 state = 217 state = 223 } arms_factory < 20 } add_extra_state_shared_building_slots = 1 if = { limit = { free_building_slots = { building = arms_factory size > 0 include_locked = yes } } add_building_construction = { type = arms_factory level = 1 instant_build = yes } } else = { ROOT = { add_political_power = 35 } } } } else = { add_political_power = 35 } }
STR,SOF20_STR_eco7,边境铁路协作,35,available = { is_subject = no has_capitulated = no  },completion_reward = { sof20_STR_industry_2_grant = yes }
STR,SOF20_STR_eco8,市镇卫生工程,35,available = { is_subject = no has_capitulated = no  },completion_reward = { add_tech_bonus = { name = sof20_research_bonus bonus = 0.5 uses = 1 category = construction_tech } }
STR,SOF20_STR_eco9,工艺研究联合,35,available = { is_subject = no has_capitulated = no  },completion_reward = { if = { limit = { num_research_slots < 5 NOT = { has_country_flag = sof20_STR_research_slot } } add_research_slot = 1 set_country_flag = sof20_STR_research_slot } else = { add_political_power = 50 } }
STR,SOF20_STR_eco10,本地防务订单,35,available = { is_subject = no has_capitulated = no  },completion_reward = { if = { limit = { any_owned_state = { is_fully_controlled_by = ROOT OR = { state = 126 state = 127 state = 128 state = 170 state = 173 state = 183 state = 193 state = 197 state = 210 state = 214 state = 217 state = 223 } arms_factory < 20 } } random_owned_controlled_state = { limit = { is_fully_controlled_by = ROOT OR = { state = 126 state = 127 state = 128 state = 170 state = 173 state = 183 state = 193 state = 197 state = 210 state = 214 state = 217 state = 223 } arms_factory < 20 } add_extra_state_shared_building_slots = 1 if = { limit = { free_building_slots = { building = arms_factory size > 0 include_locked = yes } } add_building_construction = { type = arms_factory level = 1 instant_build = yes } } else = { ROOT = { add_political_power = 35 } } } } else = { add_political_power = 35 } }
STR,SOF20_STR_eco11,莱茵产业协约,35,available = { is_subject = no has_capitulated = no  },completion_reward = { sof20_STR_industry_3_grant = yes }
STR,SOF20_STR_army0,城市防卫队,21,available = { is_subject = no has_capitulated = no  },completion_reward = { add_equipment_to_stockpile = { type = infantry_equipment_0 amount = 200 producer = ROOT } add_manpower = 1000 }
STR,SOF20_STR_army1,双语军官课程,21,available = { is_subject = no has_capitulated = no  },completion_reward = { army_experience = 8 }
STR,SOF20_STR_army2,莱茵侦察训练,21,available = { is_subject = no has_capitulated = no  },completion_reward = { sof20_STR_army_1_grant = yes }
STR,SOF20_STR_army3,精密步枪保养,35,available = { is_subject = no has_capitulated = no  },completion_reward = { add_equipment_to_stockpile = { type = infantry_equipment_0 amount = 200 producer = ROOT } }
STR,SOF20_STR_army4,边境工兵连,35,available = { is_subject = no has_capitulated = no  },completion_reward = { add_doctrine_cost_reduction = { name = sof20_research_bonus cost_reduction = 0.25 uses = 1 category = land_doctrine } }
STR,SOF20_STR_army5,地方防卫通讯,35,available = { is_subject = no has_capitulated = no  },completion_reward = { sof20_STR_army_2_grant = yes }
STR,SOF20_STR_army6,轻步兵编组,35,available = { is_subject = no has_capitulated = no  },completion_reward = { add_tech_bonus = { name = sof20_research_bonus bonus = 0.5 uses = 1 category = infantry_weapons } }
STR,SOF20_STR_army7,城市作战学校,35,available = { is_subject = no has_capitulated = no  },completion_reward = { add_equipment_to_stockpile = { type = support_equipment_1 amount = 50 producer = ROOT } }
STR,SOF20_STR_army8,莱茵防卫教范,35,available = { is_subject = no has_capitulated = no  },completion_reward = { sof20_learn_urban = yes custom_effect_tooltip = sof20_terrain_urban_tt }
STR,SOF20_STR_army9,阿尔萨斯军团,35,available = { is_subject = no has_capitulated = no  },completion_reward = { sof20_STR_army_3_grant = yes }
STR,SOF20_STR_dip0,地区合作信函,21,available = { is_subject = no has_capitulated = no  },completion_reward = { set_country_flag = sof20_STR_diplomacy add_political_power = 25 }
STR,SOF20_STR_dip1,交通合作章程,21,available = { is_subject = no has_capitulated = no  },completion_reward = { set_country_flag = sof20_STR_transport add_stability = 0.025 }
STR,SOF20_STR_dip2,伙伴往来协议,21,available = { is_subject = no has_capitulated = no  },completion_reward = { set_country_flag = sof20_STR_integration_diplomacy add_political_power = 35 }
STR,SOF20_STR_dip3,地区防卫委任,21,available = { is_subject = no has_capitulated = no  },completion_reward = { set_country_flag = sofzh_unification_war_ready sofzh_unification_grant_border_goals = yes add_war_support = 0.025 }
STR,SOF20_STR_dip4,战地运输调度,21,available = { is_subject = no has_capitulated = no  },completion_reward = { add_equipment_to_stockpile = { type = train_equipment_1 amount = 15 producer = ROOT } add_equipment_to_stockpile = { type = motorized_equipment_1 amount = 30 producer = ROOT } }
STR,SOF20_STR_dip5,地区共同议会,21,available = { is_subject = no has_capitulated = no sof20_STR_controlled = yes },completion_reward = { set_cosmetic_tag = ALSACE set_country_flag = form_region_flag sof20_STR_administration_2_grant = yes }
STR,SOF20_STR_nat0,全国协调会议,56,available = { is_subject = no has_capitulated = no num_of_controlled_states > 19 },completion_reward = { add_stability = 0.025 add_political_power = 50 }
STR,SOF20_STR_nat1,巴黎代表联络,35,available = { is_subject = no has_capitulated = no 143 = { is_controlled_by = ROOT } },completion_reward = { add_political_power = 50 }
STR,SOF20_STR_nat2,统一战争纲领,35,available = { is_subject = no has_capitulated = no  },completion_reward = { set_country_flag = sofzh_unification_war_ready sofzh_unification_grant_border_goals = yes }
STR,SOF20_STR_nat3,宣告法国统一,56,available = { is_subject = no has_capitulated = no sofzh_unification_all_france = yes has_war = no },completion_reward = { sofzh_unification_proclaim_france = yes }
STR,SOF20_STR_nat4,军工和平转产,35,available = { is_subject = no has_capitulated = no has_country_flag = sofzh_unification_complete },completion_reward = { add_stability = 0.04 add_political_power = 75 }
STR,SOF20_STR_nat5,全国公共重建,35,available = { is_subject = no has_capitulated = no has_country_flag = sofzh_unification_complete },completion_reward = { sof20_STR_administration_3_grant = yes random_owned_controlled_state = { limit = { is_fully_controlled_by = ROOT OR = { state = 126 state = 127 state = 128 state = 170 state = 173 state = 183 state = 193 state = 197 state = 210 state = 214 state = 217 state = 223 } industrial_complex < 20 } add_extra_state_shared_building_slots = 1 if = { limit = { free_building_slots = { building = industrial_complex size > 0 include_locked = yes } } add_building_construction = { type = industrial_complex level = 1 instant_build = yes } } else = { ROOT = { add_political_power = 35 } } } }
STR,SOF20_STR_nat6,地方整合授权,35,available = { is_subject = no has_capitulated = no has_country_flag = sofzh_unification_complete },completion_reward = { sofzh_unification_integrate_territories = yes }
STR,SOF20_STR_nat7,战后宪政定案,56,available = { is_subject = no has_capitulated = no has_country_flag = sofzh_unification_complete },completion_reward = { add_stability = 0.05 add_political_power = 100 }
STR,SOF20_STR_extra0,斯特拉预算协定,21,available = { is_subject = no has_capitulated = no  },completion_reward = { add_political_power = 35 set_country_flag = sof20_STR_specialist_project }
STR,SOF20_STR_extra1,阿尔萨订单协调,21,available = { is_subject = no has_capitulated = no  },completion_reward = { add_tech_bonus = { name = sof20_research_bonus bonus = 0.35 uses = 1 category = construction_tech } }
STR,SOF20_STR_extra2,公共投资议案,21,available = { is_subject = no has_capitulated = no  },completion_reward = { add_stability = 0.02 }
STR,SOF20_STR_extra3,本地机具整备,21,available = { is_subject = no has_capitulated = no  },completion_reward = { add_equipment_to_stockpile = { type = support_equipment_1 amount = 40 producer = ROOT } }
STR,SOF20_STR_extra4,运输储备计划,21,available = { is_subject = no has_capitulated = no  },completion_reward = { add_equipment_to_stockpile = { type = motorized_equipment_1 amount = 25 producer = ROOT } }
STR,SOF20_STR_extra5,地方医疗协作,21,available = { is_subject = no has_capitulated = no  },completion_reward = { army_experience = 8 }
STR,SOF20_STR_extra6,工场联合采购,21,available = { is_subject = no has_capitulated = no  },completion_reward = { add_political_power = 35 }
STR,SOF20_STR_extra7,前线联络课程,21,available = { is_subject = no has_capitulated = no  },completion_reward = { add_tech_bonus = { name = sof20_research_bonus bonus = 0.35 uses = 1 category = construction_tech } }
STR,SOF20_STR_extra8,技术传播网络,21,available = { is_subject = no has_capitulated = no  },completion_reward = { add_stability = 0.02 }
STR,SOF20_STR_extra9,后备人员登记,21,available = { is_subject = no has_capitulated = no  },completion_reward = { add_equipment_to_stockpile = { type = support_equipment_1 amount = 40 producer = ROOT } }
STR,SOF20_STR_extra10,区域工程协作,21,available = { is_subject = no has_capitulated = no  },completion_reward = { add_equipment_to_stockpile = { type = motorized_equipment_1 amount = 25 producer = ROOT } }
STR,SOF20_STR_extra11,军民合同审查,21,available = { is_subject = no has_capitulated = no  },completion_reward = { army_experience = 8 }
ROU,SOF20_ROU_home0,地方共同会议,21,available = { is_subject = no has_capitulated = no  },completion_reward = { set_country_flag = sofzh_unification_started remove_ideas = sof20_ROU_fragmentation add_political_power = 35 country_event = { id = sof20_ROU.1 days = 1 } }
ROU,SOF20_ROU_home1,市镇登记章程,21,available = { is_subject = no has_capitulated = no  },completion_reward = { add_stability = 0.025 add_political_power = 30 sof20_ROU_administration_1_grant = yes }
ROU,SOF20_ROU_home2,省际行政网络,21,available = { is_subject = no has_capitulated = no num_of_controlled_states > 6 },completion_reward = { sof20_ROU_administration_1_grant = yes add_political_power = 30 }
ROU,SOF20_ROU_home3,大区共同服务,21,available = { is_subject = no has_capitulated = no num_of_controlled_states > 12 },completion_reward = { sof20_ROU_administration_2_grant = yes add_stability = 0.02 }
ROU,SOF20_ROU_home4,地方财政统筹,21,available = { is_subject = no has_capitulated = no num_of_controlled_states > 25 },completion_reward = { sof20_ROU_administration_2_grant = yes add_political_power = 40 }
ROU,SOF20_ROU_home5,国家公共机构,21,available = { is_subject = no has_capitulated = no num_of_controlled_states > 50 },completion_reward = { sof20_ROU_administration_3_grant = yes add_political_power = 50 }
ROU,SOF20_ROU_pol0_0,河港议会,21,available = { is_subject = no has_capitulated = no  },completion_reward = { sof20_ROU_policy0_1_grant = yes set_country_flag = sof20_ROU_route0 country_event = { id = sof20_ROU.2 days = 1 } }
ROU,SOF20_ROU_pol0_1,河港议会章程,21,available = { is_subject = no has_capitulated = no  },completion_reward = { sof20_ROU_policy0_1_grant = yes }
ROU,SOF20_ROU_pol0_2,河港议会预算,35,available = { is_subject = no has_capitulated = no  },completion_reward = { sof20_ROU_policy0_2_grant = yes add_political_power = 35 }
ROU,SOF20_ROU_pol0_3,河港议会契约,35,available = { is_subject = no has_capitulated = no  },completion_reward = { sof20_ROU_policy0_2_grant = yes }
ROU,SOF20_ROU_pol0_4,河港议会承诺,35,available = { is_subject = no has_capitulated = no  },completion_reward = { sof20_ROU_policy0_3_grant = yes add_stability = 0.02 }
ROU,SOF20_ROU_pol0_5,河港议会定案,35,available = { is_subject = no has_capitulated = no  },completion_reward = { sof20_ROU_policy0_3_grant = yes set_country_flag = sof20_ROU_constitution }
ROU,SOF20_ROU_pol1_0,工业统筹,21,available = { is_subject = no has_capitulated = no  },completion_reward = { sof20_ROU_policy1_1_grant = yes set_country_flag = sof20_ROU_route1 country_event = { id = sof20_ROU.3 days = 1 } }
ROU,SOF20_ROU_pol1_1,工业统筹章程,21,available = { is_subject = no has_capitulated = no  },completion_reward = { sof20_ROU_policy1_1_grant = yes }
ROU,SOF20_ROU_pol1_2,工业统筹预算,35,available = { is_subject = no has_capitulated = no  },completion_reward = { sof20_ROU_policy1_2_grant = yes add_political_power = 35 }
ROU,SOF20_ROU_pol1_3,工业统筹契约,35,available = { is_subject = no has_capitulated = no  },completion_reward = { sof20_ROU_policy1_2_grant = yes }
ROU,SOF20_ROU_pol1_4,工业统筹承诺,35,available = { is_subject = no has_capitulated = no  },completion_reward = { sof20_ROU_policy1_3_grant = yes add_stability = 0.02 }
ROU,SOF20_ROU_pol1_5,工业统筹定案,35,available = { is_subject = no has_capitulated = no  },completion_reward = { sof20_ROU_policy1_3_grant = yes set_country_flag = sof20_ROU_constitution }
ROU,SOF20_ROU_pol2_0,海峡防卫,21,available = { is_subject = no has_capitulated = no  },completion_reward = { sof20_ROU_policy2_1_grant = yes set_country_flag = sof20_ROU_route2 country_event = { id = sof20_ROU.4 days = 1 } }
ROU,SOF20_ROU_pol2_1,海峡防卫章程,21,available = { is_subject = no has_capitulated = no  },completion_reward = { sof20_ROU_policy2_1_grant = yes }
ROU,SOF20_ROU_pol2_2,海峡防卫预算,35,available = { is_subject = no has_capitulated = no  },completion_reward = { sof20_ROU_policy2_2_grant = yes add_political_power = 35 }
ROU,SOF20_ROU_pol2_3,海峡防卫契约,35,available = { is_subject = no has_capitulated = no  },completion_reward = { sof20_ROU_policy2_2_grant = yes }
ROU,SOF20_ROU_pol2_4,海峡防卫承诺,35,available = { is_subject = no has_capitulated = no  },completion_reward = { sof20_ROU_policy2_3_grant = yes add_war_support = 0.025 }
ROU,SOF20_ROU_pol2_5,海峡防卫定案,35,available = { is_subject = no has_capitulated = no  },completion_reward = { sof20_ROU_policy2_3_grant = yes set_country_flag = sof20_ROU_constitution }
ROU,SOF20_ROU_eco0,塞纳河港协约,21,available = { is_subject = no has_capitulated = no  },completion_reward = { add_political_power = 25 }
ROU,SOF20_ROU_eco1,河运仓库整备,21,available = { is_subject = no has_capitulated = no  },completion_reward = { add_political_power = 25 }
ROU,SOF20_ROU_eco2,港口机具维修,21,available = { is_subject = no has_capitulated = no  },completion_reward = { add_political_power = 25 }
ROU,SOF20_ROU_eco3,码头安全章程,21,available = { is_subject = no has_capitulated = no  },completion_reward = { if = { limit = { any_owned_state = { is_fully_controlled_by = ROOT OR = { state = 74 state = 80 state = 84 state = 88 state = 99 state = 100 state = 101 state = 104 state = 105 state = 107 state = 109 state = 117 state = 122 state = 136 state = 148 state = 156 state = 164 } industrial_complex < 20 } } random_owned_controlled_state = { limit = { is_fully_controlled_by = ROOT OR = { state = 74 state = 80 state = 84 state = 88 state = 99 state = 100 state = 101 state = 104 state = 105 state = 107 state = 109 state = 117 state = 122 state = 136 state = 148 state = 156 state = 164 } industrial_complex < 20 } add_extra_state_shared_building_slots = 1 if = { limit = { free_building_slots = { building = industrial_complex size > 0 include_locked = yes } } add_building_construction = { type = industrial_complex level = 1 instant_build = yes } } else = { ROOT = { add_political_power = 35 } } } } else = { add_political_power = 35 } }
ROU,SOF20_ROU_eco4,诺曼底矿业协作,35,available = { is_subject = no has_capitulated = no  },completion_reward = { sof20_ROU_industry_1_grant = yes }
ROU,SOF20_ROU_eco5,河海工业订单,35,available = { is_subject = no has_capitulated = no  },completion_reward = { remove_ideas = sof20_ROU_bottleneck if = { limit = { any_owned_state = { is_fully_controlled_by = ROOT OR = { state = 74 state = 80 state = 84 state = 88 state = 99 state = 100 state = 101 state = 104 state = 105 state = 107 state = 109 state = 117 state = 122 state = 136 state = 148 state = 156 state = 164 } infrastructure < 5 } } random_owned_controlled_state = { limit = { is_fully_controlled_by = ROOT OR = { state = 74 state = 80 state = 84 state = 88 state = 99 state = 100 state = 101 state = 104 state = 105 state = 107 state = 109 state = 117 state = 122 state = 136 state = 148 state = 156 state = 164 } infrastructure < 5 } add_building_construction = { type = infrastructure level = 1 instant_build = yes } } } else = { add_political_power = 35 } }
ROU,SOF20_ROU_eco6,沿岸船厂协作,35,available = { is_subject = no has_capitulated = no  },completion_reward = { if = { limit = {  } if = { limit = { any_owned_state = { is_fully_controlled_by = ROOT OR = { state = 74 state = 80 state = 84 state = 88 state = 99 state = 100 state = 101 state = 104 state = 105 state = 107 state = 109 state = 117 state = 122 state = 136 state = 148 state = 156 state = 164 } is_coastal = yes dockyard < 20 } } random_owned_controlled_state = { limit = { is_fully_controlled_by = ROOT OR = { state = 74 state = 80 state = 84 state = 88 state = 99 state = 100 state = 101 state = 104 state = 105 state = 107 state = 109 state = 117 state = 122 state = 136 state = 148 state = 156 state = 164 } is_coastal = yes dockyard < 20 } add_extra_state_shared_building_slots = 1 if = { limit = { free_building_slots = { building = dockyard size > 0 include_locked = yes } } add_building_construction = { type = dockyard level = 1 instant_build = yes } } else = { ROOT = { add_political_power = 35 } } } } else = { add_political_power = 35 } } else = { add_political_power = 35 add_tech_bonus = { name = sof20_research_bonus bonus = 0.5 uses = 1 category = naval_equipment } } }
ROU,SOF20_ROU_eco7,河口运输保障,35,available = { is_subject = no has_capitulated = no  },completion_reward = { sof20_ROU_industry_2_grant = yes }
ROU,SOF20_ROU_eco8,航运技术学校,35,available = { is_subject = no has_capitulated = no  },completion_reward = { add_tech_bonus = { name = sof20_research_bonus bonus = 0.5 uses = 1 category = construction_tech } }
ROU,SOF20_ROU_eco9,港区科研联合,35,available = { is_subject = no has_capitulated = no  },completion_reward = { if = { limit = { num_research_slots < 5 NOT = { has_country_flag = sof20_ROU_research_slot } } add_research_slot = 1 set_country_flag = sof20_ROU_research_slot } else = { add_political_power = 50 } }
ROU,SOF20_ROU_eco10,舰船零件标准,35,available = { is_subject = no has_capitulated = no  },completion_reward = { if = { limit = { any_owned_state = { is_fully_controlled_by = ROOT OR = { state = 74 state = 80 state = 84 state = 88 state = 99 state = 100 state = 101 state = 104 state = 105 state = 107 state = 109 state = 117 state = 122 state = 136 state = 148 state = 156 state = 164 } arms_factory < 20 } } random_owned_controlled_state = { limit = { is_fully_controlled_by = ROOT OR = { state = 74 state = 80 state = 84 state = 88 state = 99 state = 100 state = 101 state = 104 state = 105 state = 107 state = 109 state = 117 state = 122 state = 136 state = 148 state = 156 state = 164 } arms_factory < 20 } add_extra_state_shared_building_slots = 1 if = { limit = { free_building_slots = { building = arms_factory size > 0 include_locked = yes } } add_building_construction = { type = arms_factory level = 1 instant_build = yes } } else = { ROOT = { add_political_power = 35 } } } } else = { add_political_power = 35 } }
ROU,SOF20_ROU_eco11,海峡工业联营,35,available = { is_subject = no has_capitulated = no  },completion_reward = { sof20_ROU_industry_3_grant = yes }
ROU,SOF20_ROU_army0,鲁昂地方守备,21,available = { is_subject = no has_capitulated = no  },completion_reward = { add_equipment_to_stockpile = { type = infantry_equipment_0 amount = 200 producer = ROOT } add_manpower = 1000 }
ROU,SOF20_ROU_army1,河口观察队,21,available = { is_subject = no has_capitulated = no  },completion_reward = { army_experience = 8 }
ROU,SOF20_ROU_army2,海峡军官学校,21,available = { is_subject = no has_capitulated = no  },completion_reward = { sof20_ROU_army_1_grant = yes }
ROU,SOF20_ROU_army3,步炮联络训练,35,available = { is_subject = no has_capitulated = no  },completion_reward = { add_equipment_to_stockpile = { type = infantry_equipment_0 amount = 200 producer = ROOT } }
ROU,SOF20_ROU_army4,渡河工兵队,35,available = { is_subject = no has_capitulated = no  },completion_reward = { add_doctrine_cost_reduction = { name = sof20_research_bonus cost_reduction = 0.25 uses = 1 category = land_doctrine } }
ROU,SOF20_ROU_army5,港区运输连,35,available = { is_subject = no has_capitulated = no  },completion_reward = { sof20_ROU_army_2_grant = yes }
ROU,SOF20_ROU_army6,海岸防卫部队,35,available = { is_subject = no has_capitulated = no  },completion_reward = { add_tech_bonus = { name = sof20_research_bonus bonus = 0.5 uses = 1 category = naval_equipment } }
ROU,SOF20_ROU_army7,登陆补给训练,35,available = { is_subject = no has_capitulated = no  },completion_reward = { add_equipment_to_stockpile = { type = support_equipment_1 amount = 50 producer = ROOT } }
ROU,SOF20_ROU_army8,河海战斗教范,35,available = { is_subject = no has_capitulated = no  },completion_reward = { sof20_learn_river = yes custom_effect_tooltip = sof20_terrain_river_tt }
ROU,SOF20_ROU_army9,海峡共同参谋,35,available = { is_subject = no has_capitulated = no  },completion_reward = { sof20_ROU_army_3_grant = yes }
ROU,SOF20_ROU_dip0,地区合作信函,21,available = { is_subject = no has_capitulated = no  },completion_reward = { set_country_flag = sof20_ROU_diplomacy add_political_power = 25 }
ROU,SOF20_ROU_dip1,交通合作章程,21,available = { is_subject = no has_capitulated = no  },completion_reward = { set_country_flag = sof20_ROU_transport add_stability = 0.025 }
ROU,SOF20_ROU_dip2,伙伴往来协议,21,available = { is_subject = no has_capitulated = no  },completion_reward = { set_country_flag = sof20_ROU_integration_diplomacy add_political_power = 35 }
ROU,SOF20_ROU_dip3,地区防卫委任,21,available = { is_subject = no has_capitulated = no  },completion_reward = { set_country_flag = sofzh_unification_war_ready sofzh_unification_grant_border_goals = yes add_war_support = 0.025 }
ROU,SOF20_ROU_dip4,战地运输调度,21,available = { is_subject = no has_capitulated = no  },completion_reward = { add_equipment_to_stockpile = { type = train_equipment_1 amount = 15 producer = ROOT } add_equipment_to_stockpile = { type = motorized_equipment_1 amount = 30 producer = ROOT } }
ROU,SOF20_ROU_dip5,地区共同议会,21,available = { is_subject = no has_capitulated = no sof20_ROU_controlled = yes },completion_reward = { set_cosmetic_tag = NORMANDIE set_country_flag = form_region_flag sof20_ROU_administration_2_grant = yes }
ROU,SOF20_ROU_nat0,全国协调会议,56,available = { is_subject = no has_capitulated = no num_of_controlled_states > 19 },completion_reward = { add_stability = 0.025 add_political_power = 50 }
ROU,SOF20_ROU_nat1,巴黎代表联络,35,available = { is_subject = no has_capitulated = no 143 = { is_controlled_by = ROOT } },completion_reward = { add_political_power = 50 }
ROU,SOF20_ROU_nat2,统一战争纲领,35,available = { is_subject = no has_capitulated = no  },completion_reward = { set_country_flag = sofzh_unification_war_ready sofzh_unification_grant_border_goals = yes }
ROU,SOF20_ROU_nat3,宣告法国统一,56,available = { is_subject = no has_capitulated = no sofzh_unification_all_france = yes has_war = no },completion_reward = { sofzh_unification_proclaim_france = yes }
ROU,SOF20_ROU_nat4,军工和平转产,35,available = { is_subject = no has_capitulated = no has_country_flag = sofzh_unification_complete },completion_reward = { add_stability = 0.04 add_political_power = 75 }
ROU,SOF20_ROU_nat5,全国公共重建,35,available = { is_subject = no has_capitulated = no has_country_flag = sofzh_unification_complete },completion_reward = { sof20_ROU_administration_3_grant = yes random_owned_controlled_state = { limit = { is_fully_controlled_by = ROOT OR = { state = 74 state = 80 state = 84 state = 88 state = 99 state = 100 state = 101 state = 104 state = 105 state = 107 state = 109 state = 117 state = 122 state = 136 state = 148 state = 156 state = 164 } industrial_complex < 20 } add_extra_state_shared_building_slots = 1 if = { limit = { free_building_slots = { building = industrial_complex size > 0 include_locked = yes } } add_building_construction = { type = industrial_complex level = 1 instant_build = yes } } else = { ROOT = { add_political_power = 35 } } } }
ROU,SOF20_ROU_nat6,地方整合授权,35,available = { is_subject = no has_capitulated = no has_country_flag = sofzh_unification_complete },completion_reward = { sofzh_unification_integrate_territories = yes }
ROU,SOF20_ROU_nat7,战后宪政定案,56,available = { is_subject = no has_capitulated = no has_country_flag = sofzh_unification_complete },completion_reward = { add_stability = 0.05 add_political_power = 100 }
ROU,SOF20_ROU_extra0,鲁昂预算协定,21,available = { is_subject = no has_capitulated = no  },completion_reward = { add_political_power = 35 set_country_flag = sof20_ROU_specialist_project }
ROU,SOF20_ROU_extra1,诺曼底订单协调,21,available = { is_subject = no has_capitulated = no  },completion_reward = { add_tech_bonus = { name = sof20_research_bonus bonus = 0.35 uses = 1 category = construction_tech } }
ROU,SOF20_ROU_extra2,公共投资议案,21,available = { is_subject = no has_capitulated = no  },completion_reward = { add_stability = 0.02 }
ROU,SOF20_ROU_extra3,本地机具整备,21,available = { is_subject = no has_capitulated = no  },completion_reward = { add_equipment_to_stockpile = { type = support_equipment_1 amount = 40 producer = ROOT } }
ROU,SOF20_ROU_extra4,运输储备计划,21,available = { is_subject = no has_capitulated = no  },completion_reward = { add_equipment_to_stockpile = { type = motorized_equipment_1 amount = 25 producer = ROOT } }
ROU,SOF20_ROU_extra5,地方医疗协作,21,available = { is_subject = no has_capitulated = no  },completion_reward = { army_experience = 8 }
ROU,SOF20_ROU_extra6,工场联合采购,21,available = { is_subject = no has_capitulated = no  },completion_reward = { add_political_power = 35 }
ROU,SOF20_ROU_extra7,前线联络课程,21,available = { is_subject = no has_capitulated = no  },completion_reward = { add_tech_bonus = { name = sof20_research_bonus bonus = 0.35 uses = 1 category = construction_tech } }
ROU,SOF20_ROU_extra8,技术传播网络,21,available = { is_subject = no has_capitulated = no  },completion_reward = { add_stability = 0.02 }
ROU,SOF20_ROU_extra9,后备人员登记,21,available = { is_subject = no has_capitulated = no  },completion_reward = { add_equipment_to_stockpile = { type = support_equipment_1 amount = 40 producer = ROOT } }
ROU,SOF20_ROU_extra10,区域工程协作,21,available = { is_subject = no has_capitulated = no  },completion_reward = { add_equipment_to_stockpile = { type = motorized_equipment_1 amount = 25 producer = ROOT } }
ROU,SOF20_ROU_extra11,军民合同审查,21,available = { is_subject = no has_capitulated = no  },completion_reward = { army_experience = 8 }
LYO,SOF20_LYO_home0,地方共同会议,21,available = { is_subject = no has_capitulated = no  },completion_reward = { set_country_flag = sofzh_unification_started remove_ideas = sof20_LYO_fragmentation add_political_power = 35 country_event = { id = sof20_LYO.1 days = 1 } }
LYO,SOF20_LYO_home1,市镇登记章程,21,available = { is_subject = no has_capitulated = no  },completion_reward = { add_stability = 0.025 add_political_power = 30 sof20_LYO_administration_1_grant = yes }
LYO,SOF20_LYO_home2,省际行政网络,21,available = { is_subject = no has_capitulated = no num_of_controlled_states > 6 },completion_reward = { sof20_LYO_administration_1_grant = yes add_political_power = 30 }
LYO,SOF20_LYO_home3,大区共同服务,21,available = { is_subject = no has_capitulated = no num_of_controlled_states > 12 },completion_reward = { sof20_LYO_administration_2_grant = yes add_stability = 0.02 }
LYO,SOF20_LYO_home4,地方财政统筹,21,available = { is_subject = no has_capitulated = no num_of_controlled_states > 25 },completion_reward = { sof20_LYO_administration_2_grant = yes add_political_power = 40 }
LYO,SOF20_LYO_home5,国家公共机构,21,available = { is_subject = no has_capitulated = no num_of_controlled_states > 50 },completion_reward = { sof20_LYO_administration_3_grant = yes add_political_power = 50 }
LYO,SOF20_LYO_pol0_0,市政共和,21,available = { is_subject = no has_capitulated = no  },completion_reward = { sof20_LYO_policy0_1_grant = yes set_country_flag = sof20_LYO_route0 country_event = { id = sof20_LYO.2 days = 1 } }
LYO,SOF20_LYO_pol0_1,市政共和章程,21,available = { is_subject = no has_capitulated = no  },completion_reward = { sof20_LYO_policy0_1_grant = yes }
LYO,SOF20_LYO_pol0_2,市政共和预算,35,available = { is_subject = no has_capitulated = no  },completion_reward = { sof20_LYO_policy0_2_grant = yes add_political_power = 35 }
LYO,SOF20_LYO_pol0_3,市政共和契约,35,available = { is_subject = no has_capitulated = no  },completion_reward = { sof20_LYO_policy0_2_grant = yes }
LYO,SOF20_LYO_pol0_4,市政共和承诺,35,available = { is_subject = no has_capitulated = no  },completion_reward = { sof20_LYO_policy0_3_grant = yes add_stability = 0.02 }
LYO,SOF20_LYO_pol0_5,市政共和定案,35,available = { is_subject = no has_capitulated = no  },completion_reward = { sof20_LYO_policy0_3_grant = yes set_country_flag = sof20_LYO_constitution }
LYO,SOF20_LYO_pol1_0,产业统筹,21,available = { is_subject = no has_capitulated = no  },completion_reward = { sof20_LYO_policy1_1_grant = yes set_country_flag = sof20_LYO_route1 country_event = { id = sof20_LYO.3 days = 1 } }
LYO,SOF20_LYO_pol1_1,产业统筹章程,21,available = { is_subject = no has_capitulated = no  },completion_reward = { sof20_LYO_policy1_1_grant = yes }
LYO,SOF20_LYO_pol1_2,产业统筹预算,35,available = { is_subject = no has_capitulated = no  },completion_reward = { sof20_LYO_policy1_2_grant = yes add_political_power = 35 }
LYO,SOF20_LYO_pol1_3,产业统筹契约,35,available = { is_subject = no has_capitulated = no  },completion_reward = { sof20_LYO_policy1_2_grant = yes }
LYO,SOF20_LYO_pol1_4,产业统筹承诺,35,available = { is_subject = no has_capitulated = no  },completion_reward = { sof20_LYO_policy1_3_grant = yes add_stability = 0.02 }
LYO,SOF20_LYO_pol1_5,产业统筹定案,35,available = { is_subject = no has_capitulated = no  },completion_reward = { sof20_LYO_policy1_3_grant = yes set_country_flag = sof20_LYO_constitution }
LYO,SOF20_LYO_pol2_0,阿尔卑斯卫戍,21,available = { is_subject = no has_capitulated = no  },completion_reward = { sof20_LYO_policy2_1_grant = yes set_country_flag = sof20_LYO_route2 country_event = { id = sof20_LYO.4 days = 1 } }
LYO,SOF20_LYO_pol2_1,阿尔卑斯章程,21,available = { is_subject = no has_capitulated = no  },completion_reward = { sof20_LYO_policy2_1_grant = yes }
LYO,SOF20_LYO_pol2_2,阿尔卑斯预算,35,available = { is_subject = no has_capitulated = no  },completion_reward = { sof20_LYO_policy2_2_grant = yes add_political_power = 35 }
LYO,SOF20_LYO_pol2_3,阿尔卑斯契约,35,available = { is_subject = no has_capitulated = no  },completion_reward = { sof20_LYO_policy2_2_grant = yes }
LYO,SOF20_LYO_pol2_4,阿尔卑斯承诺,35,available = { is_subject = no has_capitulated = no  },completion_reward = { sof20_LYO_policy2_3_grant = yes add_war_support = 0.025 }
LYO,SOF20_LYO_pol2_5,阿尔卑斯定案,35,available = { is_subject = no has_capitulated = no  },completion_reward = { sof20_LYO_policy2_3_grant = yes set_country_flag = sof20_LYO_constitution }
LYO,SOF20_LYO_eco0,罗讷生产会议,21,available = { is_subject = no has_capitulated = no  },completion_reward = { add_political_power = 25 }
LYO,SOF20_LYO_eco1,河谷交通调查,21,available = { is_subject = no has_capitulated = no  },completion_reward = { add_political_power = 25 }
LYO,SOF20_LYO_eco2,化工企业协约,21,available = { is_subject = no has_capitulated = no  },completion_reward = { add_political_power = 25 }
LYO,SOF20_LYO_eco3,工业信用登记,21,available = { is_subject = no has_capitulated = no  },completion_reward = { if = { limit = { any_owned_state = { is_fully_controlled_by = ROOT OR = { state = 301 state = 307 state = 308 state = 313 state = 314 state = 315 state = 316 state = 319 state = 329 state = 330 state = 336 state = 337 state = 339 state = 341 state = 342 state = 355 state = 360 state = 361 state = 365 state = 375 state = 377 state = 385 state = 396 state = 397 state = 406 } industrial_complex < 20 } } random_owned_controlled_state = { limit = { is_fully_controlled_by = ROOT OR = { state = 301 state = 307 state = 308 state = 313 state = 314 state = 315 state = 316 state = 319 state = 329 state = 330 state = 336 state = 337 state = 339 state = 341 state = 342 state = 355 state = 360 state = 361 state = 365 state = 375 state = 377 state = 385 state = 396 state = 397 state = 406 } industrial_complex < 20 } add_extra_state_shared_building_slots = 1 if = { limit = { free_building_slots = { building = industrial_complex size > 0 include_locked = yes } } add_building_construction = { type = industrial_complex level = 1 instant_build = yes } } else = { ROOT = { add_political_power = 35 } } } } else = { add_political_power = 35 } }
LYO,SOF20_LYO_eco4,机电维修工坊,35,available = { is_subject = no has_capitulated = no  },completion_reward = { sof20_LYO_industry_1_grant = yes }
LYO,SOF20_LYO_eco5,山地道路施工,35,available = { is_subject = no has_capitulated = no  },completion_reward = { remove_ideas = sof20_LYO_bottleneck if = { limit = { any_owned_state = { is_fully_controlled_by = ROOT OR = { state = 301 state = 307 state = 308 state = 313 state = 314 state = 315 state = 316 state = 319 state = 329 state = 330 state = 336 state = 337 state = 339 state = 341 state = 342 state = 355 state = 360 state = 361 state = 365 state = 375 state = 377 state = 385 state = 396 state = 397 state = 406 } infrastructure < 5 } } random_owned_controlled_state = { limit = { is_fully_controlled_by = ROOT OR = { state = 301 state = 307 state = 308 state = 313 state = 314 state = 315 state = 316 state = 319 state = 329 state = 330 state = 336 state = 337 state = 339 state = 341 state = 342 state = 355 state = 360 state = 361 state = 365 state = 375 state = 377 state = 385 state = 396 state = 397 state = 406 } infrastructure < 5 } add_building_construction = { type = infrastructure level = 1 instant_build = yes } } } else = { add_political_power = 35 } }
LYO,SOF20_LYO_eco6,河谷兵工订单,35,available = { is_subject = no has_capitulated = no  },completion_reward = { if = { limit = { any_owned_state = { is_fully_controlled_by = ROOT OR = { state = 301 state = 307 state = 308 state = 313 state = 314 state = 315 state = 316 state = 319 state = 329 state = 330 state = 336 state = 337 state = 339 state = 341 state = 342 state = 355 state = 360 state = 361 state = 365 state = 375 state = 377 state = 385 state = 396 state = 397 state = 406 } arms_factory < 20 } } random_owned_controlled_state = { limit = { is_fully_controlled_by = ROOT OR = { state = 301 state = 307 state = 308 state = 313 state = 314 state = 315 state = 316 state = 319 state = 329 state = 330 state = 336 state = 337 state = 339 state = 341 state = 342 state = 355 state = 360 state = 361 state = 365 state = 375 state = 377 state = 385 state = 396 state = 397 state = 406 } arms_factory < 20 } add_extra_state_shared_building_slots = 1 if = { limit = { free_building_slots = { building = arms_factory size > 0 include_locked = yes } } add_building_construction = { type = arms_factory level = 1 instant_build = yes } } else = { ROOT = { add_political_power = 35 } } } } else = { add_political_power = 35 } }
LYO,SOF20_LYO_eco7,车辆零件标准,35,available = { is_subject = no has_capitulated = no  },completion_reward = { sof20_LYO_industry_2_grant = yes }
LYO,SOF20_LYO_eco8,里昂技术学校,35,available = { is_subject = no has_capitulated = no  },completion_reward = { add_tech_bonus = { name = sof20_research_bonus bonus = 0.5 uses = 1 category = construction_tech } }
LYO,SOF20_LYO_eco9,机电研究共同体,35,available = { is_subject = no has_capitulated = no  },completion_reward = { if = { limit = { num_research_slots < 5 NOT = { has_country_flag = sof20_LYO_research_slot } } add_research_slot = 1 set_country_flag = sof20_LYO_research_slot } else = { add_political_power = 50 } }
LYO,SOF20_LYO_eco10,山地工厂转产,35,available = { is_subject = no has_capitulated = no  },completion_reward = { if = { limit = { any_owned_state = { is_fully_controlled_by = ROOT OR = { state = 301 state = 307 state = 308 state = 313 state = 314 state = 315 state = 316 state = 319 state = 329 state = 330 state = 336 state = 337 state = 339 state = 341 state = 342 state = 355 state = 360 state = 361 state = 365 state = 375 state = 377 state = 385 state = 396 state = 397 state = 406 } arms_factory < 20 } } random_owned_controlled_state = { limit = { is_fully_controlled_by = ROOT OR = { state = 301 state = 307 state = 308 state = 313 state = 314 state = 315 state = 316 state = 319 state = 329 state = 330 state = 336 state = 337 state = 339 state = 341 state = 342 state = 355 state = 360 state = 361 state = 365 state = 375 state = 377 state = 385 state = 396 state = 397 state = 406 } arms_factory < 20 } add_extra_state_shared_building_slots = 1 if = { limit = { free_building_slots = { building = arms_factory size > 0 include_locked = yes } } add_building_construction = { type = arms_factory level = 1 instant_build = yes } } else = { ROOT = { add_political_power = 35 } } } } else = { add_political_power = 35 } }
LYO,SOF20_LYO_eco11,罗讷工业联盟,35,available = { is_subject = no has_capitulated = no  },completion_reward = { sof20_LYO_industry_3_grant = yes }
LYO,SOF20_LYO_army0,里昂地方守备,21,available = { is_subject = no has_capitulated = no  },completion_reward = { add_equipment_to_stockpile = { type = infantry_equipment_0 amount = 200 producer = ROOT } add_manpower = 1000 }
LYO,SOF20_LYO_army1,河谷步兵训练,21,available = { is_subject = no has_capitulated = no  },completion_reward = { army_experience = 8 }
LYO,SOF20_LYO_army2,阿尔卑斯军校,21,available = { is_subject = no has_capitulated = no  },completion_reward = { sof20_LYO_army_1_grant = yes }
LYO,SOF20_LYO_army3,山地装备整备,35,available = { is_subject = no has_capitulated = no  },completion_reward = { add_equipment_to_stockpile = { type = infantry_equipment_0 amount = 200 producer = ROOT } }
LYO,SOF20_LYO_army4,步炮联合训练,35,available = { is_subject = no has_capitulated = no  },completion_reward = { add_doctrine_cost_reduction = { name = sof20_research_bonus cost_reduction = 0.25 uses = 1 category = land_doctrine } }
LYO,SOF20_LYO_army5,高地运输队,35,available = { is_subject = no has_capitulated = no  },completion_reward = { sof20_LYO_army_2_grant = yes }
LYO,SOF20_LYO_army6,山地机动营,35,available = { is_subject = no has_capitulated = no  },completion_reward = { add_tech_bonus = { name = sof20_research_bonus bonus = 0.5 uses = 1 category = armor } }
LYO,SOF20_LYO_army7,机械化预备队,35,available = { is_subject = no has_capitulated = no  },completion_reward = { add_equipment_to_stockpile = { type = support_equipment_1 amount = 50 producer = ROOT } }
LYO,SOF20_LYO_army8,河谷战斗教范,35,available = { is_subject = no has_capitulated = no  },completion_reward = { sof20_learn_mountain = yes custom_effect_tooltip = sof20_terrain_mountain_tt }
LYO,SOF20_LYO_army9,阿尔卑斯军团,35,available = { is_subject = no has_capitulated = no  },completion_reward = { sof20_LYO_army_3_grant = yes }
LYO,SOF20_LYO_dip0,地区合作信函,21,available = { is_subject = no has_capitulated = no  },completion_reward = { set_country_flag = sof20_LYO_diplomacy add_political_power = 25 }
LYO,SOF20_LYO_dip1,交通合作章程,21,available = { is_subject = no has_capitulated = no  },completion_reward = { set_country_flag = sof20_LYO_transport add_stability = 0.025 }
LYO,SOF20_LYO_dip2,伙伴往来协议,21,available = { is_subject = no has_capitulated = no  },completion_reward = { set_country_flag = sof20_LYO_integration_diplomacy add_political_power = 35 }
LYO,SOF20_LYO_dip3,地区防卫委任,21,available = { is_subject = no has_capitulated = no  },completion_reward = { set_country_flag = sofzh_unification_war_ready sofzh_unification_grant_border_goals = yes add_war_support = 0.025 }
LYO,SOF20_LYO_dip4,战地运输调度,21,available = { is_subject = no has_capitulated = no  },completion_reward = { add_equipment_to_stockpile = { type = train_equipment_1 amount = 15 producer = ROOT } add_equipment_to_stockpile = { type = motorized_equipment_1 amount = 30 producer = ROOT } }
LYO,SOF20_LYO_dip5,地区共同议会,21,available = { is_subject = no has_capitulated = no sof20_LYO_controlled = yes },completion_reward = { set_cosmetic_tag = RHONE_ALPES set_country_flag = form_region_flag sof20_LYO_administration_2_grant = yes }
LYO,SOF20_LYO_nat0,全国协调会议,56,available = { is_subject = no has_capitulated = no num_of_controlled_states > 19 },completion_reward = { add_stability = 0.025 add_political_power = 50 }
LYO,SOF20_LYO_nat1,巴黎代表联络,35,available = { is_subject = no has_capitulated = no 143 = { is_controlled_by = ROOT } },completion_reward = { add_political_power = 50 }
LYO,SOF20_LYO_nat2,统一战争纲领,35,available = { is_subject = no has_capitulated = no  },completion_reward = { set_country_flag = sofzh_unification_war_ready sofzh_unification_grant_border_goals = yes }
LYO,SOF20_LYO_nat3,宣告法国统一,56,available = { is_subject = no has_capitulated = no sofzh_unification_all_france = yes has_war = no },completion_reward = { sofzh_unification_proclaim_france = yes }
LYO,SOF20_LYO_nat4,军工和平转产,35,available = { is_subject = no has_capitulated = no has_country_flag = sofzh_unification_complete },completion_reward = { add_stability = 0.04 add_political_power = 75 }
LYO,SOF20_LYO_nat5,全国公共重建,35,available = { is_subject = no has_capitulated = no has_country_flag = sofzh_unification_complete },completion_reward = { sof20_LYO_administration_3_grant = yes random_owned_controlled_state = { limit = { is_fully_controlled_by = ROOT OR = { state = 301 state = 307 state = 308 state = 313 state = 314 state = 315 state = 316 state = 319 state = 329 state = 330 state = 336 state = 337 state = 339 state = 341 state = 342 state = 355 state = 360 state = 361 state = 365 state = 375 state = 377 state = 385 state = 396 state = 397 state = 406 } industrial_complex < 20 } add_extra_state_shared_building_slots = 1 if = { limit = { free_building_slots = { building = industrial_complex size > 0 include_locked = yes } } add_building_construction = { type = industrial_complex level = 1 instant_build = yes } } else = { ROOT = { add_political_power = 35 } } } }
LYO,SOF20_LYO_nat6,地方整合授权,35,available = { is_subject = no has_capitulated = no has_country_flag = sofzh_unification_complete },completion_reward = { sofzh_unification_integrate_territories = yes }
LYO,SOF20_LYO_nat7,战后宪政定案,56,available = { is_subject = no has_capitulated = no has_country_flag = sofzh_unification_complete },completion_reward = { add_stability = 0.05 add_political_power = 100 }
LYO,SOF20_LYO_extra0,里昂预算协定,21,available = { is_subject = no has_capitulated = no  },completion_reward = { add_political_power = 35 set_country_flag = sof20_LYO_specialist_project }
LYO,SOF20_LYO_extra1,罗讷-订单协调,21,available = { is_subject = no has_capitulated = no  },completion_reward = { add_tech_bonus = { name = sof20_research_bonus bonus = 0.35 uses = 1 category = construction_tech } }
LYO,SOF20_LYO_extra2,公共投资议案,21,available = { is_subject = no has_capitulated = no  },completion_reward = { add_stability = 0.02 }
LYO,SOF20_LYO_extra3,本地机具整备,21,available = { is_subject = no has_capitulated = no  },completion_reward = { add_equipment_to_stockpile = { type = support_equipment_1 amount = 40 producer = ROOT } }
LYO,SOF20_LYO_extra4,运输储备计划,21,available = { is_subject = no has_capitulated = no  },completion_reward = { add_equipment_to_stockpile = { type = motorized_equipment_1 amount = 25 producer = ROOT } }
LYO,SOF20_LYO_extra5,地方医疗协作,21,available = { is_subject = no has_capitulated = no  },completion_reward = { army_experience = 8 }
LYO,SOF20_LYO_extra6,工场联合采购,21,available = { is_subject = no has_capitulated = no  },completion_reward = { add_political_power = 35 }
LYO,SOF20_LYO_extra7,前线联络课程,21,available = { is_subject = no has_capitulated = no  },completion_reward = { add_tech_bonus = { name = sof20_research_bonus bonus = 0.35 uses = 1 category = construction_tech } }
LYO,SOF20_LYO_extra8,技术传播网络,21,available = { is_subject = no has_capitulated = no  },completion_reward = { add_stability = 0.02 }
LYO,SOF20_LYO_extra9,后备人员登记,21,available = { is_subject = no has_capitulated = no  },completion_reward = { add_equipment_to_stockpile = { type = support_equipment_1 amount = 40 producer = ROOT } }
LYO,SOF20_LYO_extra10,区域工程协作,21,available = { is_subject = no has_capitulated = no  },completion_reward = { add_equipment_to_stockpile = { type = motorized_equipment_1 amount = 25 producer = ROOT } }
LYO,SOF20_LYO_extra11,军民合同审查,21,available = { is_subject = no has_capitulated = no  },completion_reward = { army_experience = 8 }
LYO,SOF20_LYO_extra12,地方复兴基金,21,available = { is_subject = no has_capitulated = no  },completion_reward = { add_political_power = 35 }
LYO,SOF20_LYO_extra13,交通维修队,21,available = { is_subject = no has_capitulated = no  },completion_reward = { add_tech_bonus = { name = sof20_research_bonus bonus = 0.35 uses = 1 category = construction_tech } }
LYO,SOF20_LYO_extra14,联合军需条例,21,available = { is_subject = no has_capitulated = no  },completion_reward = { add_stability = 0.02 }
LYO,SOF20_LYO_extra15,城乡服务协约,21,available = { is_subject = no has_capitulated = no  },completion_reward = { add_equipment_to_stockpile = { type = support_equipment_1 amount = 40 producer = ROOT } }
LYO,SOF20_LYO_extra16,产业协约审计,21,available = { is_subject = no has_capitulated = no  },completion_reward = { add_equipment_to_stockpile = { type = motorized_equipment_1 amount = 25 producer = ROOT } }
LYO,SOF20_LYO_extra17,人员轮换规程,21,available = { is_subject = no has_capitulated = no  },completion_reward = { army_experience = 8 }
LYO,SOF20_LYO_extra18,战后工艺推广,21,available = { is_subject = no has_capitulated = no  },completion_reward = { add_political_power = 35 }
LYO,SOF20_LYO_extra19,公共账目核验,21,available = { is_subject = no has_capitulated = no  },completion_reward = { add_tech_bonus = { name = sof20_research_bonus bonus = 0.35 uses = 1 category = construction_tech } }
MRS,SOF20_MRS_home0,地方共同会议,21,available = { is_subject = no has_capitulated = no  },completion_reward = { set_country_flag = sofzh_unification_started remove_ideas = sof20_MRS_fragmentation add_political_power = 35 country_event = { id = sof20_MRS.1 days = 1 } }
MRS,SOF20_MRS_home1,市镇登记章程,21,available = { is_subject = no has_capitulated = no  },completion_reward = { add_stability = 0.025 add_political_power = 30 sof20_MRS_administration_1_grant = yes }
MRS,SOF20_MRS_home2,省际行政网络,21,available = { is_subject = no has_capitulated = no num_of_controlled_states > 6 },completion_reward = { sof20_MRS_administration_1_grant = yes add_political_power = 30 }
MRS,SOF20_MRS_home3,大区共同服务,21,available = { is_subject = no has_capitulated = no num_of_controlled_states > 12 },completion_reward = { sof20_MRS_administration_2_grant = yes add_stability = 0.02 }
MRS,SOF20_MRS_home4,地方财政统筹,21,available = { is_subject = no has_capitulated = no num_of_controlled_states > 25 },completion_reward = { sof20_MRS_administration_2_grant = yes add_political_power = 40 }
MRS,SOF20_MRS_home5,国家公共机构,21,available = { is_subject = no has_capitulated = no num_of_controlled_states > 50 },completion_reward = { sof20_MRS_administration_3_grant = yes add_political_power = 50 }
MRS,SOF20_MRS_pol0_0,港务共和,21,available = { is_subject = no has_capitulated = no  },completion_reward = { sof20_MRS_policy0_1_grant = yes set_country_flag = sof20_MRS_route0 country_event = { id = sof20_MRS.2 days = 1 } }
MRS,SOF20_MRS_pol0_1,港务共和章程,21,available = { is_subject = no has_capitulated = no  },completion_reward = { sof20_MRS_policy0_1_grant = yes }
MRS,SOF20_MRS_pol0_2,港务共和预算,35,available = { is_subject = no has_capitulated = no  },completion_reward = { sof20_MRS_policy0_2_grant = yes add_political_power = 35 }
MRS,SOF20_MRS_pol0_3,港务共和契约,35,available = { is_subject = no has_capitulated = no  },completion_reward = { sof20_MRS_policy0_2_grant = yes }
MRS,SOF20_MRS_pol0_4,港务共和承诺,35,available = { is_subject = no has_capitulated = no  },completion_reward = { sof20_MRS_policy0_3_grant = yes add_stability = 0.02 }
MRS,SOF20_MRS_pol0_5,港务共和定案,35,available = { is_subject = no has_capitulated = no  },completion_reward = { sof20_MRS_policy0_3_grant = yes set_country_flag = sof20_MRS_constitution }
MRS,SOF20_MRS_pol1_0,港口劳工,21,available = { is_subject = no has_capitulated = no  },completion_reward = { sof20_MRS_policy1_1_grant = yes set_country_flag = sof20_MRS_route1 country_event = { id = sof20_MRS.3 days = 1 } }
MRS,SOF20_MRS_pol1_1,港口劳工章程,21,available = { is_subject = no has_capitulated = no  },completion_reward = { sof20_MRS_policy1_1_grant = yes }
MRS,SOF20_MRS_pol1_2,港口劳工预算,35,available = { is_subject = no has_capitulated = no  },completion_reward = { sof20_MRS_policy1_2_grant = yes add_political_power = 35 }
MRS,SOF20_MRS_pol1_3,港口劳工契约,35,available = { is_subject = no has_capitulated = no  },completion_reward = { sof20_MRS_policy1_2_grant = yes }
MRS,SOF20_MRS_pol1_4,港口劳工承诺,35,available = { is_subject = no has_capitulated = no  },completion_reward = { sof20_MRS_policy1_3_grant = yes add_stability = 0.02 }
MRS,SOF20_MRS_pol1_5,港口劳工定案,35,available = { is_subject = no has_capitulated = no  },completion_reward = { sof20_MRS_policy1_3_grant = yes set_country_flag = sof20_MRS_constitution }
MRS,SOF20_MRS_pol2_0,海军督政,21,available = { is_subject = no has_capitulated = no  },completion_reward = { sof20_MRS_policy2_1_grant = yes set_country_flag = sof20_MRS_route2 country_event = { id = sof20_MRS.4 days = 1 } }
MRS,SOF20_MRS_pol2_1,海军督政章程,21,available = { is_subject = no has_capitulated = no  },completion_reward = { sof20_MRS_policy2_1_grant = yes }
MRS,SOF20_MRS_pol2_2,海军督政预算,35,available = { is_subject = no has_capitulated = no  },completion_reward = { sof20_MRS_policy2_2_grant = yes add_political_power = 35 }
MRS,SOF20_MRS_pol2_3,海军督政契约,35,available = { is_subject = no has_capitulated = no  },completion_reward = { sof20_MRS_policy2_2_grant = yes }
MRS,SOF20_MRS_pol2_4,海军督政承诺,35,available = { is_subject = no has_capitulated = no  },completion_reward = { sof20_MRS_policy2_3_grant = yes add_war_support = 0.025 }
MRS,SOF20_MRS_pol2_5,海军督政定案,35,available = { is_subject = no has_capitulated = no  },completion_reward = { sof20_MRS_policy2_3_grant = yes set_country_flag = sof20_MRS_constitution }
MRS,SOF20_MRS_eco0,马赛港务会议,21,available = { is_subject = no has_capitulated = no  },completion_reward = { add_political_power = 25 }
MRS,SOF20_MRS_eco1,码头劳动协议,21,available = { is_subject = no has_capitulated = no  },completion_reward = { add_political_power = 25 }
MRS,SOF20_MRS_eco2,海运仓库整备,21,available = { is_subject = no has_capitulated = no  },completion_reward = { add_political_power = 25 }
MRS,SOF20_MRS_eco3,地中海采购网,21,available = { is_subject = no has_capitulated = no  },completion_reward = { if = { limit = { any_owned_state = { is_fully_controlled_by = ROOT OR = { state = 383 state = 398 state = 408 state = 413 state = 418 state = 422 state = 425 state = 426 state = 427 state = 436 state = 438 state = 440 state = 444 state = 446 state = 448 state = 452 state = 463 state = 469 state = 483 state = 484 } industrial_complex < 20 } } random_owned_controlled_state = { limit = { is_fully_controlled_by = ROOT OR = { state = 383 state = 398 state = 408 state = 413 state = 418 state = 422 state = 425 state = 426 state = 427 state = 436 state = 438 state = 440 state = 444 state = 446 state = 448 state = 452 state = 463 state = 469 state = 483 state = 484 } industrial_complex < 20 } add_extra_state_shared_building_slots = 1 if = { limit = { free_building_slots = { building = industrial_complex size > 0 include_locked = yes } } add_building_construction = { type = industrial_complex level = 1 instant_build = yes } } else = { ROOT = { add_political_power = 35 } } } } else = { add_political_power = 35 } }
MRS,SOF20_MRS_eco4,铝材加工合同,35,available = { is_subject = no has_capitulated = no  },completion_reward = { sof20_MRS_industry_1_grant = yes }
MRS,SOF20_MRS_eco5,港口机具工坊,35,available = { is_subject = no has_capitulated = no  },completion_reward = { remove_ideas = sof20_MRS_bottleneck if = { limit = { any_owned_state = { is_fully_controlled_by = ROOT OR = { state = 383 state = 398 state = 408 state = 413 state = 418 state = 422 state = 425 state = 426 state = 427 state = 436 state = 438 state = 440 state = 444 state = 446 state = 448 state = 452 state = 463 state = 469 state = 483 state = 484 } infrastructure < 5 } } random_owned_controlled_state = { limit = { is_fully_controlled_by = ROOT OR = { state = 383 state = 398 state = 408 state = 413 state = 418 state = 422 state = 425 state = 426 state = 427 state = 436 state = 438 state = 440 state = 444 state = 446 state = 448 state = 452 state = 463 state = 469 state = 483 state = 484 } infrastructure < 5 } add_building_construction = { type = infrastructure level = 1 instant_build = yes } } } else = { add_political_power = 35 } }
MRS,SOF20_MRS_eco6,沿海船厂协作,35,available = { is_subject = no has_capitulated = no  },completion_reward = { if = { limit = {  } if = { limit = { any_owned_state = { is_fully_controlled_by = ROOT OR = { state = 383 state = 398 state = 408 state = 413 state = 418 state = 422 state = 425 state = 426 state = 427 state = 436 state = 438 state = 440 state = 444 state = 446 state = 448 state = 452 state = 463 state = 469 state = 483 state = 484 } is_coastal = yes dockyard < 20 } } random_owned_controlled_state = { limit = { is_fully_controlled_by = ROOT OR = { state = 383 state = 398 state = 408 state = 413 state = 418 state = 422 state = 425 state = 426 state = 427 state = 436 state = 438 state = 440 state = 444 state = 446 state = 448 state = 452 state = 463 state = 469 state = 483 state = 484 } is_coastal = yes dockyard < 20 } add_extra_state_shared_building_slots = 1 if = { limit = { free_building_slots = { building = dockyard size > 0 include_locked = yes } } add_building_construction = { type = dockyard level = 1 instant_build = yes } } else = { ROOT = { add_political_power = 35 } } } } else = { add_political_power = 35 } } else = { add_political_power = 35 add_tech_bonus = { name = sof20_research_bonus bonus = 0.5 uses = 1 category = naval_equipment } } }
MRS,SOF20_MRS_eco7,航空零件订单,35,available = { is_subject = no has_capitulated = no  },completion_reward = { sof20_MRS_industry_2_grant = yes }
MRS,SOF20_MRS_eco8,航海技术学校,35,available = { is_subject = no has_capitulated = no  },completion_reward = { add_tech_bonus = { name = sof20_research_bonus bonus = 0.5 uses = 1 category = construction_tech } }
MRS,SOF20_MRS_eco9,海军航空研究,35,available = { is_subject = no has_capitulated = no  },completion_reward = { if = { limit = { num_research_slots < 5 NOT = { has_country_flag = sof20_MRS_research_slot } } add_research_slot = 1 set_country_flag = sof20_MRS_research_slot } else = { add_political_power = 50 } }
MRS,SOF20_MRS_eco10,港区军需转产,35,available = { is_subject = no has_capitulated = no  },completion_reward = { if = { limit = { any_owned_state = { is_fully_controlled_by = ROOT OR = { state = 383 state = 398 state = 408 state = 413 state = 418 state = 422 state = 425 state = 426 state = 427 state = 436 state = 438 state = 440 state = 444 state = 446 state = 448 state = 452 state = 463 state = 469 state = 483 state = 484 } arms_factory < 20 } } random_owned_controlled_state = { limit = { is_fully_controlled_by = ROOT OR = { state = 383 state = 398 state = 408 state = 413 state = 418 state = 422 state = 425 state = 426 state = 427 state = 436 state = 438 state = 440 state = 444 state = 446 state = 448 state = 452 state = 463 state = 469 state = 483 state = 484 } arms_factory < 20 } add_extra_state_shared_building_slots = 1 if = { limit = { free_building_slots = { building = arms_factory size > 0 include_locked = yes } } add_building_construction = { type = arms_factory level = 1 instant_build = yes } } else = { ROOT = { add_political_power = 35 } } } } else = { add_political_power = 35 } }
MRS,SOF20_MRS_eco11,地中海工业协约,35,available = { is_subject = no has_capitulated = no  },completion_reward = { sof20_MRS_industry_3_grant = yes }
MRS,SOF20_MRS_army0,马赛港区守备,21,available = { is_subject = no has_capitulated = no  },completion_reward = { add_equipment_to_stockpile = { type = infantry_equipment_0 amount = 200 producer = ROOT } add_manpower = 1000 }
MRS,SOF20_MRS_army1,海岸观察训练,21,available = { is_subject = no has_capitulated = no  },completion_reward = { army_experience = 8 }
MRS,SOF20_MRS_army2,海军军官课程,21,available = { is_subject = no has_capitulated = no  },completion_reward = { sof20_MRS_army_1_grant = yes }
MRS,SOF20_MRS_army3,陆战装备标准,35,available = { is_subject = no has_capitulated = no  },completion_reward = { add_equipment_to_stockpile = { type = infantry_equipment_0 amount = 200 producer = ROOT } }
MRS,SOF20_MRS_army4,步炮登陆联络,35,available = { is_subject = no has_capitulated = no  },completion_reward = { add_doctrine_cost_reduction = { name = sof20_research_bonus cost_reduction = 0.25 uses = 1 category = land_doctrine } }
MRS,SOF20_MRS_army5,远征补给仓,35,available = { is_subject = no has_capitulated = no  },completion_reward = { sof20_MRS_army_2_grant = yes }
MRS,SOF20_MRS_army6,近岸护航编组,35,available = { is_subject = no has_capitulated = no  },completion_reward = { add_tech_bonus = { name = sof20_research_bonus bonus = 0.5 uses = 1 category = naval_equipment } }
MRS,SOF20_MRS_army7,海军航空联络,35,available = { is_subject = no has_capitulated = no  },completion_reward = { add_equipment_to_stockpile = { type = support_equipment_1 amount = 50 producer = ROOT } }
MRS,SOF20_MRS_army8,登陆战斗教范,35,available = { is_subject = no has_capitulated = no  },completion_reward = { sof20_learn_coast = yes custom_effect_tooltip = sof20_terrain_coast_tt }
MRS,SOF20_MRS_army9,地中海共同参谋,35,available = { is_subject = no has_capitulated = no  },completion_reward = { sof20_MRS_army_3_grant = yes }
MRS,SOF20_MRS_dip0,地区合作信函,21,available = { is_subject = no has_capitulated = no  },completion_reward = { set_country_flag = sof20_MRS_diplomacy add_political_power = 25 }
MRS,SOF20_MRS_dip1,交通合作章程,21,available = { is_subject = no has_capitulated = no  },completion_reward = { set_country_flag = sof20_MRS_transport add_stability = 0.025 }
MRS,SOF20_MRS_dip2,伙伴往来协议,21,available = { is_subject = no has_capitulated = no  },completion_reward = { set_country_flag = sof20_MRS_integration_diplomacy add_political_power = 35 }
MRS,SOF20_MRS_dip3,地区防卫委任,21,available = { is_subject = no has_capitulated = no  },completion_reward = { set_country_flag = sofzh_unification_war_ready sofzh_unification_grant_border_goals = yes add_war_support = 0.025 }
MRS,SOF20_MRS_dip4,战地运输调度,21,available = { is_subject = no has_capitulated = no  },completion_reward = { add_equipment_to_stockpile = { type = train_equipment_1 amount = 15 producer = ROOT } add_equipment_to_stockpile = { type = motorized_equipment_1 amount = 30 producer = ROOT } }
MRS,SOF20_MRS_dip5,地区共同议会,21,available = { is_subject = no has_capitulated = no sof20_MRS_controlled = yes },completion_reward = { set_cosmetic_tag = PACA set_country_flag = form_region_flag sof20_MRS_administration_2_grant = yes }
MRS,SOF20_MRS_nat0,全国协调会议,56,available = { is_subject = no has_capitulated = no num_of_controlled_states > 19 },completion_reward = { add_stability = 0.025 add_political_power = 50 }
MRS,SOF20_MRS_nat1,巴黎代表联络,35,available = { is_subject = no has_capitulated = no 143 = { is_controlled_by = ROOT } },completion_reward = { add_political_power = 50 }
MRS,SOF20_MRS_nat2,统一战争纲领,35,available = { is_subject = no has_capitulated = no  },completion_reward = { set_country_flag = sofzh_unification_war_ready sofzh_unification_grant_border_goals = yes }
MRS,SOF20_MRS_nat3,宣告法国统一,56,available = { is_subject = no has_capitulated = no sofzh_unification_all_france = yes has_war = no },completion_reward = { sofzh_unification_proclaim_france = yes }
MRS,SOF20_MRS_nat4,军工和平转产,35,available = { is_subject = no has_capitulated = no has_country_flag = sofzh_unification_complete },completion_reward = { add_stability = 0.04 add_political_power = 75 }
MRS,SOF20_MRS_nat5,全国公共重建,35,available = { is_subject = no has_capitulated = no has_country_flag = sofzh_unification_complete },completion_reward = { sof20_MRS_administration_3_grant = yes random_owned_controlled_state = { limit = { is_fully_controlled_by = ROOT OR = { state = 383 state = 398 state = 408 state = 413 state = 418 state = 422 state = 425 state = 426 state = 427 state = 436 state = 438 state = 440 state = 444 state = 446 state = 448 state = 452 state = 463 state = 469 state = 483 state = 484 } industrial_complex < 20 } add_extra_state_shared_building_slots = 1 if = { limit = { free_building_slots = { building = industrial_complex size > 0 include_locked = yes } } add_building_construction = { type = industrial_complex level = 1 instant_build = yes } } else = { ROOT = { add_political_power = 35 } } } }
MRS,SOF20_MRS_nat6,地方整合授权,35,available = { is_subject = no has_capitulated = no has_country_flag = sofzh_unification_complete },completion_reward = { sofzh_unification_integrate_territories = yes }
MRS,SOF20_MRS_nat7,战后宪政定案,56,available = { is_subject = no has_capitulated = no has_country_flag = sofzh_unification_complete },completion_reward = { add_stability = 0.05 add_political_power = 100 }
MRS,SOF20_MRS_extra0,马赛预算协定,21,available = { is_subject = no has_capitulated = no  },completion_reward = { add_political_power = 35 set_country_flag = sof20_MRS_specialist_project }
MRS,SOF20_MRS_extra1,普罗旺订单协调,21,available = { is_subject = no has_capitulated = no  },completion_reward = { add_tech_bonus = { name = sof20_research_bonus bonus = 0.35 uses = 1 category = construction_tech } }
MRS,SOF20_MRS_extra2,公共投资议案,21,available = { is_subject = no has_capitulated = no  },completion_reward = { add_stability = 0.02 }
MRS,SOF20_MRS_extra3,本地机具整备,21,available = { is_subject = no has_capitulated = no  },completion_reward = { add_equipment_to_stockpile = { type = support_equipment_1 amount = 40 producer = ROOT } }
MRS,SOF20_MRS_extra4,运输储备计划,21,available = { is_subject = no has_capitulated = no  },completion_reward = { add_equipment_to_stockpile = { type = motorized_equipment_1 amount = 25 producer = ROOT } }
MRS,SOF20_MRS_extra5,地方医疗协作,21,available = { is_subject = no has_capitulated = no  },completion_reward = { army_experience = 8 }
MRS,SOF20_MRS_extra6,工场联合采购,21,available = { is_subject = no has_capitulated = no  },completion_reward = { add_political_power = 35 }
MRS,SOF20_MRS_extra7,前线联络课程,21,available = { is_subject = no has_capitulated = no  },completion_reward = { add_tech_bonus = { name = sof20_research_bonus bonus = 0.35 uses = 1 category = construction_tech } }
MRS,SOF20_MRS_extra8,技术传播网络,21,available = { is_subject = no has_capitulated = no  },completion_reward = { add_stability = 0.02 }
MRS,SOF20_MRS_extra9,后备人员登记,21,available = { is_subject = no has_capitulated = no  },completion_reward = { add_equipment_to_stockpile = { type = support_equipment_1 amount = 40 producer = ROOT } }
MRS,SOF20_MRS_extra10,区域工程协作,21,available = { is_subject = no has_capitulated = no  },completion_reward = { add_equipment_to_stockpile = { type = motorized_equipment_1 amount = 25 producer = ROOT } }
MRS,SOF20_MRS_extra11,军民合同审查,21,available = { is_subject = no has_capitulated = no  },completion_reward = { army_experience = 8 }
MRS,SOF20_MRS_extra12,地方复兴基金,21,available = { is_subject = no has_capitulated = no  },completion_reward = { add_political_power = 35 }
MRS,SOF20_MRS_extra13,交通维修队,21,available = { is_subject = no has_capitulated = no  },completion_reward = { add_tech_bonus = { name = sof20_research_bonus bonus = 0.35 uses = 1 category = construction_tech } }
MRS,SOF20_MRS_extra14,联合军需条例,21,available = { is_subject = no has_capitulated = no  },completion_reward = { add_stability = 0.02 }
MRS,SOF20_MRS_extra15,城乡服务协约,21,available = { is_subject = no has_capitulated = no  },completion_reward = { add_equipment_to_stockpile = { type = support_equipment_1 amount = 40 producer = ROOT } }
MRS,SOF20_MRS_extra16,产业协约审计,21,available = { is_subject = no has_capitulated = no  },completion_reward = { add_equipment_to_stockpile = { type = motorized_equipment_1 amount = 25 producer = ROOT } }
MRS,SOF20_MRS_extra17,人员轮换规程,21,available = { is_subject = no has_capitulated = no  },completion_reward = { army_experience = 8 }
MRS,SOF20_MRS_extra18,战后工艺推广,21,available = { is_subject = no has_capitulated = no  },completion_reward = { add_political_power = 35 }
MRS,SOF20_MRS_extra19,公共账目核验,21,available = { is_subject = no has_capitulated = no  },completion_reward = { add_tech_bonus = { name = sof20_research_bonus bonus = 0.35 uses = 1 category = construction_tech } }
BRD,SOF20_BRD_home0,地方共同会议,21,available = { is_subject = no has_capitulated = no  },completion_reward = { set_country_flag = sofzh_unification_started remove_ideas = sof20_BRD_fragmentation add_political_power = 35 country_event = { id = sof20_BRD.1 days = 1 } }
BRD,SOF20_BRD_home1,市镇登记章程,21,available = { is_subject = no has_capitulated = no  },completion_reward = { add_stability = 0.025 add_political_power = 30 sof20_BRD_administration_1_grant = yes }
BRD,SOF20_BRD_home2,省际行政网络,21,available = { is_subject = no has_capitulated = no num_of_controlled_states > 6 },completion_reward = { sof20_BRD_administration_1_grant = yes add_political_power = 30 }
BRD,SOF20_BRD_home3,大区共同服务,21,available = { is_subject = no has_capitulated = no num_of_controlled_states > 12 },completion_reward = { sof20_BRD_administration_2_grant = yes add_stability = 0.02 }
BRD,SOF20_BRD_home4,地方财政统筹,21,available = { is_subject = no has_capitulated = no num_of_controlled_states > 25 },completion_reward = { sof20_BRD_administration_2_grant = yes add_political_power = 40 }
BRD,SOF20_BRD_home5,国家公共机构,21,available = { is_subject = no has_capitulated = no num_of_controlled_states > 50 },completion_reward = { sof20_BRD_administration_3_grant = yes add_political_power = 50 }
BRD,SOF20_BRD_pol0_0,商贸议会,21,available = { is_subject = no has_capitulated = no  },completion_reward = { sof20_BRD_policy0_1_grant = yes set_country_flag = sof20_BRD_route0 country_event = { id = sof20_BRD.2 days = 1 } }
BRD,SOF20_BRD_pol0_1,商贸议会章程,21,available = { is_subject = no has_capitulated = no  },completion_reward = { sof20_BRD_policy0_1_grant = yes }
BRD,SOF20_BRD_pol0_2,商贸议会预算,35,available = { is_subject = no has_capitulated = no  },completion_reward = { sof20_BRD_policy0_2_grant = yes add_political_power = 35 }
BRD,SOF20_BRD_pol0_3,商贸议会契约,35,available = { is_subject = no has_capitulated = no  },completion_reward = { sof20_BRD_policy0_2_grant = yes }
BRD,SOF20_BRD_pol0_4,商贸议会承诺,35,available = { is_subject = no has_capitulated = no  },completion_reward = { sof20_BRD_policy0_3_grant = yes add_stability = 0.02 }
BRD,SOF20_BRD_pol0_5,商贸议会定案,35,available = { is_subject = no has_capitulated = no  },completion_reward = { sof20_BRD_policy0_3_grant = yes set_country_flag = sof20_BRD_constitution }
BRD,SOF20_BRD_pol1_0,区域联邦,21,available = { is_subject = no has_capitulated = no  },completion_reward = { sof20_BRD_policy1_1_grant = yes set_country_flag = sof20_BRD_route1 country_event = { id = sof20_BRD.3 days = 1 } }
BRD,SOF20_BRD_pol1_1,区域联邦章程,21,available = { is_subject = no has_capitulated = no  },completion_reward = { sof20_BRD_policy1_1_grant = yes }
BRD,SOF20_BRD_pol1_2,区域联邦预算,35,available = { is_subject = no has_capitulated = no  },completion_reward = { sof20_BRD_policy1_2_grant = yes add_political_power = 35 }
BRD,SOF20_BRD_pol1_3,区域联邦契约,35,available = { is_subject = no has_capitulated = no  },completion_reward = { sof20_BRD_policy1_2_grant = yes }
BRD,SOF20_BRD_pol1_4,区域联邦承诺,35,available = { is_subject = no has_capitulated = no  },completion_reward = { sof20_BRD_policy1_3_grant = yes add_stability = 0.02 }
BRD,SOF20_BRD_pol1_5,区域联邦定案,35,available = { is_subject = no has_capitulated = no  },completion_reward = { sof20_BRD_policy1_3_grant = yes set_country_flag = sof20_BRD_constitution }
BRD,SOF20_BRD_pol2_0,西南防卫,21,available = { is_subject = no has_capitulated = no  },completion_reward = { sof20_BRD_policy2_1_grant = yes set_country_flag = sof20_BRD_route2 country_event = { id = sof20_BRD.4 days = 1 } }
BRD,SOF20_BRD_pol2_1,西南防卫章程,21,available = { is_subject = no has_capitulated = no  },completion_reward = { sof20_BRD_policy2_1_grant = yes }
BRD,SOF20_BRD_pol2_2,西南防卫预算,35,available = { is_subject = no has_capitulated = no  },completion_reward = { sof20_BRD_policy2_2_grant = yes add_political_power = 35 }
BRD,SOF20_BRD_pol2_3,西南防卫契约,35,available = { is_subject = no has_capitulated = no  },completion_reward = { sof20_BRD_policy2_2_grant = yes }
BRD,SOF20_BRD_pol2_4,西南防卫承诺,35,available = { is_subject = no has_capitulated = no  },completion_reward = { sof20_BRD_policy2_3_grant = yes add_war_support = 0.025 }
BRD,SOF20_BRD_pol2_5,西南防卫定案,35,available = { is_subject = no has_capitulated = no  },completion_reward = { sof20_BRD_policy2_3_grant = yes set_country_flag = sof20_BRD_constitution }
BRD,SOF20_BRD_eco0,大西洋商贸会议,21,available = { is_subject = no has_capitulated = no  },completion_reward = { add_political_power = 25 }
BRD,SOF20_BRD_eco1,河口仓储整备,21,available = { is_subject = no has_capitulated = no  },completion_reward = { add_political_power = 25 }
BRD,SOF20_BRD_eco2,食品出口协议,21,available = { is_subject = no has_capitulated = no  },completion_reward = { add_political_power = 25 }
BRD,SOF20_BRD_eco3,航运信用登记,21,available = { is_subject = no has_capitulated = no  },completion_reward = { if = { limit = { any_owned_state = { is_fully_controlled_by = ROOT OR = { state = 353 state = 362 state = 368 state = 376 state = 378 state = 380 state = 386 state = 389 state = 400 state = 401 state = 402 state = 403 state = 410 state = 420 state = 421 state = 434 state = 454 state = 456 state = 461 } industrial_complex < 20 } } random_owned_controlled_state = { limit = { is_fully_controlled_by = ROOT OR = { state = 353 state = 362 state = 368 state = 376 state = 378 state = 380 state = 386 state = 389 state = 400 state = 401 state = 402 state = 403 state = 410 state = 420 state = 421 state = 434 state = 454 state = 456 state = 461 } industrial_complex < 20 } add_extra_state_shared_building_slots = 1 if = { limit = { free_building_slots = { building = industrial_complex size > 0 include_locked = yes } } add_building_construction = { type = industrial_complex level = 1 instant_build = yes } } else = { ROOT = { add_political_power = 35 } } } } else = { add_political_power = 35 } }
BRD,SOF20_BRD_eco4,航空机具工坊,35,available = { is_subject = no has_capitulated = no  },completion_reward = { sof20_BRD_industry_1_grant = yes }
BRD,SOF20_BRD_eco5,河口交通协作,35,available = { is_subject = no has_capitulated = no  },completion_reward = { remove_ideas = sof20_BRD_bottleneck if = { limit = { any_owned_state = { is_fully_controlled_by = ROOT OR = { state = 353 state = 362 state = 368 state = 376 state = 378 state = 380 state = 386 state = 389 state = 400 state = 401 state = 402 state = 403 state = 410 state = 420 state = 421 state = 434 state = 454 state = 456 state = 461 } infrastructure < 5 } } random_owned_controlled_state = { limit = { is_fully_controlled_by = ROOT OR = { state = 353 state = 362 state = 368 state = 376 state = 378 state = 380 state = 386 state = 389 state = 400 state = 401 state = 402 state = 403 state = 410 state = 420 state = 421 state = 434 state = 454 state = 456 state = 461 } infrastructure < 5 } add_building_construction = { type = infrastructure level = 1 instant_build = yes } } } else = { add_political_power = 35 } }
BRD,SOF20_BRD_eco6,沿海船厂订单,35,available = { is_subject = no has_capitulated = no  },completion_reward = { if = { limit = {  } if = { limit = { any_owned_state = { is_fully_controlled_by = ROOT OR = { state = 353 state = 362 state = 368 state = 376 state = 378 state = 380 state = 386 state = 389 state = 400 state = 401 state = 402 state = 403 state = 410 state = 420 state = 421 state = 434 state = 454 state = 456 state = 461 } is_coastal = yes dockyard < 20 } } random_owned_controlled_state = { limit = { is_fully_controlled_by = ROOT OR = { state = 353 state = 362 state = 368 state = 376 state = 378 state = 380 state = 386 state = 389 state = 400 state = 401 state = 402 state = 403 state = 410 state = 420 state = 421 state = 434 state = 454 state = 456 state = 461 } is_coastal = yes dockyard < 20 } add_extra_state_shared_building_slots = 1 if = { limit = { free_building_slots = { building = dockyard size > 0 include_locked = yes } } add_building_construction = { type = dockyard level = 1 instant_build = yes } } else = { ROOT = { add_political_power = 35 } } } } else = { add_political_power = 35 } } else = { add_political_power = 35 add_tech_bonus = { name = sof20_research_bonus bonus = 0.5 uses = 1 category = naval_equipment } } }
BRD,SOF20_BRD_eco7,飞机零件标准,35,available = { is_subject = no has_capitulated = no  },completion_reward = { sof20_BRD_industry_2_grant = yes }
BRD,SOF20_BRD_eco8,西南技术学校,35,available = { is_subject = no has_capitulated = no  },completion_reward = { add_tech_bonus = { name = sof20_research_bonus bonus = 0.5 uses = 1 category = construction_tech } }
BRD,SOF20_BRD_eco9,航空研究联合,35,available = { is_subject = no has_capitulated = no  },completion_reward = { if = { limit = { num_research_slots < 5 NOT = { has_country_flag = sof20_BRD_research_slot } } add_research_slot = 1 set_country_flag = sof20_BRD_research_slot } else = { add_political_power = 50 } }
BRD,SOF20_BRD_eco10,军民订单协调,35,available = { is_subject = no has_capitulated = no  },completion_reward = { if = { limit = { any_owned_state = { is_fully_controlled_by = ROOT OR = { state = 353 state = 362 state = 368 state = 376 state = 378 state = 380 state = 386 state = 389 state = 400 state = 401 state = 402 state = 403 state = 410 state = 420 state = 421 state = 434 state = 454 state = 456 state = 461 } arms_factory < 20 } } random_owned_controlled_state = { limit = { is_fully_controlled_by = ROOT OR = { state = 353 state = 362 state = 368 state = 376 state = 378 state = 380 state = 386 state = 389 state = 400 state = 401 state = 402 state = 403 state = 410 state = 420 state = 421 state = 434 state = 454 state = 456 state = 461 } arms_factory < 20 } add_extra_state_shared_building_slots = 1 if = { limit = { free_building_slots = { building = arms_factory size > 0 include_locked = yes } } add_building_construction = { type = arms_factory level = 1 instant_build = yes } } else = { ROOT = { add_political_power = 35 } } } } else = { add_political_power = 35 } }
BRD,SOF20_BRD_eco11,阿基坦产业协约,35,available = { is_subject = no has_capitulated = no  },completion_reward = { sof20_BRD_industry_3_grant = yes }
BRD,SOF20_BRD_army0,波尔多地方守备,21,available = { is_subject = no has_capitulated = no  },completion_reward = { add_equipment_to_stockpile = { type = infantry_equipment_0 amount = 200 producer = ROOT } add_manpower = 1000 }
BRD,SOF20_BRD_army1,河口观察训练,21,available = { is_subject = no has_capitulated = no  },completion_reward = { army_experience = 8 }
BRD,SOF20_BRD_army2,西南军官学校,21,available = { is_subject = no has_capitulated = no  },completion_reward = { sof20_BRD_army_1_grant = yes }
BRD,SOF20_BRD_army3,步枪维护标准,35,available = { is_subject = no has_capitulated = no  },completion_reward = { add_equipment_to_stockpile = { type = infantry_equipment_0 amount = 200 producer = ROOT } }
BRD,SOF20_BRD_army4,河口工程队,35,available = { is_subject = no has_capitulated = no  },completion_reward = { add_doctrine_cost_reduction = { name = sof20_research_bonus cost_reduction = 0.25 uses = 1 category = land_doctrine } }
BRD,SOF20_BRD_army5,大西洋运输连,35,available = { is_subject = no has_capitulated = no  },completion_reward = { sof20_BRD_army_2_grant = yes }
BRD,SOF20_BRD_army6,沿岸护航编组,35,available = { is_subject = no has_capitulated = no  },completion_reward = { add_tech_bonus = { name = sof20_research_bonus bonus = 0.5 uses = 1 category = naval_equipment } }
BRD,SOF20_BRD_army7,航空联络训练,35,available = { is_subject = no has_capitulated = no  },completion_reward = { add_equipment_to_stockpile = { type = support_equipment_1 amount = 50 producer = ROOT } }
BRD,SOF20_BRD_army8,河口战斗教范,35,available = { is_subject = no has_capitulated = no  },completion_reward = { sof20_learn_river = yes custom_effect_tooltip = sof20_terrain_river_tt }
BRD,SOF20_BRD_army9,西南共同参谋,35,available = { is_subject = no has_capitulated = no  },completion_reward = { sof20_BRD_army_3_grant = yes }
BRD,SOF20_BRD_dip0,地区合作信函,21,available = { is_subject = no has_capitulated = no  },completion_reward = { set_country_flag = sof20_BRD_diplomacy add_political_power = 25 }
BRD,SOF20_BRD_dip1,交通合作章程,21,available = { is_subject = no has_capitulated = no  },completion_reward = { set_country_flag = sof20_BRD_transport add_stability = 0.025 }
BRD,SOF20_BRD_dip2,伙伴往来协议,21,available = { is_subject = no has_capitulated = no  },completion_reward = { set_country_flag = sof20_BRD_integration_diplomacy add_political_power = 35 }
BRD,SOF20_BRD_dip3,地区防卫委任,21,available = { is_subject = no has_capitulated = no  },completion_reward = { set_country_flag = sofzh_unification_war_ready sofzh_unification_grant_border_goals = yes add_war_support = 0.025 }
BRD,SOF20_BRD_dip4,战地运输调度,21,available = { is_subject = no has_capitulated = no  },completion_reward = { add_equipment_to_stockpile = { type = train_equipment_1 amount = 15 producer = ROOT } add_equipment_to_stockpile = { type = motorized_equipment_1 amount = 30 producer = ROOT } }
BRD,SOF20_BRD_dip5,地区共同议会,21,available = { is_subject = no has_capitulated = no sof20_BRD_controlled = yes },completion_reward = { set_cosmetic_tag = AQUITAINE set_country_flag = form_region_flag sof20_BRD_administration_2_grant = yes }
BRD,SOF20_BRD_nat0,全国协调会议,56,available = { is_subject = no has_capitulated = no num_of_controlled_states > 19 },completion_reward = { add_stability = 0.025 add_political_power = 50 }
BRD,SOF20_BRD_nat1,巴黎代表联络,35,available = { is_subject = no has_capitulated = no 143 = { is_controlled_by = ROOT } },completion_reward = { add_political_power = 50 }
BRD,SOF20_BRD_nat2,统一战争纲领,35,available = { is_subject = no has_capitulated = no  },completion_reward = { set_country_flag = sofzh_unification_war_ready sofzh_unification_grant_border_goals = yes }
BRD,SOF20_BRD_nat3,宣告法国统一,56,available = { is_subject = no has_capitulated = no sofzh_unification_all_france = yes has_war = no },completion_reward = { sofzh_unification_proclaim_france = yes }
BRD,SOF20_BRD_nat4,军工和平转产,35,available = { is_subject = no has_capitulated = no has_country_flag = sofzh_unification_complete },completion_reward = { add_stability = 0.04 add_political_power = 75 }
BRD,SOF20_BRD_nat5,全国公共重建,35,available = { is_subject = no has_capitulated = no has_country_flag = sofzh_unification_complete },completion_reward = { sof20_BRD_administration_3_grant = yes random_owned_controlled_state = { limit = { is_fully_controlled_by = ROOT OR = { state = 353 state = 362 state = 368 state = 376 state = 378 state = 380 state = 386 state = 389 state = 400 state = 401 state = 402 state = 403 state = 410 state = 420 state = 421 state = 434 state = 454 state = 456 state = 461 } industrial_complex < 20 } add_extra_state_shared_building_slots = 1 if = { limit = { free_building_slots = { building = industrial_complex size > 0 include_locked = yes } } add_building_construction = { type = industrial_complex level = 1 instant_build = yes } } else = { ROOT = { add_political_power = 35 } } } }
BRD,SOF20_BRD_nat6,地方整合授权,35,available = { is_subject = no has_capitulated = no has_country_flag = sofzh_unification_complete },completion_reward = { sofzh_unification_integrate_territories = yes }
BRD,SOF20_BRD_nat7,战后宪政定案,56,available = { is_subject = no has_capitulated = no has_country_flag = sofzh_unification_complete },completion_reward = { add_stability = 0.05 add_political_power = 100 }
BRD,SOF20_BRD_extra0,波尔多预算协定,21,available = { is_subject = no has_capitulated = no  },completion_reward = { add_political_power = 35 set_country_flag = sof20_BRD_specialist_project }
BRD,SOF20_BRD_extra1,阿基坦订单协调,21,available = { is_subject = no has_capitulated = no  },completion_reward = { add_tech_bonus = { name = sof20_research_bonus bonus = 0.35 uses = 1 category = construction_tech } }
BRD,SOF20_BRD_extra2,公共投资议案,21,available = { is_subject = no has_capitulated = no  },completion_reward = { add_stability = 0.02 }
BRD,SOF20_BRD_extra3,本地机具整备,21,available = { is_subject = no has_capitulated = no  },completion_reward = { add_equipment_to_stockpile = { type = support_equipment_1 amount = 40 producer = ROOT } }
BRD,SOF20_BRD_extra4,运输储备计划,21,available = { is_subject = no has_capitulated = no  },completion_reward = { add_equipment_to_stockpile = { type = motorized_equipment_1 amount = 25 producer = ROOT } }
BRD,SOF20_BRD_extra5,地方医疗协作,21,available = { is_subject = no has_capitulated = no  },completion_reward = { army_experience = 8 }
BRD,SOF20_BRD_extra6,工场联合采购,21,available = { is_subject = no has_capitulated = no  },completion_reward = { add_political_power = 35 }
BRD,SOF20_BRD_extra7,前线联络课程,21,available = { is_subject = no has_capitulated = no  },completion_reward = { add_tech_bonus = { name = sof20_research_bonus bonus = 0.35 uses = 1 category = construction_tech } }
BRD,SOF20_BRD_extra8,技术传播网络,21,available = { is_subject = no has_capitulated = no  },completion_reward = { add_stability = 0.02 }
BRD,SOF20_BRD_extra9,后备人员登记,21,available = { is_subject = no has_capitulated = no  },completion_reward = { add_equipment_to_stockpile = { type = support_equipment_1 amount = 40 producer = ROOT } }
BRD,SOF20_BRD_extra10,区域工程协作,21,available = { is_subject = no has_capitulated = no  },completion_reward = { add_equipment_to_stockpile = { type = motorized_equipment_1 amount = 25 producer = ROOT } }
BRD,SOF20_BRD_extra11,军民合同审查,21,available = { is_subject = no has_capitulated = no  },completion_reward = { army_experience = 8 }
TOU,SOF20_TOU_home0,地方共同会议,21,available = { is_subject = no has_capitulated = no  },completion_reward = { set_country_flag = sofzh_unification_started remove_ideas = sof20_TOU_fragmentation add_political_power = 35 country_event = { id = sof20_TOU.1 days = 1 } }
TOU,SOF20_TOU_home1,市镇登记章程,21,available = { is_subject = no has_capitulated = no  },completion_reward = { add_stability = 0.025 add_political_power = 30 sof20_TOU_administration_1_grant = yes }
TOU,SOF20_TOU_home2,省际行政网络,21,available = { is_subject = no has_capitulated = no num_of_controlled_states > 6 },completion_reward = { sof20_TOU_administration_1_grant = yes add_political_power = 30 }
TOU,SOF20_TOU_home3,大区共同服务,21,available = { is_subject = no has_capitulated = no num_of_controlled_states > 12 },completion_reward = { sof20_TOU_administration_2_grant = yes add_stability = 0.02 }
TOU,SOF20_TOU_home4,地方财政统筹,21,available = { is_subject = no has_capitulated = no num_of_controlled_states > 25 },completion_reward = { sof20_TOU_administration_2_grant = yes add_political_power = 40 }
TOU,SOF20_TOU_home5,国家公共机构,21,available = { is_subject = no has_capitulated = no num_of_controlled_states > 50 },completion_reward = { sof20_TOU_administration_3_grant = yes add_political_power = 50 }
TOU,SOF20_TOU_pol0_0,科研共和,21,available = { is_subject = no has_capitulated = no  },completion_reward = { sof20_TOU_policy0_1_grant = yes set_country_flag = sof20_TOU_route0 country_event = { id = sof20_TOU.2 days = 1 } }
TOU,SOF20_TOU_pol0_1,科研共和章程,21,available = { is_subject = no has_capitulated = no  },completion_reward = { sof20_TOU_policy0_1_grant = yes }
TOU,SOF20_TOU_pol0_2,科研共和预算,35,available = { is_subject = no has_capitulated = no  },completion_reward = { sof20_TOU_policy0_2_grant = yes add_political_power = 35 }
TOU,SOF20_TOU_pol0_3,科研共和契约,35,available = { is_subject = no has_capitulated = no  },completion_reward = { sof20_TOU_policy0_2_grant = yes }
TOU,SOF20_TOU_pol0_4,科研共和承诺,35,available = { is_subject = no has_capitulated = no  },completion_reward = { sof20_TOU_policy0_3_grant = yes add_stability = 0.02 }
TOU,SOF20_TOU_pol0_5,科研共和定案,35,available = { is_subject = no has_capitulated = no  },completion_reward = { sof20_TOU_policy0_3_grant = yes set_country_flag = sof20_TOU_constitution }
TOU,SOF20_TOU_pol1_0,工人合作,21,available = { is_subject = no has_capitulated = no  },completion_reward = { sof20_TOU_policy1_1_grant = yes set_country_flag = sof20_TOU_route1 country_event = { id = sof20_TOU.3 days = 1 } }
TOU,SOF20_TOU_pol1_1,工人合作章程,21,available = { is_subject = no has_capitulated = no  },completion_reward = { sof20_TOU_policy1_1_grant = yes }
TOU,SOF20_TOU_pol1_2,工人合作预算,35,available = { is_subject = no has_capitulated = no  },completion_reward = { sof20_TOU_policy1_2_grant = yes add_political_power = 35 }
TOU,SOF20_TOU_pol1_3,工人合作契约,35,available = { is_subject = no has_capitulated = no  },completion_reward = { sof20_TOU_policy1_2_grant = yes }
TOU,SOF20_TOU_pol1_4,工人合作承诺,35,available = { is_subject = no has_capitulated = no  },completion_reward = { sof20_TOU_policy1_3_grant = yes add_stability = 0.02 }
TOU,SOF20_TOU_pol1_5,工人合作定案,35,available = { is_subject = no has_capitulated = no  },completion_reward = { sof20_TOU_policy1_3_grant = yes set_country_flag = sof20_TOU_constitution }
TOU,SOF20_TOU_pol2_0,南方军盟,21,available = { is_subject = no has_capitulated = no  },completion_reward = { sof20_TOU_policy2_1_grant = yes set_country_flag = sof20_TOU_route2 country_event = { id = sof20_TOU.4 days = 1 } }
TOU,SOF20_TOU_pol2_1,南方军盟章程,21,available = { is_subject = no has_capitulated = no  },completion_reward = { sof20_TOU_policy2_1_grant = yes }
TOU,SOF20_TOU_pol2_2,南方军盟预算,35,available = { is_subject = no has_capitulated = no  },completion_reward = { sof20_TOU_policy2_2_grant = yes add_political_power = 35 }
TOU,SOF20_TOU_pol2_3,南方军盟契约,35,available = { is_subject = no has_capitulated = no  },completion_reward = { sof20_TOU_policy2_2_grant = yes }
TOU,SOF20_TOU_pol2_4,南方军盟承诺,35,available = { is_subject = no has_capitulated = no  },completion_reward = { sof20_TOU_policy2_3_grant = yes add_war_support = 0.025 }
TOU,SOF20_TOU_pol2_5,南方军盟定案,35,available = { is_subject = no has_capitulated = no  },completion_reward = { sof20_TOU_policy2_3_grant = yes set_country_flag = sof20_TOU_constitution }
TOU,SOF20_TOU_eco0,航空研究联合,21,available = { is_subject = no has_capitulated = no  },completion_reward = { add_political_power = 25 }
TOU,SOF20_TOU_eco1,机电工坊调查,21,available = { is_subject = no has_capitulated = no  },completion_reward = { add_political_power = 25 }
TOU,SOF20_TOU_eco2,试制经费登记,21,available = { is_subject = no has_capitulated = no  },completion_reward = { add_political_power = 25 }
TOU,SOF20_TOU_eco3,工人技术课程,21,available = { is_subject = no has_capitulated = no  },completion_reward = { if = { limit = { any_owned_state = { is_fully_controlled_by = ROOT OR = { state = 387 state = 391 state = 393 state = 404 state = 407 state = 412 state = 419 state = 424 state = 430 state = 435 state = 439 state = 442 state = 445 state = 447 state = 453 state = 455 state = 464 state = 471 state = 475 state = 478 state = 479 state = 481 } industrial_complex < 20 } } random_owned_controlled_state = { limit = { is_fully_controlled_by = ROOT OR = { state = 387 state = 391 state = 393 state = 404 state = 407 state = 412 state = 419 state = 424 state = 430 state = 435 state = 439 state = 442 state = 445 state = 447 state = 453 state = 455 state = 464 state = 471 state = 475 state = 478 state = 479 state = 481 } industrial_complex < 20 } add_extra_state_shared_building_slots = 1 if = { limit = { free_building_slots = { building = industrial_complex size > 0 include_locked = yes } } add_building_construction = { type = industrial_complex level = 1 instant_build = yes } } else = { ROOT = { add_political_power = 35 } } } } else = { add_political_power = 35 } }
TOU,SOF20_TOU_eco4,飞机零件标准,35,available = { is_subject = no has_capitulated = no  },completion_reward = { sof20_TOU_industry_1_grant = yes }
TOU,SOF20_TOU_eco5,南方交通协作,35,available = { is_subject = no has_capitulated = no  },completion_reward = { remove_ideas = sof20_TOU_bottleneck if = { limit = { any_owned_state = { is_fully_controlled_by = ROOT OR = { state = 387 state = 391 state = 393 state = 404 state = 407 state = 412 state = 419 state = 424 state = 430 state = 435 state = 439 state = 442 state = 445 state = 447 state = 453 state = 455 state = 464 state = 471 state = 475 state = 478 state = 479 state = 481 } infrastructure < 5 } } random_owned_controlled_state = { limit = { is_fully_controlled_by = ROOT OR = { state = 387 state = 391 state = 393 state = 404 state = 407 state = 412 state = 419 state = 424 state = 430 state = 435 state = 439 state = 442 state = 445 state = 447 state = 453 state = 455 state = 464 state = 471 state = 475 state = 478 state = 479 state = 481 } infrastructure < 5 } add_building_construction = { type = infrastructure level = 1 instant_build = yes } } } else = { add_political_power = 35 } }
TOU,SOF20_TOU_eco6,航空军需订单,35,available = { is_subject = no has_capitulated = no  },completion_reward = { if = { limit = { any_owned_state = { is_fully_controlled_by = ROOT OR = { state = 387 state = 391 state = 393 state = 404 state = 407 state = 412 state = 419 state = 424 state = 430 state = 435 state = 439 state = 442 state = 445 state = 447 state = 453 state = 455 state = 464 state = 471 state = 475 state = 478 state = 479 state = 481 } arms_factory < 20 } } random_owned_controlled_state = { limit = { is_fully_controlled_by = ROOT OR = { state = 387 state = 391 state = 393 state = 404 state = 407 state = 412 state = 419 state = 424 state = 430 state = 435 state = 439 state = 442 state = 445 state = 447 state = 453 state = 455 state = 464 state = 471 state = 475 state = 478 state = 479 state = 481 } arms_factory < 20 } add_extra_state_shared_building_slots = 1 if = { limit = { free_building_slots = { building = arms_factory size > 0 include_locked = yes } } add_building_construction = { type = arms_factory level = 1 instant_build = yes } } else = { ROOT = { add_political_power = 35 } } } } else = { add_political_power = 35 } }
TOU,SOF20_TOU_eco7,民航生产合同,35,available = { is_subject = no has_capitulated = no  },completion_reward = { sof20_TOU_industry_2_grant = yes }
TOU,SOF20_TOU_eco8,航空技术学校,35,available = { is_subject = no has_capitulated = no  },completion_reward = { add_tech_bonus = { name = sof20_research_bonus bonus = 0.5 uses = 1 category = construction_tech } }
TOU,SOF20_TOU_eco9,原型机研究所,35,available = { is_subject = no has_capitulated = no  },completion_reward = { if = { limit = { num_research_slots < 5 NOT = { has_country_flag = sof20_TOU_research_slot } } add_research_slot = 1 set_country_flag = sof20_TOU_research_slot } else = { add_political_power = 50 } }
TOU,SOF20_TOU_eco10,飞机工厂转产,35,available = { is_subject = no has_capitulated = no  },completion_reward = { if = { limit = { any_owned_state = { is_fully_controlled_by = ROOT OR = { state = 387 state = 391 state = 393 state = 404 state = 407 state = 412 state = 419 state = 424 state = 430 state = 435 state = 439 state = 442 state = 445 state = 447 state = 453 state = 455 state = 464 state = 471 state = 475 state = 478 state = 479 state = 481 } arms_factory < 20 } } random_owned_controlled_state = { limit = { is_fully_controlled_by = ROOT OR = { state = 387 state = 391 state = 393 state = 404 state = 407 state = 412 state = 419 state = 424 state = 430 state = 435 state = 439 state = 442 state = 445 state = 447 state = 453 state = 455 state = 464 state = 471 state = 475 state = 478 state = 479 state = 481 } arms_factory < 20 } add_extra_state_shared_building_slots = 1 if = { limit = { free_building_slots = { building = arms_factory size > 0 include_locked = yes } } add_building_construction = { type = arms_factory level = 1 instant_build = yes } } else = { ROOT = { add_political_power = 35 } } } } else = { add_political_power = 35 } }
TOU,SOF20_TOU_eco11,南方航空体系,35,available = { is_subject = no has_capitulated = no  },completion_reward = { sof20_TOU_industry_3_grant = yes }
TOU,SOF20_TOU_army0,图卢兹地方守备,21,available = { is_subject = no has_capitulated = no  },completion_reward = { add_equipment_to_stockpile = { type = infantry_equipment_0 amount = 200 producer = ROOT } add_manpower = 1000 }
TOU,SOF20_TOU_army1,航空观察训练,21,available = { is_subject = no has_capitulated = no  },completion_reward = { army_experience = 8 }
TOU,SOF20_TOU_army2,南方军官课程,21,available = { is_subject = no has_capitulated = no  },completion_reward = { sof20_TOU_army_1_grant = yes }
TOU,SOF20_TOU_army3,地勤整备标准,35,available = { is_subject = no has_capitulated = no  },completion_reward = { add_equipment_to_stockpile = { type = infantry_equipment_0 amount = 200 producer = ROOT } }
TOU,SOF20_TOU_army4,山地工程连,35,available = { is_subject = no has_capitulated = no  },completion_reward = { add_doctrine_cost_reduction = { name = sof20_research_bonus cost_reduction = 0.25 uses = 1 category = land_doctrine } }
TOU,SOF20_TOU_army5,航空运输协作,35,available = { is_subject = no has_capitulated = no  },completion_reward = { sof20_TOU_army_2_grant = yes }
TOU,SOF20_TOU_army6,近距支援训练,35,available = { is_subject = no has_capitulated = no  },completion_reward = { add_tech_bonus = { name = sof20_research_bonus bonus = 0.5 uses = 1 category = light_air } }
TOU,SOF20_TOU_army7,山地机动部队,35,available = { is_subject = no has_capitulated = no  },completion_reward = { add_equipment_to_stockpile = { type = support_equipment_1 amount = 50 producer = ROOT } }
TOU,SOF20_TOU_army8,陆空战斗教范,35,available = { is_subject = no has_capitulated = no  },completion_reward = { sof20_learn_mountain = yes custom_effect_tooltip = sof20_terrain_mountain_tt }
TOU,SOF20_TOU_army9,南方联合空军,35,available = { is_subject = no has_capitulated = no  },completion_reward = { sof20_TOU_army_3_grant = yes }
TOU,SOF20_TOU_dip0,地区合作信函,21,available = { is_subject = no has_capitulated = no  },completion_reward = { set_country_flag = sof20_TOU_diplomacy add_political_power = 25 }
TOU,SOF20_TOU_dip1,交通合作章程,21,available = { is_subject = no has_capitulated = no  },completion_reward = { set_country_flag = sof20_TOU_transport add_stability = 0.025 }
TOU,SOF20_TOU_dip2,伙伴往来协议,21,available = { is_subject = no has_capitulated = no  },completion_reward = { set_country_flag = sof20_TOU_integration_diplomacy add_political_power = 35 }
TOU,SOF20_TOU_dip3,地区防卫委任,21,available = { is_subject = no has_capitulated = no  },completion_reward = { set_country_flag = sofzh_unification_war_ready sofzh_unification_grant_border_goals = yes add_war_support = 0.025 }
TOU,SOF20_TOU_dip4,战地运输调度,21,available = { is_subject = no has_capitulated = no  },completion_reward = { add_equipment_to_stockpile = { type = train_equipment_1 amount = 15 producer = ROOT } add_equipment_to_stockpile = { type = motorized_equipment_1 amount = 30 producer = ROOT } }
TOU,SOF20_TOU_dip5,地区共同议会,21,available = { is_subject = no has_capitulated = no sof20_TOU_controlled = yes },completion_reward = { set_cosmetic_tag = MIDI set_country_flag = form_region_flag sof20_TOU_administration_2_grant = yes }
TOU,SOF20_TOU_nat0,全国协调会议,56,available = { is_subject = no has_capitulated = no num_of_controlled_states > 19 },completion_reward = { add_stability = 0.025 add_political_power = 50 }
TOU,SOF20_TOU_nat1,巴黎代表联络,35,available = { is_subject = no has_capitulated = no 143 = { is_controlled_by = ROOT } },completion_reward = { add_political_power = 50 }
TOU,SOF20_TOU_nat2,统一战争纲领,35,available = { is_subject = no has_capitulated = no  },completion_reward = { set_country_flag = sofzh_unification_war_ready sofzh_unification_grant_border_goals = yes }
TOU,SOF20_TOU_nat3,宣告法国统一,56,available = { is_subject = no has_capitulated = no sofzh_unification_all_france = yes has_war = no },completion_reward = { sofzh_unification_proclaim_france = yes }
TOU,SOF20_TOU_nat4,军工和平转产,35,available = { is_subject = no has_capitulated = no has_country_flag = sofzh_unification_complete },completion_reward = { add_stability = 0.04 add_political_power = 75 }
TOU,SOF20_TOU_nat5,全国公共重建,35,available = { is_subject = no has_capitulated = no has_country_flag = sofzh_unification_complete },completion_reward = { sof20_TOU_administration_3_grant = yes random_owned_controlled_state = { limit = { is_fully_controlled_by = ROOT OR = { state = 387 state = 391 state = 393 state = 404 state = 407 state = 412 state = 419 state = 424 state = 430 state = 435 state = 439 state = 442 state = 445 state = 447 state = 453 state = 455 state = 464 state = 471 state = 475 state = 478 state = 479 state = 481 } industrial_complex < 20 } add_extra_state_shared_building_slots = 1 if = { limit = { free_building_slots = { building = industrial_complex size > 0 include_locked = yes } } add_building_construction = { type = industrial_complex level = 1 instant_build = yes } } else = { ROOT = { add_political_power = 35 } } } }
TOU,SOF20_TOU_nat6,地方整合授权,35,available = { is_subject = no has_capitulated = no has_country_flag = sofzh_unification_complete },completion_reward = { sofzh_unification_integrate_territories = yes }
TOU,SOF20_TOU_nat7,战后宪政定案,56,available = { is_subject = no has_capitulated = no has_country_flag = sofzh_unification_complete },completion_reward = { add_stability = 0.05 add_political_power = 100 }
TOU,SOF20_TOU_extra0,图卢兹预算协定,21,available = { is_subject = no has_capitulated = no  },completion_reward = { add_political_power = 35 set_country_flag = sof20_TOU_specialist_project }
TOU,SOF20_TOU_extra1,南部-订单协调,21,available = { is_subject = no has_capitulated = no  },completion_reward = { add_tech_bonus = { name = sof20_research_bonus bonus = 0.35 uses = 1 category = construction_tech } }
TOU,SOF20_TOU_extra2,公共投资议案,21,available = { is_subject = no has_capitulated = no  },completion_reward = { add_stability = 0.02 }
TOU,SOF20_TOU_extra3,本地机具整备,21,available = { is_subject = no has_capitulated = no  },completion_reward = { add_equipment_to_stockpile = { type = support_equipment_1 amount = 40 producer = ROOT } }
TOU,SOF20_TOU_extra4,运输储备计划,21,available = { is_subject = no has_capitulated = no  },completion_reward = { add_equipment_to_stockpile = { type = motorized_equipment_1 amount = 25 producer = ROOT } }
TOU,SOF20_TOU_extra5,地方医疗协作,21,available = { is_subject = no has_capitulated = no  },completion_reward = { army_experience = 8 }
TOU,SOF20_TOU_extra6,工场联合采购,21,available = { is_subject = no has_capitulated = no  },completion_reward = { add_political_power = 35 }
TOU,SOF20_TOU_extra7,前线联络课程,21,available = { is_subject = no has_capitulated = no  },completion_reward = { add_tech_bonus = { name = sof20_research_bonus bonus = 0.35 uses = 1 category = construction_tech } }
TOU,SOF20_TOU_extra8,技术传播网络,21,available = { is_subject = no has_capitulated = no  },completion_reward = { add_stability = 0.02 }
TOU,SOF20_TOU_extra9,后备人员登记,21,available = { is_subject = no has_capitulated = no  },completion_reward = { add_equipment_to_stockpile = { type = support_equipment_1 amount = 40 producer = ROOT } }
TOU,SOF20_TOU_extra10,区域工程协作,21,available = { is_subject = no has_capitulated = no  },completion_reward = { add_equipment_to_stockpile = { type = motorized_equipment_1 amount = 25 producer = ROOT } }
TOU,SOF20_TOU_extra11,军民合同审查,21,available = { is_subject = no has_capitulated = no  },completion_reward = { army_experience = 8 }
TOU,SOF20_TOU_extra12,地方复兴基金,21,available = { is_subject = no has_capitulated = no  },completion_reward = { add_political_power = 35 }
TOU,SOF20_TOU_extra13,交通维修队,21,available = { is_subject = no has_capitulated = no  },completion_reward = { add_tech_bonus = { name = sof20_research_bonus bonus = 0.35 uses = 1 category = construction_tech } }
TOU,SOF20_TOU_extra14,联合军需条例,21,available = { is_subject = no has_capitulated = no  },completion_reward = { add_stability = 0.02 }
TOU,SOF20_TOU_extra15,城乡服务协约,21,available = { is_subject = no has_capitulated = no  },completion_reward = { add_equipment_to_stockpile = { type = support_equipment_1 amount = 40 producer = ROOT } }
NAN,SOF20_NAN_home0,地方共同会议,21,available = { is_subject = no has_capitulated = no  },completion_reward = { set_country_flag = sofzh_unification_started remove_ideas = sof20_NAN_fragmentation add_political_power = 35 country_event = { id = sof20_NAN.1 days = 1 } }
NAN,SOF20_NAN_home1,市镇登记章程,21,available = { is_subject = no has_capitulated = no  },completion_reward = { add_stability = 0.025 add_political_power = 30 sof20_NAN_administration_1_grant = yes }
NAN,SOF20_NAN_home2,省际行政网络,21,available = { is_subject = no has_capitulated = no num_of_controlled_states > 6 },completion_reward = { sof20_NAN_administration_1_grant = yes add_political_power = 30 }
NAN,SOF20_NAN_home3,大区共同服务,21,available = { is_subject = no has_capitulated = no num_of_controlled_states > 12 },completion_reward = { sof20_NAN_administration_2_grant = yes add_stability = 0.02 }
NAN,SOF20_NAN_home4,地方财政统筹,21,available = { is_subject = no has_capitulated = no num_of_controlled_states > 25 },completion_reward = { sof20_NAN_administration_2_grant = yes add_political_power = 40 }
NAN,SOF20_NAN_home5,国家公共机构,21,available = { is_subject = no has_capitulated = no num_of_controlled_states > 50 },completion_reward = { sof20_NAN_administration_3_grant = yes add_political_power = 50 }
NAN,SOF20_NAN_pol0_0,船厂议会,21,available = { is_subject = no has_capitulated = no  },completion_reward = { sof20_NAN_policy0_1_grant = yes set_country_flag = sof20_NAN_route0 country_event = { id = sof20_NAN.2 days = 1 } }
NAN,SOF20_NAN_pol0_1,船厂议会章程,21,available = { is_subject = no has_capitulated = no  },completion_reward = { sof20_NAN_policy0_1_grant = yes }
NAN,SOF20_NAN_pol0_2,船厂议会预算,35,available = { is_subject = no has_capitulated = no  },completion_reward = { sof20_NAN_policy0_2_grant = yes add_political_power = 35 }
NAN,SOF20_NAN_pol0_3,船厂议会契约,35,available = { is_subject = no has_capitulated = no  },completion_reward = { sof20_NAN_policy0_2_grant = yes }
NAN,SOF20_NAN_pol0_4,船厂议会承诺,35,available = { is_subject = no has_capitulated = no  },completion_reward = { sof20_NAN_policy0_3_grant = yes add_stability = 0.02 }
NAN,SOF20_NAN_pol0_5,船厂议会定案,35,available = { is_subject = no has_capitulated = no  },completion_reward = { sof20_NAN_policy0_3_grant = yes set_country_flag = sof20_NAN_constitution }
NAN,SOF20_NAN_pol1_0,卢瓦尔联邦,21,available = { is_subject = no has_capitulated = no  },completion_reward = { sof20_NAN_policy1_1_grant = yes set_country_flag = sof20_NAN_route1 country_event = { id = sof20_NAN.3 days = 1 } }
NAN,SOF20_NAN_pol1_1,卢瓦尔联章程,21,available = { is_subject = no has_capitulated = no  },completion_reward = { sof20_NAN_policy1_1_grant = yes }
NAN,SOF20_NAN_pol1_2,卢瓦尔联预算,35,available = { is_subject = no has_capitulated = no  },completion_reward = { sof20_NAN_policy1_2_grant = yes add_political_power = 35 }
NAN,SOF20_NAN_pol1_3,卢瓦尔联契约,35,available = { is_subject = no has_capitulated = no  },completion_reward = { sof20_NAN_policy1_2_grant = yes }
NAN,SOF20_NAN_pol1_4,卢瓦尔联承诺,35,available = { is_subject = no has_capitulated = no  },completion_reward = { sof20_NAN_policy1_3_grant = yes add_stability = 0.02 }
NAN,SOF20_NAN_pol1_5,卢瓦尔联定案,35,available = { is_subject = no has_capitulated = no  },completion_reward = { sof20_NAN_policy1_3_grant = yes set_country_flag = sof20_NAN_constitution }
NAN,SOF20_NAN_pol2_0,海运统筹,21,available = { is_subject = no has_capitulated = no  },completion_reward = { sof20_NAN_policy2_1_grant = yes set_country_flag = sof20_NAN_route2 country_event = { id = sof20_NAN.4 days = 1 } }
NAN,SOF20_NAN_pol2_1,海运统筹章程,21,available = { is_subject = no has_capitulated = no  },completion_reward = { sof20_NAN_policy2_1_grant = yes }
NAN,SOF20_NAN_pol2_2,海运统筹预算,35,available = { is_subject = no has_capitulated = no  },completion_reward = { sof20_NAN_policy2_2_grant = yes add_political_power = 35 }
NAN,SOF20_NAN_pol2_3,海运统筹契约,35,available = { is_subject = no has_capitulated = no  },completion_reward = { sof20_NAN_policy2_2_grant = yes }
NAN,SOF20_NAN_pol2_4,海运统筹承诺,35,available = { is_subject = no has_capitulated = no  },completion_reward = { sof20_NAN_policy2_3_grant = yes add_war_support = 0.025 }
NAN,SOF20_NAN_pol2_5,海运统筹定案,35,available = { is_subject = no has_capitulated = no  },completion_reward = { sof20_NAN_policy2_3_grant = yes set_country_flag = sof20_NAN_constitution }
NAN,SOF20_NAN_eco0,卢瓦尔船厂会议,21,available = { is_subject = no has_capitulated = no  },completion_reward = { add_political_power = 25 }
NAN,SOF20_NAN_eco1,河口运输调查,21,available = { is_subject = no has_capitulated = no  },completion_reward = { add_political_power = 25 }
NAN,SOF20_NAN_eco2,船厂劳动协议,21,available = { is_subject = no has_capitulated = no  },completion_reward = { add_political_power = 25 }
NAN,SOF20_NAN_eco3,航运订单登记,21,available = { is_subject = no has_capitulated = no  },completion_reward = { if = { limit = { any_owned_state = { is_fully_controlled_by = ROOT OR = { state = 176 state = 185 state = 192 state = 196 state = 205 state = 216 state = 218 state = 220 state = 222 state = 229 state = 231 state = 237 state = 248 state = 249 state = 268 state = 271 state = 272 state = 281 state = 286 state = 293 } industrial_complex < 20 } } random_owned_controlled_state = { limit = { is_fully_controlled_by = ROOT OR = { state = 176 state = 185 state = 192 state = 196 state = 205 state = 216 state = 218 state = 220 state = 222 state = 229 state = 231 state = 237 state = 248 state = 249 state = 268 state = 271 state = 272 state = 281 state = 286 state = 293 } industrial_complex < 20 } add_extra_state_shared_building_slots = 1 if = { limit = { free_building_slots = { building = industrial_complex size > 0 include_locked = yes } } add_building_construction = { type = industrial_complex level = 1 instant_build = yes } } else = { ROOT = { add_political_power = 35 } } } } else = { add_political_power = 35 } }
NAN,SOF20_NAN_eco4,船舶机具工坊,35,available = { is_subject = no has_capitulated = no  },completion_reward = { sof20_NAN_industry_1_grant = yes }
NAN,SOF20_NAN_eco5,港口仓库整备,35,available = { is_subject = no has_capitulated = no  },completion_reward = { remove_ideas = sof20_NAN_bottleneck if = { limit = { any_owned_state = { is_fully_controlled_by = ROOT OR = { state = 176 state = 185 state = 192 state = 196 state = 205 state = 216 state = 218 state = 220 state = 222 state = 229 state = 231 state = 237 state = 248 state = 249 state = 268 state = 271 state = 272 state = 281 state = 286 state = 293 } infrastructure < 5 } } random_owned_controlled_state = { limit = { is_fully_controlled_by = ROOT OR = { state = 176 state = 185 state = 192 state = 196 state = 205 state = 216 state = 218 state = 220 state = 222 state = 229 state = 231 state = 237 state = 248 state = 249 state = 268 state = 271 state = 272 state = 281 state = 286 state = 293 } infrastructure < 5 } add_building_construction = { type = infrastructure level = 1 instant_build = yes } } } else = { add_political_power = 35 } }
NAN,SOF20_NAN_eco6,圣纳泽尔协作,35,available = { is_subject = no has_capitulated = no  },completion_reward = { if = { limit = {  } if = { limit = { any_owned_state = { is_fully_controlled_by = ROOT OR = { state = 176 state = 185 state = 192 state = 196 state = 205 state = 216 state = 218 state = 220 state = 222 state = 229 state = 231 state = 237 state = 248 state = 249 state = 268 state = 271 state = 272 state = 281 state = 286 state = 293 } is_coastal = yes dockyard < 20 } } random_owned_controlled_state = { limit = { is_fully_controlled_by = ROOT OR = { state = 176 state = 185 state = 192 state = 196 state = 205 state = 216 state = 218 state = 220 state = 222 state = 229 state = 231 state = 237 state = 248 state = 249 state = 268 state = 271 state = 272 state = 281 state = 286 state = 293 } is_coastal = yes dockyard < 20 } add_extra_state_shared_building_slots = 1 if = { limit = { free_building_slots = { building = dockyard size > 0 include_locked = yes } } add_building_construction = { type = dockyard level = 1 instant_build = yes } } else = { ROOT = { add_political_power = 35 } } } } else = { add_political_power = 35 } } else = { add_political_power = 35 add_tech_bonus = { name = sof20_research_bonus bonus = 0.5 uses = 1 category = naval_equipment } } }
NAN,SOF20_NAN_eco7,运输船生产标准,35,available = { is_subject = no has_capitulated = no  },completion_reward = { sof20_NAN_industry_2_grant = yes }
NAN,SOF20_NAN_eco8,造船技术学校,35,available = { is_subject = no has_capitulated = no  },completion_reward = { add_tech_bonus = { name = sof20_research_bonus bonus = 0.5 uses = 1 category = construction_tech } }
NAN,SOF20_NAN_eco9,船舶研究联合,35,available = { is_subject = no has_capitulated = no  },completion_reward = { if = { limit = { num_research_slots < 5 NOT = { has_country_flag = sof20_NAN_research_slot } } add_research_slot = 1 set_country_flag = sof20_NAN_research_slot } else = { add_political_power = 50 } }
NAN,SOF20_NAN_eco10,护航舰生产订单,35,available = { is_subject = no has_capitulated = no  },completion_reward = { if = { limit = { any_owned_state = { is_fully_controlled_by = ROOT OR = { state = 176 state = 185 state = 192 state = 196 state = 205 state = 216 state = 218 state = 220 state = 222 state = 229 state = 231 state = 237 state = 248 state = 249 state = 268 state = 271 state = 272 state = 281 state = 286 state = 293 } arms_factory < 20 } } random_owned_controlled_state = { limit = { is_fully_controlled_by = ROOT OR = { state = 176 state = 185 state = 192 state = 196 state = 205 state = 216 state = 218 state = 220 state = 222 state = 229 state = 231 state = 237 state = 248 state = 249 state = 268 state = 271 state = 272 state = 281 state = 286 state = 293 } arms_factory < 20 } add_extra_state_shared_building_slots = 1 if = { limit = { free_building_slots = { building = arms_factory size > 0 include_locked = yes } } add_building_construction = { type = arms_factory level = 1 instant_build = yes } } else = { ROOT = { add_political_power = 35 } } } } else = { add_political_power = 35 } }
NAN,SOF20_NAN_eco11,大西洋船厂联营,35,available = { is_subject = no has_capitulated = no  },completion_reward = { sof20_NAN_industry_3_grant = yes }
NAN,SOF20_NAN_army0,南特地方守备,21,available = { is_subject = no has_capitulated = no  },completion_reward = { add_equipment_to_stockpile = { type = infantry_equipment_0 amount = 200 producer = ROOT } add_manpower = 1000 }
NAN,SOF20_NAN_army1,河口哨戒训练,21,available = { is_subject = no has_capitulated = no  },completion_reward = { army_experience = 8 }
NAN,SOF20_NAN_army2,航海军官学校,21,available = { is_subject = no has_capitulated = no  },completion_reward = { sof20_NAN_army_1_grant = yes }
NAN,SOF20_NAN_army3,港防装备标准,35,available = { is_subject = no has_capitulated = no  },completion_reward = { add_equipment_to_stockpile = { type = infantry_equipment_0 amount = 200 producer = ROOT } }
NAN,SOF20_NAN_army4,沿海工程队,35,available = { is_subject = no has_capitulated = no  },completion_reward = { add_doctrine_cost_reduction = { name = sof20_research_bonus cost_reduction = 0.25 uses = 1 category = land_doctrine } }
NAN,SOF20_NAN_army5,船厂军需调度,35,available = { is_subject = no has_capitulated = no  },completion_reward = { sof20_NAN_army_2_grant = yes }
NAN,SOF20_NAN_army6,护航编组课程,35,available = { is_subject = no has_capitulated = no  },completion_reward = { add_tech_bonus = { name = sof20_research_bonus bonus = 0.5 uses = 1 category = naval_equipment } }
NAN,SOF20_NAN_army7,运输登陆训练,35,available = { is_subject = no has_capitulated = no  },completion_reward = { add_equipment_to_stockpile = { type = support_equipment_1 amount = 50 producer = ROOT } }
NAN,SOF20_NAN_army8,海陆战斗教范,35,available = { is_subject = no has_capitulated = no  },completion_reward = { sof20_learn_coast = yes custom_effect_tooltip = sof20_terrain_coast_tt }
NAN,SOF20_NAN_army9,大西洋共同参谋,35,available = { is_subject = no has_capitulated = no  },completion_reward = { sof20_NAN_army_3_grant = yes }
NAN,SOF20_NAN_dip0,地区合作信函,21,available = { is_subject = no has_capitulated = no  },completion_reward = { set_country_flag = sof20_NAN_diplomacy add_political_power = 25 }
NAN,SOF20_NAN_dip1,交通合作章程,21,available = { is_subject = no has_capitulated = no  },completion_reward = { set_country_flag = sof20_NAN_transport add_stability = 0.025 }
NAN,SOF20_NAN_dip2,伙伴往来协议,21,available = { is_subject = no has_capitulated = no  },completion_reward = { set_country_flag = sof20_NAN_integration_diplomacy add_political_power = 35 }
NAN,SOF20_NAN_dip3,地区防卫委任,21,available = { is_subject = no has_capitulated = no  },completion_reward = { set_country_flag = sofzh_unification_war_ready sofzh_unification_grant_border_goals = yes add_war_support = 0.025 }
NAN,SOF20_NAN_dip4,战地运输调度,21,available = { is_subject = no has_capitulated = no  },completion_reward = { add_equipment_to_stockpile = { type = train_equipment_1 amount = 15 producer = ROOT } add_equipment_to_stockpile = { type = motorized_equipment_1 amount = 30 producer = ROOT } }
NAN,SOF20_NAN_dip5,地区共同议会,21,available = { is_subject = no has_capitulated = no sof20_NAN_controlled = yes },completion_reward = { set_cosmetic_tag = PAYS_DE_LA_LOIRE set_country_flag = form_region_flag sof20_NAN_administration_2_grant = yes }
NAN,SOF20_NAN_nat0,全国协调会议,56,available = { is_subject = no has_capitulated = no num_of_controlled_states > 19 },completion_reward = { add_stability = 0.025 add_political_power = 50 }
NAN,SOF20_NAN_nat1,巴黎代表联络,35,available = { is_subject = no has_capitulated = no 143 = { is_controlled_by = ROOT } },completion_reward = { add_political_power = 50 }
NAN,SOF20_NAN_nat2,统一战争纲领,35,available = { is_subject = no has_capitulated = no  },completion_reward = { set_country_flag = sofzh_unification_war_ready sofzh_unification_grant_border_goals = yes }
NAN,SOF20_NAN_nat3,宣告法国统一,56,available = { is_subject = no has_capitulated = no sofzh_unification_all_france = yes has_war = no },completion_reward = { sofzh_unification_proclaim_france = yes }
NAN,SOF20_NAN_nat4,军工和平转产,35,available = { is_subject = no has_capitulated = no has_country_flag = sofzh_unification_complete },completion_reward = { add_stability = 0.04 add_political_power = 75 }
NAN,SOF20_NAN_nat5,全国公共重建,35,available = { is_subject = no has_capitulated = no has_country_flag = sofzh_unification_complete },completion_reward = { sof20_NAN_administration_3_grant = yes random_owned_controlled_state = { limit = { is_fully_controlled_by = ROOT OR = { state = 176 state = 185 state = 192 state = 196 state = 205 state = 216 state = 218 state = 220 state = 222 state = 229 state = 231 state = 237 state = 248 state = 249 state = 268 state = 271 state = 272 state = 281 state = 286 state = 293 } industrial_complex < 20 } add_extra_state_shared_building_slots = 1 if = { limit = { free_building_slots = { building = industrial_complex size > 0 include_locked = yes } } add_building_construction = { type = industrial_complex level = 1 instant_build = yes } } else = { ROOT = { add_political_power = 35 } } } }
NAN,SOF20_NAN_nat6,地方整合授权,35,available = { is_subject = no has_capitulated = no has_country_flag = sofzh_unification_complete },completion_reward = { sofzh_unification_integrate_territories = yes }
NAN,SOF20_NAN_nat7,战后宪政定案,56,available = { is_subject = no has_capitulated = no has_country_flag = sofzh_unification_complete },completion_reward = { add_stability = 0.05 add_political_power = 100 }
NAN,SOF20_NAN_extra0,南特预算协定,21,available = { is_subject = no has_capitulated = no  },completion_reward = { add_political_power = 35 set_country_flag = sof20_NAN_specialist_project }
NAN,SOF20_NAN_extra1,卢瓦尔订单协调,21,available = { is_subject = no has_capitulated = no  },completion_reward = { add_tech_bonus = { name = sof20_research_bonus bonus = 0.35 uses = 1 category = construction_tech } }
NAN,SOF20_NAN_extra2,公共投资议案,21,available = { is_subject = no has_capitulated = no  },completion_reward = { add_stability = 0.02 }
NAN,SOF20_NAN_extra3,本地机具整备,21,available = { is_subject = no has_capitulated = no  },completion_reward = { add_equipment_to_stockpile = { type = support_equipment_1 amount = 40 producer = ROOT } }
NAN,SOF20_NAN_extra4,运输储备计划,21,available = { is_subject = no has_capitulated = no  },completion_reward = { add_equipment_to_stockpile = { type = motorized_equipment_1 amount = 25 producer = ROOT } }
NAN,SOF20_NAN_extra5,地方医疗协作,21,available = { is_subject = no has_capitulated = no  },completion_reward = { army_experience = 8 }
NAN,SOF20_NAN_extra6,工场联合采购,21,available = { is_subject = no has_capitulated = no  },completion_reward = { add_political_power = 35 }
NAN,SOF20_NAN_extra7,前线联络课程,21,available = { is_subject = no has_capitulated = no  },completion_reward = { add_tech_bonus = { name = sof20_research_bonus bonus = 0.35 uses = 1 category = construction_tech } }
NAN,SOF20_NAN_extra8,技术传播网络,21,available = { is_subject = no has_capitulated = no  },completion_reward = { add_stability = 0.02 }
NAN,SOF20_NAN_extra9,后备人员登记,21,available = { is_subject = no has_capitulated = no  },completion_reward = { add_equipment_to_stockpile = { type = support_equipment_1 amount = 40 producer = ROOT } }
NAN,SOF20_NAN_extra10,区域工程协作,21,available = { is_subject = no has_capitulated = no  },completion_reward = { add_equipment_to_stockpile = { type = motorized_equipment_1 amount = 25 producer = ROOT } }
NAN,SOF20_NAN_extra11,军民合同审查,21,available = { is_subject = no has_capitulated = no  },completion_reward = { army_experience = 8 }
REN,SOF20_REN_home0,地方共同会议,21,available = { is_subject = no has_capitulated = no  },completion_reward = { set_country_flag = sofzh_unification_started remove_ideas = sof20_REN_fragmentation add_political_power = 35 country_event = { id = sof20_REN.1 days = 1 } }
REN,SOF20_REN_home1,市镇登记章程,21,available = { is_subject = no has_capitulated = no  },completion_reward = { add_stability = 0.025 add_political_power = 30 sof20_REN_administration_1_grant = yes }
REN,SOF20_REN_home2,省际行政网络,21,available = { is_subject = no has_capitulated = no num_of_controlled_states > 6 },completion_reward = { sof20_REN_administration_1_grant = yes add_political_power = 30 }
REN,SOF20_REN_home3,大区共同服务,21,available = { is_subject = no has_capitulated = no num_of_controlled_states > 12 },completion_reward = { sof20_REN_administration_2_grant = yes add_stability = 0.02 }
REN,SOF20_REN_home4,地方财政统筹,21,available = { is_subject = no has_capitulated = no num_of_controlled_states > 25 },completion_reward = { sof20_REN_administration_2_grant = yes add_political_power = 40 }
REN,SOF20_REN_home5,国家公共机构,21,available = { is_subject = no has_capitulated = no num_of_controlled_states > 50 },completion_reward = { sof20_REN_administration_3_grant = yes add_political_power = 50 }
REN,SOF20_REN_pol0_0,省议会协约,21,available = { is_subject = no has_capitulated = no  },completion_reward = { sof20_REN_policy0_1_grant = yes set_country_flag = sof20_REN_route0 country_event = { id = sof20_REN.2 days = 1 } }
REN,SOF20_REN_pol0_1,省议会协章程,21,available = { is_subject = no has_capitulated = no  },completion_reward = { sof20_REN_policy0_1_grant = yes }
REN,SOF20_REN_pol0_2,省议会协预算,35,available = { is_subject = no has_capitulated = no  },completion_reward = { sof20_REN_policy0_2_grant = yes add_political_power = 35 }
REN,SOF20_REN_pol0_3,省议会协契约,35,available = { is_subject = no has_capitulated = no  },completion_reward = { sof20_REN_policy0_2_grant = yes }
REN,SOF20_REN_pol0_4,省议会协承诺,35,available = { is_subject = no has_capitulated = no  },completion_reward = { sof20_REN_policy0_3_grant = yes add_stability = 0.02 }
REN,SOF20_REN_pol0_5,省议会协定案,35,available = { is_subject = no has_capitulated = no  },completion_reward = { sof20_REN_policy0_3_grant = yes set_country_flag = sof20_REN_constitution }
REN,SOF20_REN_pol1_0,布列塔尼自治,21,available = { is_subject = no has_capitulated = no  },completion_reward = { sof20_REN_policy1_1_grant = yes set_country_flag = sof20_REN_route1 country_event = { id = sof20_REN.3 days = 1 } }
REN,SOF20_REN_pol1_1,布列塔尼章程,21,available = { is_subject = no has_capitulated = no  },completion_reward = { sof20_REN_policy1_1_grant = yes }
REN,SOF20_REN_pol1_2,布列塔尼预算,35,available = { is_subject = no has_capitulated = no  },completion_reward = { sof20_REN_policy1_2_grant = yes add_political_power = 35 }
REN,SOF20_REN_pol1_3,布列塔尼契约,35,available = { is_subject = no has_capitulated = no  },completion_reward = { sof20_REN_policy1_2_grant = yes }
REN,SOF20_REN_pol1_4,布列塔尼承诺,35,available = { is_subject = no has_capitulated = no  },completion_reward = { sof20_REN_policy1_3_grant = yes add_stability = 0.02 }
REN,SOF20_REN_pol1_5,布列塔尼定案,35,available = { is_subject = no has_capitulated = no  },completion_reward = { sof20_REN_policy1_3_grant = yes set_country_flag = sof20_REN_constitution }
REN,SOF20_REN_pol2_0,海防统筹,21,available = { is_subject = no has_capitulated = no  },completion_reward = { sof20_REN_policy2_1_grant = yes set_country_flag = sof20_REN_route2 country_event = { id = sof20_REN.4 days = 1 } }
REN,SOF20_REN_pol2_1,海防统筹章程,21,available = { is_subject = no has_capitulated = no  },completion_reward = { sof20_REN_policy2_1_grant = yes }
REN,SOF20_REN_pol2_2,海防统筹预算,35,available = { is_subject = no has_capitulated = no  },completion_reward = { sof20_REN_policy2_2_grant = yes add_political_power = 35 }
REN,SOF20_REN_pol2_3,海防统筹契约,35,available = { is_subject = no has_capitulated = no  },completion_reward = { sof20_REN_policy2_2_grant = yes }
REN,SOF20_REN_pol2_4,海防统筹承诺,35,available = { is_subject = no has_capitulated = no  },completion_reward = { sof20_REN_policy2_3_grant = yes add_war_support = 0.025 }
REN,SOF20_REN_pol2_5,海防统筹定案,35,available = { is_subject = no has_capitulated = no  },completion_reward = { sof20_REN_policy2_3_grant = yes set_country_flag = sof20_REN_constitution }
REN,SOF20_REN_eco0,市镇供给会议,21,available = { is_subject = no has_capitulated = no  },completion_reward = { add_political_power = 25 }
REN,SOF20_REN_eco1,渔农采购登记,21,available = { is_subject = no has_capitulated = no  },completion_reward = { add_political_power = 25 }
REN,SOF20_REN_eco2,地方信用协约,21,available = { is_subject = no has_capitulated = no  },completion_reward = { add_political_power = 25 }
REN,SOF20_REN_eco3,食品储运工坊,21,available = { is_subject = no has_capitulated = no  },completion_reward = { if = { limit = { any_owned_state = { is_fully_controlled_by = ROOT OR = { state = 146 state = 154 state = 160 state = 162 state = 165 state = 167 state = 168 state = 179 state = 184 state = 186 state = 188 state = 195 state = 198 state = 200 state = 207 state = 208 state = 250 } industrial_complex < 20 } } random_owned_controlled_state = { limit = { is_fully_controlled_by = ROOT OR = { state = 146 state = 154 state = 160 state = 162 state = 165 state = 167 state = 168 state = 179 state = 184 state = 186 state = 188 state = 195 state = 198 state = 200 state = 207 state = 208 state = 250 } industrial_complex < 20 } add_extra_state_shared_building_slots = 1 if = { limit = { free_building_slots = { building = industrial_complex size > 0 include_locked = yes } } add_building_construction = { type = industrial_complex level = 1 instant_build = yes } } else = { ROOT = { add_political_power = 35 } } } } else = { add_political_power = 35 } }
REN,SOF20_REN_eco4,内陆道路施工,35,available = { is_subject = no has_capitulated = no  },completion_reward = { sof20_REN_industry_1_grant = yes }
REN,SOF20_REN_eco5,省际交通调度,35,available = { is_subject = no has_capitulated = no  },completion_reward = { remove_ideas = sof20_REN_bottleneck if = { limit = { any_owned_state = { is_fully_controlled_by = ROOT OR = { state = 146 state = 154 state = 160 state = 162 state = 165 state = 167 state = 168 state = 179 state = 184 state = 186 state = 188 state = 195 state = 198 state = 200 state = 207 state = 208 state = 250 } infrastructure < 5 } } random_owned_controlled_state = { limit = { is_fully_controlled_by = ROOT OR = { state = 146 state = 154 state = 160 state = 162 state = 165 state = 167 state = 168 state = 179 state = 184 state = 186 state = 188 state = 195 state = 198 state = 200 state = 207 state = 208 state = 250 } infrastructure < 5 } add_building_construction = { type = infrastructure level = 1 instant_build = yes } } } else = { add_political_power = 35 } }
REN,SOF20_REN_eco6,布雷斯特协作,35,available = { is_subject = no has_capitulated = no  },completion_reward = { if = { limit = { any_owned_state = { is_fully_controlled_by = ROOT OR = { state = 146 state = 154 state = 160 state = 162 state = 165 state = 167 state = 168 state = 179 state = 184 state = 186 state = 188 state = 195 state = 198 state = 200 state = 207 state = 208 state = 250 } arms_factory < 20 } } random_owned_controlled_state = { limit = { is_fully_controlled_by = ROOT OR = { state = 146 state = 154 state = 160 state = 162 state = 165 state = 167 state = 168 state = 179 state = 184 state = 186 state = 188 state = 195 state = 198 state = 200 state = 207 state = 208 state = 250 } arms_factory < 20 } add_extra_state_shared_building_slots = 1 if = { limit = { free_building_slots = { building = arms_factory size > 0 include_locked = yes } } add_building_construction = { type = arms_factory level = 1 instant_build = yes } } else = { ROOT = { add_political_power = 35 } } } } else = { add_political_power = 35 } }
REN,SOF20_REN_eco7,沿岸修船标准,35,available = { is_subject = no has_capitulated = no  },completion_reward = { sof20_REN_industry_2_grant = yes }
REN,SOF20_REN_eco8,地方技术学校,35,available = { is_subject = no has_capitulated = no  },completion_reward = { add_tech_bonus = { name = sof20_research_bonus bonus = 0.5 uses = 1 category = construction_tech } }
REN,SOF20_REN_eco9,海运研究联合,35,available = { is_subject = no has_capitulated = no  },completion_reward = { if = { limit = { num_research_slots < 5 NOT = { has_country_flag = sof20_REN_research_slot } } add_research_slot = 1 set_country_flag = sof20_REN_research_slot } else = { add_political_power = 50 } }
REN,SOF20_REN_eco10,海防军需订单,35,available = { is_subject = no has_capitulated = no  },completion_reward = { if = { limit = { any_owned_state = { is_fully_controlled_by = ROOT OR = { state = 146 state = 154 state = 160 state = 162 state = 165 state = 167 state = 168 state = 179 state = 184 state = 186 state = 188 state = 195 state = 198 state = 200 state = 207 state = 208 state = 250 } arms_factory < 20 } } random_owned_controlled_state = { limit = { is_fully_controlled_by = ROOT OR = { state = 146 state = 154 state = 160 state = 162 state = 165 state = 167 state = 168 state = 179 state = 184 state = 186 state = 188 state = 195 state = 198 state = 200 state = 207 state = 208 state = 250 } arms_factory < 20 } add_extra_state_shared_building_slots = 1 if = { limit = { free_building_slots = { building = arms_factory size > 0 include_locked = yes } } add_building_construction = { type = arms_factory level = 1 instant_build = yes } } else = { ROOT = { add_political_power = 35 } } } } else = { add_political_power = 35 } }
REN,SOF20_REN_eco11,布列塔尼共同体,35,available = { is_subject = no has_capitulated = no  },completion_reward = { sof20_REN_industry_3_grant = yes }
REN,SOF20_REN_army0,雷恩地方守备,21,available = { is_subject = no has_capitulated = no  },completion_reward = { add_equipment_to_stockpile = { type = infantry_equipment_0 amount = 200 producer = ROOT } add_manpower = 1000 }
REN,SOF20_REN_army1,市镇民兵训练,21,available = { is_subject = no has_capitulated = no  },completion_reward = { army_experience = 8 }
REN,SOF20_REN_army2,省际军官课程,21,available = { is_subject = no has_capitulated = no  },completion_reward = { sof20_REN_army_1_grant = yes }
REN,SOF20_REN_army3,步枪保养标准,35,available = { is_subject = no has_capitulated = no  },completion_reward = { add_equipment_to_stockpile = { type = infantry_equipment_0 amount = 200 producer = ROOT } }
REN,SOF20_REN_army4,沿海工程连,35,available = { is_subject = no has_capitulated = no  },completion_reward = { add_doctrine_cost_reduction = { name = sof20_research_bonus cost_reduction = 0.25 uses = 1 category = land_doctrine } }
REN,SOF20_REN_army5,渔港运输队,35,available = { is_subject = no has_capitulated = no  },completion_reward = { sof20_REN_army_2_grant = yes }
REN,SOF20_REN_army6,布雷斯特联络,35,available = { is_subject = no has_capitulated = no  },completion_reward = { add_tech_bonus = { name = sof20_research_bonus bonus = 0.5 uses = 1 category = infantry_weapons } }
REN,SOF20_REN_army7,海陆协同训练,35,available = { is_subject = no has_capitulated = no  },completion_reward = { add_equipment_to_stockpile = { type = support_equipment_1 amount = 50 producer = ROOT } }
REN,SOF20_REN_army8,海岸战斗教范,35,available = { is_subject = no has_capitulated = no  },completion_reward = { sof20_learn_coast = yes custom_effect_tooltip = sof20_terrain_coast_tt }
REN,SOF20_REN_army9,布列塔尼防卫军,35,available = { is_subject = no has_capitulated = no  },completion_reward = { sof20_REN_army_3_grant = yes }
REN,SOF20_REN_dip0,地区合作信函,21,available = { is_subject = no has_capitulated = no  },completion_reward = { set_country_flag = sof20_REN_diplomacy add_political_power = 25 }
REN,SOF20_REN_dip1,交通合作章程,21,available = { is_subject = no has_capitulated = no  },completion_reward = { set_country_flag = sof20_REN_transport add_stability = 0.025 }
REN,SOF20_REN_dip2,伙伴往来协议,21,available = { is_subject = no has_capitulated = no  },completion_reward = { set_country_flag = sof20_REN_integration_diplomacy add_political_power = 35 }
REN,SOF20_REN_dip3,地区防卫委任,21,available = { is_subject = no has_capitulated = no  },completion_reward = { set_country_flag = sofzh_unification_war_ready sofzh_unification_grant_border_goals = yes add_war_support = 0.025 }
REN,SOF20_REN_dip4,战地运输调度,21,available = { is_subject = no has_capitulated = no  },completion_reward = { add_equipment_to_stockpile = { type = train_equipment_1 amount = 15 producer = ROOT } add_equipment_to_stockpile = { type = motorized_equipment_1 amount = 30 producer = ROOT } }
REN,SOF20_REN_dip5,地区共同议会,21,available = { is_subject = no has_capitulated = no sof20_REN_controlled = yes },completion_reward = { set_cosmetic_tag = BRETTAGNE set_country_flag = form_region_flag sof20_REN_administration_2_grant = yes }
REN,SOF20_REN_nat0,全国协调会议,56,available = { is_subject = no has_capitulated = no num_of_controlled_states > 19 },completion_reward = { add_stability = 0.025 add_political_power = 50 }
REN,SOF20_REN_nat1,巴黎代表联络,35,available = { is_subject = no has_capitulated = no 143 = { is_controlled_by = ROOT } },completion_reward = { add_political_power = 50 }
REN,SOF20_REN_nat2,统一战争纲领,35,available = { is_subject = no has_capitulated = no  },completion_reward = { set_country_flag = sofzh_unification_war_ready sofzh_unification_grant_border_goals = yes }
REN,SOF20_REN_nat3,宣告法国统一,56,available = { is_subject = no has_capitulated = no sofzh_unification_all_france = yes has_war = no },completion_reward = { sofzh_unification_proclaim_france = yes }
REN,SOF20_REN_nat4,军工和平转产,35,available = { is_subject = no has_capitulated = no has_country_flag = sofzh_unification_complete },completion_reward = { add_stability = 0.04 add_political_power = 75 }
REN,SOF20_REN_nat5,全国公共重建,35,available = { is_subject = no has_capitulated = no has_country_flag = sofzh_unification_complete },completion_reward = { sof20_REN_administration_3_grant = yes random_owned_controlled_state = { limit = { is_fully_controlled_by = ROOT OR = { state = 146 state = 154 state = 160 state = 162 state = 165 state = 167 state = 168 state = 179 state = 184 state = 186 state = 188 state = 195 state = 198 state = 200 state = 207 state = 208 state = 250 } industrial_complex < 20 } add_extra_state_shared_building_slots = 1 if = { limit = { free_building_slots = { building = industrial_complex size > 0 include_locked = yes } } add_building_construction = { type = industrial_complex level = 1 instant_build = yes } } else = { ROOT = { add_political_power = 35 } } } }
REN,SOF20_REN_nat6,地方整合授权,35,available = { is_subject = no has_capitulated = no has_country_flag = sofzh_unification_complete },completion_reward = { sofzh_unification_integrate_territories = yes }
REN,SOF20_REN_nat7,战后宪政定案,56,available = { is_subject = no has_capitulated = no has_country_flag = sofzh_unification_complete },completion_reward = { add_stability = 0.05 add_political_power = 100 }
REN,SOF20_REN_extra0,雷恩预算协定,21,available = { is_subject = no has_capitulated = no  },completion_reward = { add_political_power = 35 set_country_flag = sof20_REN_specialist_project }
REN,SOF20_REN_extra1,布列塔订单协调,21,available = { is_subject = no has_capitulated = no  },completion_reward = { add_tech_bonus = { name = sof20_research_bonus bonus = 0.35 uses = 1 category = construction_tech } }
REN,SOF20_REN_extra2,公共投资议案,21,available = { is_subject = no has_capitulated = no  },completion_reward = { add_stability = 0.02 }
REN,SOF20_REN_extra3,本地机具整备,21,available = { is_subject = no has_capitulated = no  },completion_reward = { add_equipment_to_stockpile = { type = support_equipment_1 amount = 40 producer = ROOT } }
REN,SOF20_REN_extra4,运输储备计划,21,available = { is_subject = no has_capitulated = no  },completion_reward = { add_equipment_to_stockpile = { type = motorized_equipment_1 amount = 25 producer = ROOT } }
REN,SOF20_REN_extra5,地方医疗协作,21,available = { is_subject = no has_capitulated = no  },completion_reward = { army_experience = 8 }
REN,SOF20_REN_extra6,工场联合采购,21,available = { is_subject = no has_capitulated = no  },completion_reward = { add_political_power = 35 }
REN,SOF20_REN_extra7,前线联络课程,21,available = { is_subject = no has_capitulated = no  },completion_reward = { add_tech_bonus = { name = sof20_research_bonus bonus = 0.35 uses = 1 category = construction_tech } }
CFR,SOF20_CFR_home0,地方共同会议,21,available = { is_subject = no has_capitulated = no  },completion_reward = { set_country_flag = sofzh_unification_started remove_ideas = sof20_CFR_fragmentation add_political_power = 35 country_event = { id = sof20_CFR.1 days = 1 } }
CFR,SOF20_CFR_home1,市镇登记章程,21,available = { is_subject = no has_capitulated = no  },completion_reward = { add_stability = 0.025 add_political_power = 30 sof20_CFR_administration_1_grant = yes }
CFR,SOF20_CFR_home2,省际行政网络,21,available = { is_subject = no has_capitulated = no num_of_controlled_states > 6 },completion_reward = { sof20_CFR_administration_1_grant = yes add_political_power = 30 }
CFR,SOF20_CFR_home3,大区共同服务,21,available = { is_subject = no has_capitulated = no num_of_controlled_states > 12 },completion_reward = { sof20_CFR_administration_2_grant = yes add_stability = 0.02 }
CFR,SOF20_CFR_home4,地方财政统筹,21,available = { is_subject = no has_capitulated = no num_of_controlled_states > 25 },completion_reward = { sof20_CFR_administration_2_grant = yes add_political_power = 40 }
CFR,SOF20_CFR_home5,国家公共机构,21,available = { is_subject = no has_capitulated = no num_of_controlled_states > 50 },completion_reward = { sof20_CFR_administration_3_grant = yes add_political_power = 50 }
CFR,SOF20_CFR_pol0_0,合作社共和,21,available = { is_subject = no has_capitulated = no  },completion_reward = { sof20_CFR_policy0_1_grant = yes set_country_flag = sof20_CFR_route0 country_event = { id = sof20_CFR.2 days = 1 } }
CFR,SOF20_CFR_pol0_1,合作社共章程,21,available = { is_subject = no has_capitulated = no  },completion_reward = { sof20_CFR_policy0_1_grant = yes }
CFR,SOF20_CFR_pol0_2,合作社共预算,35,available = { is_subject = no has_capitulated = no  },completion_reward = { sof20_CFR_policy0_2_grant = yes add_political_power = 35 }
CFR,SOF20_CFR_pol0_3,合作社共契约,35,available = { is_subject = no has_capitulated = no  },completion_reward = { sof20_CFR_policy0_2_grant = yes }
CFR,SOF20_CFR_pol0_4,合作社共承诺,35,available = { is_subject = no has_capitulated = no  },completion_reward = { sof20_CFR_policy0_3_grant = yes add_stability = 0.02 }
CFR,SOF20_CFR_pol0_5,合作社共定案,35,available = { is_subject = no has_capitulated = no  },completion_reward = { sof20_CFR_policy0_3_grant = yes set_country_flag = sof20_CFR_constitution }
CFR,SOF20_CFR_pol1_0,工业委员会,21,available = { is_subject = no has_capitulated = no  },completion_reward = { sof20_CFR_policy1_1_grant = yes set_country_flag = sof20_CFR_route1 country_event = { id = sof20_CFR.3 days = 1 } }
CFR,SOF20_CFR_pol1_1,工业委员章程,21,available = { is_subject = no has_capitulated = no  },completion_reward = { sof20_CFR_policy1_1_grant = yes }
CFR,SOF20_CFR_pol1_2,工业委员预算,35,available = { is_subject = no has_capitulated = no  },completion_reward = { sof20_CFR_policy1_2_grant = yes add_political_power = 35 }
CFR,SOF20_CFR_pol1_3,工业委员契约,35,available = { is_subject = no has_capitulated = no  },completion_reward = { sof20_CFR_policy1_2_grant = yes }
CFR,SOF20_CFR_pol1_4,工业委员承诺,35,available = { is_subject = no has_capitulated = no  },completion_reward = { sof20_CFR_policy1_3_grant = yes add_stability = 0.02 }
CFR,SOF20_CFR_pol1_5,工业委员定案,35,available = { is_subject = no has_capitulated = no  },completion_reward = { sof20_CFR_policy1_3_grant = yes set_country_flag = sof20_CFR_constitution }
CFR,SOF20_CFR_pol2_0,高原军政,21,available = { is_subject = no has_capitulated = no  },completion_reward = { sof20_CFR_policy2_1_grant = yes set_country_flag = sof20_CFR_route2 country_event = { id = sof20_CFR.4 days = 1 } }
CFR,SOF20_CFR_pol2_1,高原军政章程,21,available = { is_subject = no has_capitulated = no  },completion_reward = { sof20_CFR_policy2_1_grant = yes }
CFR,SOF20_CFR_pol2_2,高原军政预算,35,available = { is_subject = no has_capitulated = no  },completion_reward = { sof20_CFR_policy2_2_grant = yes add_political_power = 35 }
CFR,SOF20_CFR_pol2_3,高原军政契约,35,available = { is_subject = no has_capitulated = no  },completion_reward = { sof20_CFR_policy2_2_grant = yes }
CFR,SOF20_CFR_pol2_4,高原军政承诺,35,available = { is_subject = no has_capitulated = no  },completion_reward = { sof20_CFR_policy2_3_grant = yes add_war_support = 0.025 }
CFR,SOF20_CFR_pol2_5,高原军政定案,35,available = { is_subject = no has_capitulated = no  },completion_reward = { sof20_CFR_policy2_3_grant = yes set_country_flag = sof20_CFR_constitution }
CFR,SOF20_CFR_eco0,高原生产会议,21,available = { is_subject = no has_capitulated = no  },completion_reward = { add_political_power = 25 }
CFR,SOF20_CFR_eco1,道路与车辆调查,21,available = { is_subject = no has_capitulated = no  },completion_reward = { add_political_power = 25 }
CFR,SOF20_CFR_eco2,地方采购协约,21,available = { is_subject = no has_capitulated = no  },completion_reward = { add_political_power = 25 }
CFR,SOF20_CFR_eco3,汽车维修工坊,21,available = { is_subject = no has_capitulated = no  },completion_reward = { if = { limit = { any_owned_state = { is_fully_controlled_by = ROOT OR = { state = 289 state = 292 state = 303 state = 318 state = 332 state = 345 state = 351 state = 356 state = 366 state = 369 state = 372 state = 373 state = 374 state = 384 } industrial_complex < 20 } } random_owned_controlled_state = { limit = { is_fully_controlled_by = ROOT OR = { state = 289 state = 292 state = 303 state = 318 state = 332 state = 345 state = 351 state = 356 state = 366 state = 369 state = 372 state = 373 state = 374 state = 384 } industrial_complex < 20 } add_extra_state_shared_building_slots = 1 if = { limit = { free_building_slots = { building = industrial_complex size > 0 include_locked = yes } } add_building_construction = { type = industrial_complex level = 1 instant_build = yes } } else = { ROOT = { add_political_power = 35 } } } } else = { add_political_power = 35 } }
CFR,SOF20_CFR_eco4,轮胎供应合同,35,available = { is_subject = no has_capitulated = no  },completion_reward = { sof20_CFR_industry_1_grant = yes }
CFR,SOF20_CFR_eco5,山地道路施工,35,available = { is_subject = no has_capitulated = no  },completion_reward = { remove_ideas = sof20_CFR_bottleneck if = { limit = { any_owned_state = { is_fully_controlled_by = ROOT OR = { state = 289 state = 292 state = 303 state = 318 state = 332 state = 345 state = 351 state = 356 state = 366 state = 369 state = 372 state = 373 state = 374 state = 384 } infrastructure < 5 } } random_owned_controlled_state = { limit = { is_fully_controlled_by = ROOT OR = { state = 289 state = 292 state = 303 state = 318 state = 332 state = 345 state = 351 state = 356 state = 366 state = 369 state = 372 state = 373 state = 374 state = 384 } infrastructure < 5 } add_building_construction = { type = infrastructure level = 1 instant_build = yes } } } else = { add_political_power = 35 } }
CFR,SOF20_CFR_eco6,运输车辆订单,35,available = { is_subject = no has_capitulated = no  },completion_reward = { if = { limit = { any_owned_state = { is_fully_controlled_by = ROOT OR = { state = 289 state = 292 state = 303 state = 318 state = 332 state = 345 state = 351 state = 356 state = 366 state = 369 state = 372 state = 373 state = 374 state = 384 } arms_factory < 20 } } random_owned_controlled_state = { limit = { is_fully_controlled_by = ROOT OR = { state = 289 state = 292 state = 303 state = 318 state = 332 state = 345 state = 351 state = 356 state = 366 state = 369 state = 372 state = 373 state = 374 state = 384 } arms_factory < 20 } add_extra_state_shared_building_slots = 1 if = { limit = { free_building_slots = { building = arms_factory size > 0 include_locked = yes } } add_building_construction = { type = arms_factory level = 1 instant_build = yes } } else = { ROOT = { add_political_power = 35 } } } } else = { add_political_power = 35 } }
CFR,SOF20_CFR_eco7,机具生产标准,35,available = { is_subject = no has_capitulated = no  },completion_reward = { sof20_CFR_industry_2_grant = yes }
CFR,SOF20_CFR_eco8,汽车技术学校,35,available = { is_subject = no has_capitulated = no  },completion_reward = { add_tech_bonus = { name = sof20_research_bonus bonus = 0.5 uses = 1 category = construction_tech } }
CFR,SOF20_CFR_eco9,材料研究联合,35,available = { is_subject = no has_capitulated = no  },completion_reward = { if = { limit = { num_research_slots < 5 NOT = { has_country_flag = sof20_CFR_research_slot } } add_research_slot = 1 set_country_flag = sof20_CFR_research_slot } else = { add_political_power = 50 } }
CFR,SOF20_CFR_eco10,军用运输转产,35,available = { is_subject = no has_capitulated = no  },completion_reward = { if = { limit = { any_owned_state = { is_fully_controlled_by = ROOT OR = { state = 289 state = 292 state = 303 state = 318 state = 332 state = 345 state = 351 state = 356 state = 366 state = 369 state = 372 state = 373 state = 374 state = 384 } arms_factory < 20 } } random_owned_controlled_state = { limit = { is_fully_controlled_by = ROOT OR = { state = 289 state = 292 state = 303 state = 318 state = 332 state = 345 state = 351 state = 356 state = 366 state = 369 state = 372 state = 373 state = 374 state = 384 } arms_factory < 20 } add_extra_state_shared_building_slots = 1 if = { limit = { free_building_slots = { building = arms_factory size > 0 include_locked = yes } } add_building_construction = { type = arms_factory level = 1 instant_build = yes } } else = { ROOT = { add_political_power = 35 } } } } else = { add_political_power = 35 } }
CFR,SOF20_CFR_eco11,高原工业共同体,35,available = { is_subject = no has_capitulated = no  },completion_reward = { sof20_CFR_industry_3_grant = yes }
CFR,SOF20_CFR_army0,高原地方守备,21,available = { is_subject = no has_capitulated = no  },completion_reward = { add_equipment_to_stockpile = { type = infantry_equipment_0 amount = 200 producer = ROOT } add_manpower = 1000 }
CFR,SOF20_CFR_army1,山地步兵训练,21,available = { is_subject = no has_capitulated = no  },completion_reward = { army_experience = 8 }
CFR,SOF20_CFR_army2,机动军官学校,21,available = { is_subject = no has_capitulated = no  },completion_reward = { sof20_CFR_army_1_grant = yes }
CFR,SOF20_CFR_army3,汽车保养规程,35,available = { is_subject = no has_capitulated = no  },completion_reward = { add_equipment_to_stockpile = { type = infantry_equipment_0 amount = 200 producer = ROOT } }
CFR,SOF20_CFR_army4,山地工程队,35,available = { is_subject = no has_capitulated = no  },completion_reward = { add_doctrine_cost_reduction = { name = sof20_research_bonus cost_reduction = 0.25 uses = 1 category = land_doctrine } }
CFR,SOF20_CFR_army5,车辆运输连,35,available = { is_subject = no has_capitulated = no  },completion_reward = { sof20_CFR_army_2_grant = yes }
CFR,SOF20_CFR_army6,机动预备队,35,available = { is_subject = no has_capitulated = no  },completion_reward = { add_tech_bonus = { name = sof20_research_bonus bonus = 0.5 uses = 1 category = armor } }
CFR,SOF20_CFR_army7,高原侦察部队,35,available = { is_subject = no has_capitulated = no  },completion_reward = { add_equipment_to_stockpile = { type = support_equipment_1 amount = 50 producer = ROOT } }
CFR,SOF20_CFR_army8,机动作战教范,35,available = { is_subject = no has_capitulated = no  },completion_reward = { sof20_learn_mountain = yes custom_effect_tooltip = sof20_terrain_mountain_tt }
CFR,SOF20_CFR_army9,中央高原军团,35,available = { is_subject = no has_capitulated = no  },completion_reward = { sof20_CFR_army_3_grant = yes }
CFR,SOF20_CFR_dip0,地区合作信函,21,available = { is_subject = no has_capitulated = no  },completion_reward = { set_country_flag = sof20_CFR_diplomacy add_political_power = 25 }
CFR,SOF20_CFR_dip1,交通合作章程,21,available = { is_subject = no has_capitulated = no  },completion_reward = { set_country_flag = sof20_CFR_transport add_stability = 0.025 }
CFR,SOF20_CFR_dip2,伙伴往来协议,21,available = { is_subject = no has_capitulated = no  },completion_reward = { set_country_flag = sof20_CFR_integration_diplomacy add_political_power = 35 }
CFR,SOF20_CFR_dip3,地区防卫委任,21,available = { is_subject = no has_capitulated = no  },completion_reward = { set_country_flag = sofzh_unification_war_ready sofzh_unification_grant_border_goals = yes add_war_support = 0.025 }
CFR,SOF20_CFR_dip4,战地运输调度,21,available = { is_subject = no has_capitulated = no  },completion_reward = { add_equipment_to_stockpile = { type = train_equipment_1 amount = 15 producer = ROOT } add_equipment_to_stockpile = { type = motorized_equipment_1 amount = 30 producer = ROOT } }
CFR,SOF20_CFR_dip5,地区共同议会,21,available = { is_subject = no has_capitulated = no sof20_CFR_controlled = yes },completion_reward = { set_cosmetic_tag = AUVERGNE set_country_flag = form_region_flag sof20_CFR_administration_2_grant = yes }
CFR,SOF20_CFR_nat0,全国协调会议,56,available = { is_subject = no has_capitulated = no num_of_controlled_states > 19 },completion_reward = { add_stability = 0.025 add_political_power = 50 }
CFR,SOF20_CFR_nat1,巴黎代表联络,35,available = { is_subject = no has_capitulated = no 143 = { is_controlled_by = ROOT } },completion_reward = { add_political_power = 50 }
CFR,SOF20_CFR_nat2,统一战争纲领,35,available = { is_subject = no has_capitulated = no  },completion_reward = { set_country_flag = sofzh_unification_war_ready sofzh_unification_grant_border_goals = yes }
CFR,SOF20_CFR_nat3,宣告法国统一,56,available = { is_subject = no has_capitulated = no sofzh_unification_all_france = yes has_war = no },completion_reward = { sofzh_unification_proclaim_france = yes }
CFR,SOF20_CFR_nat4,军工和平转产,35,available = { is_subject = no has_capitulated = no has_country_flag = sofzh_unification_complete },completion_reward = { add_stability = 0.04 add_political_power = 75 }
CFR,SOF20_CFR_nat5,全国公共重建,35,available = { is_subject = no has_capitulated = no has_country_flag = sofzh_unification_complete },completion_reward = { sof20_CFR_administration_3_grant = yes random_owned_controlled_state = { limit = { is_fully_controlled_by = ROOT OR = { state = 289 state = 292 state = 303 state = 318 state = 332 state = 345 state = 351 state = 356 state = 366 state = 369 state = 372 state = 373 state = 374 state = 384 } industrial_complex < 20 } add_extra_state_shared_building_slots = 1 if = { limit = { free_building_slots = { building = industrial_complex size > 0 include_locked = yes } } add_building_construction = { type = industrial_complex level = 1 instant_build = yes } } else = { ROOT = { add_political_power = 35 } } } }
CFR,SOF20_CFR_nat6,地方整合授权,35,available = { is_subject = no has_capitulated = no has_country_flag = sofzh_unification_complete },completion_reward = { sofzh_unification_integrate_territories = yes }
CFR,SOF20_CFR_nat7,战后宪政定案,56,available = { is_subject = no has_capitulated = no has_country_flag = sofzh_unification_complete },completion_reward = { add_stability = 0.05 add_political_power = 100 }
CFR,SOF20_CFR_extra0,克莱蒙预算协定,21,available = { is_subject = no has_capitulated = no  },completion_reward = { add_political_power = 35 set_country_flag = sof20_CFR_specialist_project }
CFR,SOF20_CFR_extra1,奥弗涅订单协调,21,available = { is_subject = no has_capitulated = no  },completion_reward = { add_tech_bonus = { name = sof20_research_bonus bonus = 0.35 uses = 1 category = construction_tech } }
CFR,SOF20_CFR_extra2,公共投资议案,21,available = { is_subject = no has_capitulated = no  },completion_reward = { add_stability = 0.02 }
CFR,SOF20_CFR_extra3,本地机具整备,21,available = { is_subject = no has_capitulated = no  },completion_reward = { add_equipment_to_stockpile = { type = support_equipment_1 amount = 40 producer = ROOT } }
CFR,SOF20_CFR_extra4,运输储备计划,21,available = { is_subject = no has_capitulated = no  },completion_reward = { add_equipment_to_stockpile = { type = motorized_equipment_1 amount = 25 producer = ROOT } }
CFR,SOF20_CFR_extra5,地方医疗协作,21,available = { is_subject = no has_capitulated = no  },completion_reward = { army_experience = 8 }
CFR,SOF20_CFR_extra6,工场联合采购,21,available = { is_subject = no has_capitulated = no  },completion_reward = { add_political_power = 35 }
CFR,SOF20_CFR_extra7,前线联络课程,21,available = { is_subject = no has_capitulated = no  },completion_reward = { add_tech_bonus = { name = sof20_research_bonus bonus = 0.35 uses = 1 category = construction_tech } }
DIJ,SOF20_DIJ_home0,地方共同会议,21,available = { is_subject = no has_capitulated = no  },completion_reward = { set_country_flag = sofzh_unification_started remove_ideas = sof20_DIJ_fragmentation add_political_power = 35 country_event = { id = sof20_DIJ.1 days = 1 } }
DIJ,SOF20_DIJ_home1,市镇登记章程,21,available = { is_subject = no has_capitulated = no  },completion_reward = { add_stability = 0.025 add_political_power = 30 sof20_DIJ_administration_1_grant = yes }
DIJ,SOF20_DIJ_home2,省际行政网络,21,available = { is_subject = no has_capitulated = no num_of_controlled_states > 6 },completion_reward = { sof20_DIJ_administration_1_grant = yes add_political_power = 30 }
DIJ,SOF20_DIJ_home3,大区共同服务,21,available = { is_subject = no has_capitulated = no num_of_controlled_states > 12 },completion_reward = { sof20_DIJ_administration_2_grant = yes add_stability = 0.02 }
DIJ,SOF20_DIJ_home4,地方财政统筹,21,available = { is_subject = no has_capitulated = no num_of_controlled_states > 25 },completion_reward = { sof20_DIJ_administration_2_grant = yes add_political_power = 40 }
DIJ,SOF20_DIJ_home5,国家公共机构,21,available = { is_subject = no has_capitulated = no num_of_controlled_states > 50 },completion_reward = { sof20_DIJ_administration_3_grant = yes add_political_power = 50 }
DIJ,SOF20_DIJ_pol0_0,地方共和,21,available = { is_subject = no has_capitulated = no  },completion_reward = { sof20_DIJ_policy0_1_grant = yes set_country_flag = sof20_DIJ_route0 country_event = { id = sof20_DIJ.2 days = 1 } }
DIJ,SOF20_DIJ_pol0_1,地方共和章程,21,available = { is_subject = no has_capitulated = no  },completion_reward = { sof20_DIJ_policy0_1_grant = yes }
DIJ,SOF20_DIJ_pol0_2,地方共和预算,35,available = { is_subject = no has_capitulated = no  },completion_reward = { sof20_DIJ_policy0_2_grant = yes add_political_power = 35 }
DIJ,SOF20_DIJ_pol0_3,地方共和契约,35,available = { is_subject = no has_capitulated = no  },completion_reward = { sof20_DIJ_policy0_2_grant = yes }
DIJ,SOF20_DIJ_pol0_4,地方共和承诺,35,available = { is_subject = no has_capitulated = no  },completion_reward = { sof20_DIJ_policy0_3_grant = yes add_stability = 0.02 }
DIJ,SOF20_DIJ_pol0_5,地方共和定案,35,available = { is_subject = no has_capitulated = no  },completion_reward = { sof20_DIJ_policy0_3_grant = yes set_country_flag = sof20_DIJ_constitution }
DIJ,SOF20_DIJ_pol1_0,农业合作,21,available = { is_subject = no has_capitulated = no  },completion_reward = { sof20_DIJ_policy1_1_grant = yes set_country_flag = sof20_DIJ_route1 country_event = { id = sof20_DIJ.3 days = 1 } }
DIJ,SOF20_DIJ_pol1_1,农业合作章程,21,available = { is_subject = no has_capitulated = no  },completion_reward = { sof20_DIJ_policy1_1_grant = yes }
DIJ,SOF20_DIJ_pol1_2,农业合作预算,35,available = { is_subject = no has_capitulated = no  },completion_reward = { sof20_DIJ_policy1_2_grant = yes add_political_power = 35 }
DIJ,SOF20_DIJ_pol1_3,农业合作契约,35,available = { is_subject = no has_capitulated = no  },completion_reward = { sof20_DIJ_policy1_2_grant = yes }
DIJ,SOF20_DIJ_pol1_4,农业合作承诺,35,available = { is_subject = no has_capitulated = no  },completion_reward = { sof20_DIJ_policy1_3_grant = yes add_stability = 0.02 }
DIJ,SOF20_DIJ_pol1_5,农业合作定案,35,available = { is_subject = no has_capitulated = no  },completion_reward = { sof20_DIJ_policy1_3_grant = yes set_country_flag = sof20_DIJ_constitution }
DIJ,SOF20_DIJ_pol2_0,交通军政,21,available = { is_subject = no has_capitulated = no  },completion_reward = { sof20_DIJ_policy2_1_grant = yes set_country_flag = sof20_DIJ_route2 country_event = { id = sof20_DIJ.4 days = 1 } }
DIJ,SOF20_DIJ_pol2_1,交通军政章程,21,available = { is_subject = no has_capitulated = no  },completion_reward = { sof20_DIJ_policy2_1_grant = yes }
DIJ,SOF20_DIJ_pol2_2,交通军政预算,35,available = { is_subject = no has_capitulated = no  },completion_reward = { sof20_DIJ_policy2_2_grant = yes add_political_power = 35 }
DIJ,SOF20_DIJ_pol2_3,交通军政契约,35,available = { is_subject = no has_capitulated = no  },completion_reward = { sof20_DIJ_policy2_2_grant = yes }
DIJ,SOF20_DIJ_pol2_4,交通军政承诺,35,available = { is_subject = no has_capitulated = no  },completion_reward = { sof20_DIJ_policy2_3_grant = yes add_war_support = 0.025 }
DIJ,SOF20_DIJ_pol2_5,交通军政定案,35,available = { is_subject = no has_capitulated = no  },completion_reward = { sof20_DIJ_policy2_3_grant = yes set_country_flag = sof20_DIJ_constitution }
DIJ,SOF20_DIJ_eco0,地方采购会议,21,available = { is_subject = no has_capitulated = no  },completion_reward = { add_political_power = 25 }
DIJ,SOF20_DIJ_eco1,农业盈余登记,21,available = { is_subject = no has_capitulated = no  },completion_reward = { add_political_power = 25 }
DIJ,SOF20_DIJ_eco2,农户信用协约,21,available = { is_subject = no has_capitulated = no  },completion_reward = { add_political_power = 25 }
DIJ,SOF20_DIJ_eco3,食品加工工坊,21,available = { is_subject = no has_capitulated = no  },completion_reward = { if = { limit = { any_owned_state = { is_fully_controlled_by = ROOT OR = { state = 189 state = 204 state = 209 state = 215 state = 226 state = 234 state = 240 state = 251 state = 252 state = 262 state = 266 state = 276 state = 279 state = 291 state = 297 } industrial_complex < 20 } } random_owned_controlled_state = { limit = { is_fully_controlled_by = ROOT OR = { state = 189 state = 204 state = 209 state = 215 state = 226 state = 234 state = 240 state = 251 state = 252 state = 262 state = 266 state = 276 state = 279 state = 291 state = 297 } industrial_complex < 20 } add_extra_state_shared_building_slots = 1 if = { limit = { free_building_slots = { building = industrial_complex size > 0 include_locked = yes } } add_building_construction = { type = industrial_complex level = 1 instant_build = yes } } else = { ROOT = { add_political_power = 35 } } } } else = { add_political_power = 35 } }
DIJ,SOF20_DIJ_eco4,机具维修计划,35,available = { is_subject = no has_capitulated = no  },completion_reward = { sof20_DIJ_industry_1_grant = yes }
DIJ,SOF20_DIJ_eco5,东西铁路协作,35,available = { is_subject = no has_capitulated = no  },completion_reward = { remove_ideas = sof20_DIJ_bottleneck if = { limit = { any_owned_state = { is_fully_controlled_by = ROOT OR = { state = 189 state = 204 state = 209 state = 215 state = 226 state = 234 state = 240 state = 251 state = 252 state = 262 state = 266 state = 276 state = 279 state = 291 state = 297 } infrastructure < 5 } } random_owned_controlled_state = { limit = { is_fully_controlled_by = ROOT OR = { state = 189 state = 204 state = 209 state = 215 state = 226 state = 234 state = 240 state = 251 state = 252 state = 262 state = 266 state = 276 state = 279 state = 291 state = 297 } infrastructure < 5 } add_building_construction = { type = infrastructure level = 1 instant_build = yes } } } else = { add_political_power = 35 } }
DIJ,SOF20_DIJ_eco6,军粮供应合同,35,available = { is_subject = no has_capitulated = no  },completion_reward = { if = { limit = { any_owned_state = { is_fully_controlled_by = ROOT OR = { state = 189 state = 204 state = 209 state = 215 state = 226 state = 234 state = 240 state = 251 state = 252 state = 262 state = 266 state = 276 state = 279 state = 291 state = 297 } arms_factory < 20 } } random_owned_controlled_state = { limit = { is_fully_controlled_by = ROOT OR = { state = 189 state = 204 state = 209 state = 215 state = 226 state = 234 state = 240 state = 251 state = 252 state = 262 state = 266 state = 276 state = 279 state = 291 state = 297 } arms_factory < 20 } add_extra_state_shared_building_slots = 1 if = { limit = { free_building_slots = { building = arms_factory size > 0 include_locked = yes } } add_building_construction = { type = arms_factory level = 1 instant_build = yes } } else = { ROOT = { add_political_power = 35 } } } } else = { add_political_power = 35 } }
DIJ,SOF20_DIJ_eco7,地方兵工标准,35,available = { is_subject = no has_capitulated = no  },completion_reward = { sof20_DIJ_industry_2_grant = yes }
DIJ,SOF20_DIJ_eco8,农业技术学校,35,available = { is_subject = no has_capitulated = no  },completion_reward = { add_tech_bonus = { name = sof20_research_bonus bonus = 0.5 uses = 1 category = construction_tech } }
DIJ,SOF20_DIJ_eco9,加工研究联合,35,available = { is_subject = no has_capitulated = no  },completion_reward = { if = { limit = { num_research_slots < 5 NOT = { has_country_flag = sof20_DIJ_research_slot } } add_research_slot = 1 set_country_flag = sof20_DIJ_research_slot } else = { add_political_power = 50 } }
DIJ,SOF20_DIJ_eco10,铁路军需订单,35,available = { is_subject = no has_capitulated = no  },completion_reward = { if = { limit = { any_owned_state = { is_fully_controlled_by = ROOT OR = { state = 189 state = 204 state = 209 state = 215 state = 226 state = 234 state = 240 state = 251 state = 252 state = 262 state = 266 state = 276 state = 279 state = 291 state = 297 } arms_factory < 20 } } random_owned_controlled_state = { limit = { is_fully_controlled_by = ROOT OR = { state = 189 state = 204 state = 209 state = 215 state = 226 state = 234 state = 240 state = 251 state = 252 state = 262 state = 266 state = 276 state = 279 state = 291 state = 297 } arms_factory < 20 } add_extra_state_shared_building_slots = 1 if = { limit = { free_building_slots = { building = arms_factory size > 0 include_locked = yes } } add_building_construction = { type = arms_factory level = 1 instant_build = yes } } else = { ROOT = { add_political_power = 35 } } } } else = { add_political_power = 35 } }
DIJ,SOF20_DIJ_eco11,勃艮第产业协约,35,available = { is_subject = no has_capitulated = no  },completion_reward = { sof20_DIJ_industry_3_grant = yes }
DIJ,SOF20_DIJ_army0,第戎地方守备,21,available = { is_subject = no has_capitulated = no  },completion_reward = { add_equipment_to_stockpile = { type = infantry_equipment_0 amount = 200 producer = ROOT } add_manpower = 1000 }
DIJ,SOF20_DIJ_army1,地方步兵训练,21,available = { is_subject = no has_capitulated = no  },completion_reward = { army_experience = 8 }
DIJ,SOF20_DIJ_army2,交通军官课程,21,available = { is_subject = no has_capitulated = no  },completion_reward = { sof20_DIJ_army_1_grant = yes }
DIJ,SOF20_DIJ_army3,步枪维护标准,35,available = { is_subject = no has_capitulated = no  },completion_reward = { add_equipment_to_stockpile = { type = infantry_equipment_0 amount = 200 producer = ROOT } }
DIJ,SOF20_DIJ_army4,铁路工程队,35,available = { is_subject = no has_capitulated = no  },completion_reward = { add_doctrine_cost_reduction = { name = sof20_research_bonus cost_reduction = 0.25 uses = 1 category = land_doctrine } }
DIJ,SOF20_DIJ_army5,粮食运输连,35,available = { is_subject = no has_capitulated = no  },completion_reward = { sof20_DIJ_army_2_grant = yes }
DIJ,SOF20_DIJ_army6,野战炮兵编组,35,available = { is_subject = no has_capitulated = no  },completion_reward = { add_tech_bonus = { name = sof20_research_bonus bonus = 0.5 uses = 1 category = infantry_weapons } }
DIJ,SOF20_DIJ_army7,交通守备部队,35,available = { is_subject = no has_capitulated = no  },completion_reward = { add_equipment_to_stockpile = { type = support_equipment_1 amount = 50 producer = ROOT } }
DIJ,SOF20_DIJ_army8,铁路战斗教范,35,available = { is_subject = no has_capitulated = no  },completion_reward = { sof20_learn_plain = yes custom_effect_tooltip = sof20_terrain_plain_tt }
DIJ,SOF20_DIJ_army9,东西兵站总署,35,available = { is_subject = no has_capitulated = no  },completion_reward = { sof20_DIJ_army_3_grant = yes }
DIJ,SOF20_DIJ_dip0,地区合作信函,21,available = { is_subject = no has_capitulated = no  },completion_reward = { set_country_flag = sof20_DIJ_diplomacy add_political_power = 25 }
DIJ,SOF20_DIJ_dip1,交通合作章程,21,available = { is_subject = no has_capitulated = no  },completion_reward = { set_country_flag = sof20_DIJ_transport add_stability = 0.025 }
DIJ,SOF20_DIJ_dip2,伙伴往来协议,21,available = { is_subject = no has_capitulated = no  },completion_reward = { set_country_flag = sof20_DIJ_integration_diplomacy add_political_power = 35 }
DIJ,SOF20_DIJ_dip3,地区防卫委任,21,available = { is_subject = no has_capitulated = no  },completion_reward = { set_country_flag = sofzh_unification_war_ready sofzh_unification_grant_border_goals = yes add_war_support = 0.025 }
DIJ,SOF20_DIJ_dip4,战地运输调度,21,available = { is_subject = no has_capitulated = no  },completion_reward = { add_equipment_to_stockpile = { type = train_equipment_1 amount = 15 producer = ROOT } add_equipment_to_stockpile = { type = motorized_equipment_1 amount = 30 producer = ROOT } }
DIJ,SOF20_DIJ_dip5,地区共同议会,21,available = { is_subject = no has_capitulated = no sof20_DIJ_controlled = yes },completion_reward = { set_cosmetic_tag = BOURGOGNE set_country_flag = form_region_flag sof20_DIJ_administration_2_grant = yes }
DIJ,SOF20_DIJ_nat0,全国协调会议,56,available = { is_subject = no has_capitulated = no num_of_controlled_states > 19 },completion_reward = { add_stability = 0.025 add_political_power = 50 }
DIJ,SOF20_DIJ_nat1,巴黎代表联络,35,available = { is_subject = no has_capitulated = no 143 = { is_controlled_by = ROOT } },completion_reward = { add_political_power = 50 }
DIJ,SOF20_DIJ_nat2,统一战争纲领,35,available = { is_subject = no has_capitulated = no  },completion_reward = { set_country_flag = sofzh_unification_war_ready sofzh_unification_grant_border_goals = yes }
DIJ,SOF20_DIJ_nat3,宣告法国统一,56,available = { is_subject = no has_capitulated = no sofzh_unification_all_france = yes has_war = no },completion_reward = { sofzh_unification_proclaim_france = yes }
DIJ,SOF20_DIJ_nat4,军工和平转产,35,available = { is_subject = no has_capitulated = no has_country_flag = sofzh_unification_complete },completion_reward = { add_stability = 0.04 add_political_power = 75 }
DIJ,SOF20_DIJ_nat5,全国公共重建,35,available = { is_subject = no has_capitulated = no has_country_flag = sofzh_unification_complete },completion_reward = { sof20_DIJ_administration_3_grant = yes random_owned_controlled_state = { limit = { is_fully_controlled_by = ROOT OR = { state = 189 state = 204 state = 209 state = 215 state = 226 state = 234 state = 240 state = 251 state = 252 state = 262 state = 266 state = 276 state = 279 state = 291 state = 297 } industrial_complex < 20 } add_extra_state_shared_building_slots = 1 if = { limit = { free_building_slots = { building = industrial_complex size > 0 include_locked = yes } } add_building_construction = { type = industrial_complex level = 1 instant_build = yes } } else = { ROOT = { add_political_power = 35 } } } }
DIJ,SOF20_DIJ_nat6,地方整合授权,35,available = { is_subject = no has_capitulated = no has_country_flag = sofzh_unification_complete },completion_reward = { sofzh_unification_integrate_territories = yes }
DIJ,SOF20_DIJ_nat7,战后宪政定案,56,available = { is_subject = no has_capitulated = no has_country_flag = sofzh_unification_complete },completion_reward = { add_stability = 0.05 add_political_power = 100 }
DIJ,SOF20_DIJ_extra0,第戎预算协定,21,available = { is_subject = no has_capitulated = no  },completion_reward = { add_political_power = 35 set_country_flag = sof20_DIJ_specialist_project }
DIJ,SOF20_DIJ_extra1,勃艮第订单协调,21,available = { is_subject = no has_capitulated = no  },completion_reward = { add_tech_bonus = { name = sof20_research_bonus bonus = 0.35 uses = 1 category = construction_tech } }
DIJ,SOF20_DIJ_extra2,公共投资议案,21,available = { is_subject = no has_capitulated = no  },completion_reward = { add_stability = 0.02 }
DIJ,SOF20_DIJ_extra3,本地机具整备,21,available = { is_subject = no has_capitulated = no  },completion_reward = { add_equipment_to_stockpile = { type = support_equipment_1 amount = 40 producer = ROOT } }
BES,SOF20_BES_home0,地方共同会议,21,available = { is_subject = no has_capitulated = no  },completion_reward = { set_country_flag = sofzh_unification_started remove_ideas = sof20_BES_fragmentation add_political_power = 35 country_event = { id = sof20_BES.1 days = 1 } }
BES,SOF20_BES_home1,市镇登记章程,21,available = { is_subject = no has_capitulated = no  },completion_reward = { add_stability = 0.025 add_political_power = 30 sof20_BES_administration_1_grant = yes }
BES,SOF20_BES_home2,省际行政网络,21,available = { is_subject = no has_capitulated = no num_of_controlled_states > 6 },completion_reward = { sof20_BES_administration_1_grant = yes add_political_power = 30 }
BES,SOF20_BES_home3,大区共同服务,21,available = { is_subject = no has_capitulated = no num_of_controlled_states > 12 },completion_reward = { sof20_BES_administration_2_grant = yes add_stability = 0.02 }
BES,SOF20_BES_home4,地方财政统筹,21,available = { is_subject = no has_capitulated = no num_of_controlled_states > 25 },completion_reward = { sof20_BES_administration_2_grant = yes add_political_power = 40 }
BES,SOF20_BES_home5,国家公共机构,21,available = { is_subject = no has_capitulated = no num_of_controlled_states > 50 },completion_reward = { sof20_BES_administration_3_grant = yes add_political_power = 50 }
BES,SOF20_BES_pol0_0,市民共和,21,available = { is_subject = no has_capitulated = no  },completion_reward = { sof20_BES_policy0_1_grant = yes set_country_flag = sof20_BES_route0 country_event = { id = sof20_BES.2 days = 1 } }
BES,SOF20_BES_pol0_1,市民共和章程,21,available = { is_subject = no has_capitulated = no  },completion_reward = { sof20_BES_policy0_1_grant = yes }
BES,SOF20_BES_pol0_2,市民共和预算,35,available = { is_subject = no has_capitulated = no  },completion_reward = { sof20_BES_policy0_2_grant = yes add_political_power = 35 }
BES,SOF20_BES_pol0_3,市民共和契约,35,available = { is_subject = no has_capitulated = no  },completion_reward = { sof20_BES_policy0_2_grant = yes }
BES,SOF20_BES_pol0_4,市民共和承诺,35,available = { is_subject = no has_capitulated = no  },completion_reward = { sof20_BES_policy0_3_grant = yes add_stability = 0.02 }
BES,SOF20_BES_pol0_5,市民共和定案,35,available = { is_subject = no has_capitulated = no  },completion_reward = { sof20_BES_policy0_3_grant = yes set_country_flag = sof20_BES_constitution }
BES,SOF20_BES_pol1_0,工匠合作,21,available = { is_subject = no has_capitulated = no  },completion_reward = { sof20_BES_policy1_1_grant = yes set_country_flag = sof20_BES_route1 country_event = { id = sof20_BES.3 days = 1 } }
BES,SOF20_BES_pol1_1,工匠合作章程,21,available = { is_subject = no has_capitulated = no  },completion_reward = { sof20_BES_policy1_1_grant = yes }
BES,SOF20_BES_pol1_2,工匠合作预算,35,available = { is_subject = no has_capitulated = no  },completion_reward = { sof20_BES_policy1_2_grant = yes add_political_power = 35 }
BES,SOF20_BES_pol1_3,工匠合作契约,35,available = { is_subject = no has_capitulated = no  },completion_reward = { sof20_BES_policy1_2_grant = yes }
BES,SOF20_BES_pol1_4,工匠合作承诺,35,available = { is_subject = no has_capitulated = no  },completion_reward = { sof20_BES_policy1_3_grant = yes add_stability = 0.02 }
BES,SOF20_BES_pol1_5,工匠合作定案,35,available = { is_subject = no has_capitulated = no  },completion_reward = { sof20_BES_policy1_3_grant = yes set_country_flag = sof20_BES_constitution }
BES,SOF20_BES_pol2_0,汝拉防卫,21,available = { is_subject = no has_capitulated = no  },completion_reward = { sof20_BES_policy2_1_grant = yes set_country_flag = sof20_BES_route2 country_event = { id = sof20_BES.4 days = 1 } }
BES,SOF20_BES_pol2_1,汝拉防卫章程,21,available = { is_subject = no has_capitulated = no  },completion_reward = { sof20_BES_policy2_1_grant = yes }
BES,SOF20_BES_pol2_2,汝拉防卫预算,35,available = { is_subject = no has_capitulated = no  },completion_reward = { sof20_BES_policy2_2_grant = yes add_political_power = 35 }
BES,SOF20_BES_pol2_3,汝拉防卫契约,35,available = { is_subject = no has_capitulated = no  },completion_reward = { sof20_BES_policy2_2_grant = yes }
BES,SOF20_BES_pol2_4,汝拉防卫承诺,35,available = { is_subject = no has_capitulated = no  },completion_reward = { sof20_BES_policy2_3_grant = yes add_war_support = 0.025 }
BES,SOF20_BES_pol2_5,汝拉防卫定案,35,available = { is_subject = no has_capitulated = no  },completion_reward = { sof20_BES_policy2_3_grant = yes set_country_flag = sof20_BES_constitution }
BES,SOF20_BES_eco0,工匠生产会议,21,available = { is_subject = no has_capitulated = no  },completion_reward = { add_political_power = 25 }
BES,SOF20_BES_eco1,精密工坊登记,21,available = { is_subject = no has_capitulated = no  },completion_reward = { add_political_power = 25 }
BES,SOF20_BES_eco2,行业信用协约,21,available = { is_subject = no has_capitulated = no  },completion_reward = { add_political_power = 25 }
BES,SOF20_BES_eco3,机具维修计划,21,available = { is_subject = no has_capitulated = no  },completion_reward = { if = { limit = { any_owned_state = { is_fully_controlled_by = ROOT OR = { state = 211 state = 212 state = 219 state = 239 state = 243 state = 254 state = 256 state = 273 state = 296 } industrial_complex < 20 } } random_owned_controlled_state = { limit = { is_fully_controlled_by = ROOT OR = { state = 211 state = 212 state = 219 state = 239 state = 243 state = 254 state = 256 state = 273 state = 296 } industrial_complex < 20 } add_extra_state_shared_building_slots = 1 if = { limit = { free_building_slots = { building = industrial_complex size > 0 include_locked = yes } } add_building_construction = { type = industrial_complex level = 1 instant_build = yes } } else = { ROOT = { add_political_power = 35 } } } } else = { add_political_power = 35 } }
BES,SOF20_BES_eco4,工匠培训课程,35,available = { is_subject = no has_capitulated = no  },completion_reward = { sof20_BES_industry_1_grant = yes }
BES,SOF20_BES_eco5,山地道路协作,35,available = { is_subject = no has_capitulated = no  },completion_reward = { remove_ideas = sof20_BES_bottleneck if = { limit = { any_owned_state = { is_fully_controlled_by = ROOT OR = { state = 211 state = 212 state = 219 state = 239 state = 243 state = 254 state = 256 state = 273 state = 296 } infrastructure < 5 } } random_owned_controlled_state = { limit = { is_fully_controlled_by = ROOT OR = { state = 211 state = 212 state = 219 state = 239 state = 243 state = 254 state = 256 state = 273 state = 296 } infrastructure < 5 } add_building_construction = { type = infrastructure level = 1 instant_build = yes } } } else = { add_political_power = 35 } }
BES,SOF20_BES_eco6,精密军械订单,35,available = { is_subject = no has_capitulated = no  },completion_reward = { if = { limit = { any_owned_state = { is_fully_controlled_by = ROOT OR = { state = 211 state = 212 state = 219 state = 239 state = 243 state = 254 state = 256 state = 273 state = 296 } arms_factory < 20 } } random_owned_controlled_state = { limit = { is_fully_controlled_by = ROOT OR = { state = 211 state = 212 state = 219 state = 239 state = 243 state = 254 state = 256 state = 273 state = 296 } arms_factory < 20 } add_extra_state_shared_building_slots = 1 if = { limit = { free_building_slots = { building = arms_factory size > 0 include_locked = yes } } add_building_construction = { type = arms_factory level = 1 instant_build = yes } } else = { ROOT = { add_political_power = 35 } } } } else = { add_political_power = 35 } }
BES,SOF20_BES_eco7,支援装备标准,35,available = { is_subject = no has_capitulated = no  },completion_reward = { sof20_BES_industry_2_grant = yes }
BES,SOF20_BES_eco8,工艺技术学校,35,available = { is_subject = no has_capitulated = no  },completion_reward = { add_tech_bonus = { name = sof20_research_bonus bonus = 0.5 uses = 1 category = construction_tech } }
BES,SOF20_BES_eco9,精密研究联合,35,available = { is_subject = no has_capitulated = no  },completion_reward = { if = { limit = { num_research_slots < 5 NOT = { has_country_flag = sof20_BES_research_slot } } add_research_slot = 1 set_country_flag = sof20_BES_research_slot } else = { add_political_power = 50 } }
BES,SOF20_BES_eco10,地方工坊转产,35,available = { is_subject = no has_capitulated = no  },completion_reward = { if = { limit = { any_owned_state = { is_fully_controlled_by = ROOT OR = { state = 211 state = 212 state = 219 state = 239 state = 243 state = 254 state = 256 state = 273 state = 296 } arms_factory < 20 } } random_owned_controlled_state = { limit = { is_fully_controlled_by = ROOT OR = { state = 211 state = 212 state = 219 state = 239 state = 243 state = 254 state = 256 state = 273 state = 296 } arms_factory < 20 } add_extra_state_shared_building_slots = 1 if = { limit = { free_building_slots = { building = arms_factory size > 0 include_locked = yes } } add_building_construction = { type = arms_factory level = 1 instant_build = yes } } else = { ROOT = { add_political_power = 35 } } } } else = { add_political_power = 35 } }
BES,SOF20_BES_eco11,汝拉产业共同体,35,available = { is_subject = no has_capitulated = no  },completion_reward = { sof20_BES_industry_3_grant = yes }
BES,SOF20_BES_army0,汝拉地方守备,21,available = { is_subject = no has_capitulated = no  },completion_reward = { add_equipment_to_stockpile = { type = infantry_equipment_0 amount = 200 producer = ROOT } add_manpower = 1000 }
BES,SOF20_BES_army1,工匠步兵训练,21,available = { is_subject = no has_capitulated = no  },completion_reward = { army_experience = 8 }
BES,SOF20_BES_army2,山地军官课程,21,available = { is_subject = no has_capitulated = no  },completion_reward = { sof20_BES_army_1_grant = yes }
BES,SOF20_BES_army3,精密武器保养,35,available = { is_subject = no has_capitulated = no  },completion_reward = { add_equipment_to_stockpile = { type = infantry_equipment_0 amount = 200 producer = ROOT } }
BES,SOF20_BES_army4,汝拉工程队,35,available = { is_subject = no has_capitulated = no  },completion_reward = { add_doctrine_cost_reduction = { name = sof20_research_bonus cost_reduction = 0.25 uses = 1 category = land_doctrine } }
BES,SOF20_BES_army5,高地运输连,35,available = { is_subject = no has_capitulated = no  },completion_reward = { sof20_BES_army_2_grant = yes }
BES,SOF20_BES_army6,支援兵科编组,35,available = { is_subject = no has_capitulated = no  },completion_reward = { add_tech_bonus = { name = sof20_research_bonus bonus = 0.5 uses = 1 category = infantry_weapons } }
BES,SOF20_BES_army7,山地侦察部队,35,available = { is_subject = no has_capitulated = no  },completion_reward = { add_equipment_to_stockpile = { type = support_equipment_1 amount = 50 producer = ROOT } }
BES,SOF20_BES_army8,精锐战斗教范,35,available = { is_subject = no has_capitulated = no  },completion_reward = { sof20_learn_mountain = yes custom_effect_tooltip = sof20_terrain_mountain_tt }
BES,SOF20_BES_army9,汝拉防卫军团,35,available = { is_subject = no has_capitulated = no  },completion_reward = { sof20_BES_army_3_grant = yes }
BES,SOF20_BES_dip0,地区合作信函,21,available = { is_subject = no has_capitulated = no  },completion_reward = { set_country_flag = sof20_BES_diplomacy add_political_power = 25 }
BES,SOF20_BES_dip1,交通合作章程,21,available = { is_subject = no has_capitulated = no  },completion_reward = { set_country_flag = sof20_BES_transport add_stability = 0.025 }
BES,SOF20_BES_dip2,伙伴往来协议,21,available = { is_subject = no has_capitulated = no  },completion_reward = { set_country_flag = sof20_BES_integration_diplomacy add_political_power = 35 }
BES,SOF20_BES_dip3,地区防卫委任,21,available = { is_subject = no has_capitulated = no  },completion_reward = { set_country_flag = sofzh_unification_war_ready sofzh_unification_grant_border_goals = yes add_war_support = 0.025 }
BES,SOF20_BES_dip4,战地运输调度,21,available = { is_subject = no has_capitulated = no  },completion_reward = { add_equipment_to_stockpile = { type = train_equipment_1 amount = 15 producer = ROOT } add_equipment_to_stockpile = { type = motorized_equipment_1 amount = 30 producer = ROOT } }
BES,SOF20_BES_dip5,地区共同议会,21,available = { is_subject = no has_capitulated = no sof20_BES_controlled = yes },completion_reward = { set_cosmetic_tag = FRANCHE_COMTE set_country_flag = form_region_flag sof20_BES_administration_2_grant = yes }
BES,SOF20_BES_nat0,全国协调会议,56,available = { is_subject = no has_capitulated = no num_of_controlled_states > 19 },completion_reward = { add_stability = 0.025 add_political_power = 50 }
BES,SOF20_BES_nat1,巴黎代表联络,35,available = { is_subject = no has_capitulated = no 143 = { is_controlled_by = ROOT } },completion_reward = { add_political_power = 50 }
BES,SOF20_BES_nat2,统一战争纲领,35,available = { is_subject = no has_capitulated = no  },completion_reward = { set_country_flag = sofzh_unification_war_ready sofzh_unification_grant_border_goals = yes }
BES,SOF20_BES_nat3,宣告法国统一,56,available = { is_subject = no has_capitulated = no sofzh_unification_all_france = yes has_war = no },completion_reward = { sofzh_unification_proclaim_france = yes }
BES,SOF20_BES_nat4,军工和平转产,35,available = { is_subject = no has_capitulated = no has_country_flag = sofzh_unification_complete },completion_reward = { add_stability = 0.04 add_political_power = 75 }
BES,SOF20_BES_nat5,全国公共重建,35,available = { is_subject = no has_capitulated = no has_country_flag = sofzh_unification_complete },completion_reward = { sof20_BES_administration_3_grant = yes random_owned_controlled_state = { limit = { is_fully_controlled_by = ROOT OR = { state = 211 state = 212 state = 219 state = 239 state = 243 state = 254 state = 256 state = 273 state = 296 } industrial_complex < 20 } add_extra_state_shared_building_slots = 1 if = { limit = { free_building_slots = { building = industrial_complex size > 0 include_locked = yes } } add_building_construction = { type = industrial_complex level = 1 instant_build = yes } } else = { ROOT = { add_political_power = 35 } } } }
BES,SOF20_BES_nat6,地方整合授权,35,available = { is_subject = no has_capitulated = no has_country_flag = sofzh_unification_complete },completion_reward = { sofzh_unification_integrate_territories = yes }
BES,SOF20_BES_nat7,战后宪政定案,56,available = { is_subject = no has_capitulated = no has_country_flag = sofzh_unification_complete },completion_reward = { add_stability = 0.05 add_political_power = 100 }
BES,SOF20_BES_extra0,贝桑松预算协定,21,available = { is_subject = no has_capitulated = no  },completion_reward = { add_political_power = 35 set_country_flag = sof20_BES_specialist_project }
BES,SOF20_BES_extra1,弗朗什订单协调,21,available = { is_subject = no has_capitulated = no  },completion_reward = { add_tech_bonus = { name = sof20_research_bonus bonus = 0.35 uses = 1 category = construction_tech } }
BES,SOF20_BES_extra2,公共投资议案,21,available = { is_subject = no has_capitulated = no  },completion_reward = { add_stability = 0.02 }
BES,SOF20_BES_extra3,本地机具整备,21,available = { is_subject = no has_capitulated = no  },completion_reward = { add_equipment_to_stockpile = { type = support_equipment_1 amount = 40 producer = ROOT } }
TRS,SOF20_TRS_home0,地方共同会议,21,available = { is_subject = no has_capitulated = no  },completion_reward = { set_country_flag = sofzh_unification_started remove_ideas = sof20_TRS_fragmentation add_political_power = 35 country_event = { id = sof20_TRS.1 days = 1 } }
TRS,SOF20_TRS_home1,市镇登记章程,21,available = { is_subject = no has_capitulated = no  },completion_reward = { add_stability = 0.025 add_political_power = 30 sof20_TRS_administration_1_grant = yes }
TRS,SOF20_TRS_home2,省际行政网络,21,available = { is_subject = no has_capitulated = no num_of_controlled_states > 6 },completion_reward = { sof20_TRS_administration_1_grant = yes add_political_power = 30 }
TRS,SOF20_TRS_home3,大区共同服务,21,available = { is_subject = no has_capitulated = no num_of_controlled_states > 12 },completion_reward = { sof20_TRS_administration_2_grant = yes add_stability = 0.02 }
TRS,SOF20_TRS_home4,地方财政统筹,21,available = { is_subject = no has_capitulated = no num_of_controlled_states > 25 },completion_reward = { sof20_TRS_administration_2_grant = yes add_political_power = 40 }
TRS,SOF20_TRS_home5,国家公共机构,21,available = { is_subject = no has_capitulated = no num_of_controlled_states > 50 },completion_reward = { sof20_TRS_administration_3_grant = yes add_political_power = 50 }
TRS,SOF20_TRS_pol0_0,卢瓦尔议会,21,available = { is_subject = no has_capitulated = no  },completion_reward = { sof20_TRS_policy0_1_grant = yes set_country_flag = sof20_TRS_route0 country_event = { id = sof20_TRS.2 days = 1 } }
TRS,SOF20_TRS_pol0_1,卢瓦尔议章程,21,available = { is_subject = no has_capitulated = no  },completion_reward = { sof20_TRS_policy0_1_grant = yes }
TRS,SOF20_TRS_pol0_2,卢瓦尔议预算,35,available = { is_subject = no has_capitulated = no  },completion_reward = { sof20_TRS_policy0_2_grant = yes add_political_power = 35 }
TRS,SOF20_TRS_pol0_3,卢瓦尔议契约,35,available = { is_subject = no has_capitulated = no  },completion_reward = { sof20_TRS_policy0_2_grant = yes }
TRS,SOF20_TRS_pol0_4,卢瓦尔议承诺,35,available = { is_subject = no has_capitulated = no  },completion_reward = { sof20_TRS_policy0_3_grant = yes add_stability = 0.02 }
TRS,SOF20_TRS_pol0_5,卢瓦尔议定案,35,available = { is_subject = no has_capitulated = no  },completion_reward = { sof20_TRS_policy0_3_grant = yes set_country_flag = sof20_TRS_constitution }
TRS,SOF20_TRS_pol1_0,农业合作,21,available = { is_subject = no has_capitulated = no  },completion_reward = { sof20_TRS_policy1_1_grant = yes set_country_flag = sof20_TRS_route1 country_event = { id = sof20_TRS.3 days = 1 } }
TRS,SOF20_TRS_pol1_1,农业合作章程,21,available = { is_subject = no has_capitulated = no  },completion_reward = { sof20_TRS_policy1_1_grant = yes }
TRS,SOF20_TRS_pol1_2,农业合作预算,35,available = { is_subject = no has_capitulated = no  },completion_reward = { sof20_TRS_policy1_2_grant = yes add_political_power = 35 }
TRS,SOF20_TRS_pol1_3,农业合作契约,35,available = { is_subject = no has_capitulated = no  },completion_reward = { sof20_TRS_policy1_2_grant = yes }
TRS,SOF20_TRS_pol1_4,农业合作承诺,35,available = { is_subject = no has_capitulated = no  },completion_reward = { sof20_TRS_policy1_3_grant = yes add_stability = 0.02 }
TRS,SOF20_TRS_pol1_5,农业合作定案,35,available = { is_subject = no has_capitulated = no  },completion_reward = { sof20_TRS_policy1_3_grant = yes set_country_flag = sof20_TRS_constitution }
TRS,SOF20_TRS_pol2_0,中央统筹,21,available = { is_subject = no has_capitulated = no  },completion_reward = { sof20_TRS_policy2_1_grant = yes set_country_flag = sof20_TRS_route2 country_event = { id = sof20_TRS.4 days = 1 } }
TRS,SOF20_TRS_pol2_1,中央统筹章程,21,available = { is_subject = no has_capitulated = no  },completion_reward = { sof20_TRS_policy2_1_grant = yes }
TRS,SOF20_TRS_pol2_2,中央统筹预算,35,available = { is_subject = no has_capitulated = no  },completion_reward = { sof20_TRS_policy2_2_grant = yes add_political_power = 35 }
TRS,SOF20_TRS_pol2_3,中央统筹契约,35,available = { is_subject = no has_capitulated = no  },completion_reward = { sof20_TRS_policy2_2_grant = yes }
TRS,SOF20_TRS_pol2_4,中央统筹承诺,35,available = { is_subject = no has_capitulated = no  },completion_reward = { sof20_TRS_policy2_3_grant = yes add_war_support = 0.025 }
TRS,SOF20_TRS_pol2_5,中央统筹定案,35,available = { is_subject = no has_capitulated = no  },completion_reward = { sof20_TRS_policy2_3_grant = yes set_country_flag = sof20_TRS_constitution }
TRS,SOF20_TRS_eco0,卢瓦尔调度会议,21,available = { is_subject = no has_capitulated = no  },completion_reward = { add_political_power = 25 }
TRS,SOF20_TRS_eco1,粮食供给登记,21,available = { is_subject = no has_capitulated = no  },completion_reward = { add_political_power = 25 }
TRS,SOF20_TRS_eco2,地方信用协约,21,available = { is_subject = no has_capitulated = no  },completion_reward = { add_political_power = 25 }
TRS,SOF20_TRS_eco3,食品加工工坊,21,available = { is_subject = no has_capitulated = no  },completion_reward = { if = { limit = { any_owned_state = { is_fully_controlled_by = ROOT OR = { state = 139 state = 174 state = 177 state = 191 state = 194 state = 199 state = 201 state = 203 state = 213 state = 224 state = 225 state = 230 state = 242 state = 245 state = 258 state = 259 state = 260 state = 269 state = 282 state = 290 } industrial_complex < 20 } } random_owned_controlled_state = { limit = { is_fully_controlled_by = ROOT OR = { state = 139 state = 174 state = 177 state = 191 state = 194 state = 199 state = 201 state = 203 state = 213 state = 224 state = 225 state = 230 state = 242 state = 245 state = 258 state = 259 state = 260 state = 269 state = 282 state = 290 } industrial_complex < 20 } add_extra_state_shared_building_slots = 1 if = { limit = { free_building_slots = { building = industrial_complex size > 0 include_locked = yes } } add_building_construction = { type = industrial_complex level = 1 instant_build = yes } } else = { ROOT = { add_political_power = 35 } } } } else = { add_political_power = 35 } }
TRS,SOF20_TRS_eco4,铁路维修计划,35,available = { is_subject = no has_capitulated = no  },completion_reward = { sof20_TRS_industry_1_grant = yes }
TRS,SOF20_TRS_eco5,奥尔良交通协作,35,available = { is_subject = no has_capitulated = no  },completion_reward = { remove_ideas = sof20_TRS_bottleneck if = { limit = { any_owned_state = { is_fully_controlled_by = ROOT OR = { state = 139 state = 174 state = 177 state = 191 state = 194 state = 199 state = 201 state = 203 state = 213 state = 224 state = 225 state = 230 state = 242 state = 245 state = 258 state = 259 state = 260 state = 269 state = 282 state = 290 } infrastructure < 5 } } random_owned_controlled_state = { limit = { is_fully_controlled_by = ROOT OR = { state = 139 state = 174 state = 177 state = 191 state = 194 state = 199 state = 201 state = 203 state = 213 state = 224 state = 225 state = 230 state = 242 state = 245 state = 258 state = 259 state = 260 state = 269 state = 282 state = 290 } infrastructure < 5 } add_building_construction = { type = infrastructure level = 1 instant_build = yes } } } else = { add_political_power = 35 } }
TRS,SOF20_TRS_eco6,中央军粮订单,35,available = { is_subject = no has_capitulated = no  },completion_reward = { if = { limit = { any_owned_state = { is_fully_controlled_by = ROOT OR = { state = 139 state = 174 state = 177 state = 191 state = 194 state = 199 state = 201 state = 203 state = 213 state = 224 state = 225 state = 230 state = 242 state = 245 state = 258 state = 259 state = 260 state = 269 state = 282 state = 290 } arms_factory < 20 } } random_owned_controlled_state = { limit = { is_fully_controlled_by = ROOT OR = { state = 139 state = 174 state = 177 state = 191 state = 194 state = 199 state = 201 state = 203 state = 213 state = 224 state = 225 state = 230 state = 242 state = 245 state = 258 state = 259 state = 260 state = 269 state = 282 state = 290 } arms_factory < 20 } add_extra_state_shared_building_slots = 1 if = { limit = { free_building_slots = { building = arms_factory size > 0 include_locked = yes } } add_building_construction = { type = arms_factory level = 1 instant_build = yes } } else = { ROOT = { add_political_power = 35 } } } } else = { add_political_power = 35 } }
TRS,SOF20_TRS_eco7,机具生产标准,35,available = { is_subject = no has_capitulated = no  },completion_reward = { sof20_TRS_industry_2_grant = yes }
TRS,SOF20_TRS_eco8,农工技术学校,35,available = { is_subject = no has_capitulated = no  },completion_reward = { add_tech_bonus = { name = sof20_research_bonus bonus = 0.5 uses = 1 category = construction_tech } }
TRS,SOF20_TRS_eco9,交通研究联合,35,available = { is_subject = no has_capitulated = no  },completion_reward = { if = { limit = { num_research_slots < 5 NOT = { has_country_flag = sof20_TRS_research_slot } } add_research_slot = 1 set_country_flag = sof20_TRS_research_slot } else = { add_political_power = 50 } }
TRS,SOF20_TRS_eco10,铁路军需转产,35,available = { is_subject = no has_capitulated = no  },completion_reward = { if = { limit = { any_owned_state = { is_fully_controlled_by = ROOT OR = { state = 139 state = 174 state = 177 state = 191 state = 194 state = 199 state = 201 state = 203 state = 213 state = 224 state = 225 state = 230 state = 242 state = 245 state = 258 state = 259 state = 260 state = 269 state = 282 state = 290 } arms_factory < 20 } } random_owned_controlled_state = { limit = { is_fully_controlled_by = ROOT OR = { state = 139 state = 174 state = 177 state = 191 state = 194 state = 199 state = 201 state = 203 state = 213 state = 224 state = 225 state = 230 state = 242 state = 245 state = 258 state = 259 state = 260 state = 269 state = 282 state = 290 } arms_factory < 20 } add_extra_state_shared_building_slots = 1 if = { limit = { free_building_slots = { building = arms_factory size > 0 include_locked = yes } } add_building_construction = { type = arms_factory level = 1 instant_build = yes } } else = { ROOT = { add_political_power = 35 } } } } else = { add_political_power = 35 } }
TRS,SOF20_TRS_eco11,中央供给共同体,35,available = { is_subject = no has_capitulated = no  },completion_reward = { sof20_TRS_industry_3_grant = yes }
TRS,SOF20_TRS_army0,卢瓦尔地方守备,21,available = { is_subject = no has_capitulated = no  },completion_reward = { add_equipment_to_stockpile = { type = infantry_equipment_0 amount = 200 producer = ROOT } add_manpower = 1000 }
TRS,SOF20_TRS_army1,交通步兵训练,21,available = { is_subject = no has_capitulated = no  },completion_reward = { army_experience = 8 }
TRS,SOF20_TRS_army2,中央军官课程,21,available = { is_subject = no has_capitulated = no  },completion_reward = { sof20_TRS_army_1_grant = yes }
TRS,SOF20_TRS_army3,守备装备标准,35,available = { is_subject = no has_capitulated = no  },completion_reward = { add_equipment_to_stockpile = { type = infantry_equipment_0 amount = 200 producer = ROOT } }
TRS,SOF20_TRS_army4,河流工程队,35,available = { is_subject = no has_capitulated = no  },completion_reward = { add_doctrine_cost_reduction = { name = sof20_research_bonus cost_reduction = 0.25 uses = 1 category = land_doctrine } }
TRS,SOF20_TRS_army5,粮食运输连,35,available = { is_subject = no has_capitulated = no  },completion_reward = { sof20_TRS_army_2_grant = yes }
TRS,SOF20_TRS_army6,铁路守备编组,35,available = { is_subject = no has_capitulated = no  },completion_reward = { add_tech_bonus = { name = sof20_research_bonus bonus = 0.5 uses = 1 category = infantry_weapons } }
TRS,SOF20_TRS_army7,机动调度部队,35,available = { is_subject = no has_capitulated = no  },completion_reward = { add_equipment_to_stockpile = { type = support_equipment_1 amount = 50 producer = ROOT } }
TRS,SOF20_TRS_army8,中央战斗教范,35,available = { is_subject = no has_capitulated = no  },completion_reward = { sof20_learn_river = yes custom_effect_tooltip = sof20_terrain_river_tt }
TRS,SOF20_TRS_army9,卢瓦尔共同参谋,35,available = { is_subject = no has_capitulated = no  },completion_reward = { sof20_TRS_army_3_grant = yes }
TRS,SOF20_TRS_dip0,地区合作信函,21,available = { is_subject = no has_capitulated = no  },completion_reward = { set_country_flag = sof20_TRS_diplomacy add_political_power = 25 }
TRS,SOF20_TRS_dip1,交通合作章程,21,available = { is_subject = no has_capitulated = no  },completion_reward = { set_country_flag = sof20_TRS_transport add_stability = 0.025 }
TRS,SOF20_TRS_dip2,伙伴往来协议,21,available = { is_subject = no has_capitulated = no  },completion_reward = { set_country_flag = sof20_TRS_integration_diplomacy add_political_power = 35 }
TRS,SOF20_TRS_dip3,地区防卫委任,21,available = { is_subject = no has_capitulated = no  },completion_reward = { set_country_flag = sofzh_unification_war_ready sofzh_unification_grant_border_goals = yes add_war_support = 0.025 }
TRS,SOF20_TRS_dip4,战地运输调度,21,available = { is_subject = no has_capitulated = no  },completion_reward = { add_equipment_to_stockpile = { type = train_equipment_1 amount = 15 producer = ROOT } add_equipment_to_stockpile = { type = motorized_equipment_1 amount = 30 producer = ROOT } }
TRS,SOF20_TRS_dip5,地区共同议会,21,available = { is_subject = no has_capitulated = no sof20_TRS_controlled = yes },completion_reward = { set_cosmetic_tag = CENTRE set_country_flag = form_region_flag sof20_TRS_administration_2_grant = yes }
TRS,SOF20_TRS_nat0,全国协调会议,56,available = { is_subject = no has_capitulated = no num_of_controlled_states > 19 },completion_reward = { add_stability = 0.025 add_political_power = 50 }
TRS,SOF20_TRS_nat1,巴黎代表联络,35,available = { is_subject = no has_capitulated = no 143 = { is_controlled_by = ROOT } },completion_reward = { add_political_power = 50 }
TRS,SOF20_TRS_nat2,统一战争纲领,35,available = { is_subject = no has_capitulated = no  },completion_reward = { set_country_flag = sofzh_unification_war_ready sofzh_unification_grant_border_goals = yes }
TRS,SOF20_TRS_nat3,宣告法国统一,56,available = { is_subject = no has_capitulated = no sofzh_unification_all_france = yes has_war = no },completion_reward = { sofzh_unification_proclaim_france = yes }
TRS,SOF20_TRS_nat4,军工和平转产,35,available = { is_subject = no has_capitulated = no has_country_flag = sofzh_unification_complete },completion_reward = { add_stability = 0.04 add_political_power = 75 }
TRS,SOF20_TRS_nat5,全国公共重建,35,available = { is_subject = no has_capitulated = no has_country_flag = sofzh_unification_complete },completion_reward = { sof20_TRS_administration_3_grant = yes random_owned_controlled_state = { limit = { is_fully_controlled_by = ROOT OR = { state = 139 state = 174 state = 177 state = 191 state = 194 state = 199 state = 201 state = 203 state = 213 state = 224 state = 225 state = 230 state = 242 state = 245 state = 258 state = 259 state = 260 state = 269 state = 282 state = 290 } industrial_complex < 20 } add_extra_state_shared_building_slots = 1 if = { limit = { free_building_slots = { building = industrial_complex size > 0 include_locked = yes } } add_building_construction = { type = industrial_complex level = 1 instant_build = yes } } else = { ROOT = { add_political_power = 35 } } } }
TRS,SOF20_TRS_nat6,地方整合授权,35,available = { is_subject = no has_capitulated = no has_country_flag = sofzh_unification_complete },completion_reward = { sofzh_unification_integrate_territories = yes }
TRS,SOF20_TRS_nat7,战后宪政定案,56,available = { is_subject = no has_capitulated = no has_country_flag = sofzh_unification_complete },completion_reward = { add_stability = 0.05 add_political_power = 100 }
TRS,SOF20_TRS_extra0,奥尔良预算协定,21,available = { is_subject = no has_capitulated = no  },completion_reward = { add_political_power = 35 set_country_flag = sof20_TRS_specialist_project }
TRS,SOF20_TRS_extra1,中央大订单协调,21,available = { is_subject = no has_capitulated = no  },completion_reward = { add_tech_bonus = { name = sof20_research_bonus bonus = 0.35 uses = 1 category = construction_tech } }
TRS,SOF20_TRS_extra2,公共投资议案,21,available = { is_subject = no has_capitulated = no  },completion_reward = { add_stability = 0.02 }
TRS,SOF20_TRS_extra3,本地机具整备,21,available = { is_subject = no has_capitulated = no  },completion_reward = { add_equipment_to_stockpile = { type = support_equipment_1 amount = 40 producer = ROOT } }
TRS,SOF20_TRS_extra4,运输储备计划,21,available = { is_subject = no has_capitulated = no  },completion_reward = { add_equipment_to_stockpile = { type = motorized_equipment_1 amount = 25 producer = ROOT } }
TRS,SOF20_TRS_extra5,地方医疗协作,21,available = { is_subject = no has_capitulated = no  },completion_reward = { army_experience = 8 }
TRS,SOF20_TRS_extra6,工场联合采购,21,available = { is_subject = no has_capitulated = no  },completion_reward = { add_political_power = 35 }
TRS,SOF20_TRS_extra7,前线联络课程,21,available = { is_subject = no has_capitulated = no  },completion_reward = { add_tech_bonus = { name = sof20_research_bonus bonus = 0.35 uses = 1 category = construction_tech } }
AMI,SOF20_AMI_home0,地方共同会议,21,available = { is_subject = no has_capitulated = no  },completion_reward = { set_country_flag = sofzh_unification_started remove_ideas = sof20_AMI_fragmentation add_political_power = 35 country_event = { id = sof20_AMI.1 days = 1 } }
AMI,SOF20_AMI_home1,市镇登记章程,21,available = { is_subject = no has_capitulated = no  },completion_reward = { add_stability = 0.025 add_political_power = 30 sof20_AMI_administration_1_grant = yes }
AMI,SOF20_AMI_home2,省际行政网络,21,available = { is_subject = no has_capitulated = no num_of_controlled_states > 6 },completion_reward = { sof20_AMI_administration_1_grant = yes add_political_power = 30 }
AMI,SOF20_AMI_home3,大区共同服务,21,available = { is_subject = no has_capitulated = no num_of_controlled_states > 12 },completion_reward = { sof20_AMI_administration_2_grant = yes add_stability = 0.02 }
AMI,SOF20_AMI_home4,地方财政统筹,21,available = { is_subject = no has_capitulated = no num_of_controlled_states > 25 },completion_reward = { sof20_AMI_administration_2_grant = yes add_political_power = 40 }
AMI,SOF20_AMI_home5,国家公共机构,21,available = { is_subject = no has_capitulated = no num_of_controlled_states > 50 },completion_reward = { sof20_AMI_administration_3_grant = yes add_political_power = 50 }
AMI,SOF20_AMI_pol0_0,农业共和,21,available = { is_subject = no has_capitulated = no  },completion_reward = { sof20_AMI_policy0_1_grant = yes set_country_flag = sof20_AMI_route0 country_event = { id = sof20_AMI.2 days = 1 } }
AMI,SOF20_AMI_pol0_1,农业共和章程,21,available = { is_subject = no has_capitulated = no  },completion_reward = { sof20_AMI_policy0_1_grant = yes }
AMI,SOF20_AMI_pol0_2,农业共和预算,35,available = { is_subject = no has_capitulated = no  },completion_reward = { sof20_AMI_policy0_2_grant = yes add_political_power = 35 }
AMI,SOF20_AMI_pol0_3,农业共和契约,35,available = { is_subject = no has_capitulated = no  },completion_reward = { sof20_AMI_policy0_2_grant = yes }
AMI,SOF20_AMI_pol0_4,农业共和承诺,35,available = { is_subject = no has_capitulated = no  },completion_reward = { sof20_AMI_policy0_3_grant = yes add_stability = 0.02 }
AMI,SOF20_AMI_pol0_5,农业共和定案,35,available = { is_subject = no has_capitulated = no  },completion_reward = { sof20_AMI_policy0_3_grant = yes set_country_flag = sof20_AMI_constitution }
AMI,SOF20_AMI_pol1_0,劳工合作,21,available = { is_subject = no has_capitulated = no  },completion_reward = { sof20_AMI_policy1_1_grant = yes set_country_flag = sof20_AMI_route1 country_event = { id = sof20_AMI.3 days = 1 } }
AMI,SOF20_AMI_pol1_1,劳工合作章程,21,available = { is_subject = no has_capitulated = no  },completion_reward = { sof20_AMI_policy1_1_grant = yes }
AMI,SOF20_AMI_pol1_2,劳工合作预算,35,available = { is_subject = no has_capitulated = no  },completion_reward = { sof20_AMI_policy1_2_grant = yes add_political_power = 35 }
AMI,SOF20_AMI_pol1_3,劳工合作契约,35,available = { is_subject = no has_capitulated = no  },completion_reward = { sof20_AMI_policy1_2_grant = yes }
AMI,SOF20_AMI_pol1_4,劳工合作承诺,35,available = { is_subject = no has_capitulated = no  },completion_reward = { sof20_AMI_policy1_3_grant = yes add_stability = 0.02 }
AMI,SOF20_AMI_pol1_5,劳工合作定案,35,available = { is_subject = no has_capitulated = no  },completion_reward = { sof20_AMI_policy1_3_grant = yes set_country_flag = sof20_AMI_constitution }
AMI,SOF20_AMI_pol2_0,交通防卫,21,available = { is_subject = no has_capitulated = no  },completion_reward = { sof20_AMI_policy2_1_grant = yes set_country_flag = sof20_AMI_route2 country_event = { id = sof20_AMI.4 days = 1 } }
AMI,SOF20_AMI_pol2_1,交通防卫章程,21,available = { is_subject = no has_capitulated = no  },completion_reward = { sof20_AMI_policy2_1_grant = yes }
AMI,SOF20_AMI_pol2_2,交通防卫预算,35,available = { is_subject = no has_capitulated = no  },completion_reward = { sof20_AMI_policy2_2_grant = yes add_political_power = 35 }
AMI,SOF20_AMI_pol2_3,交通防卫契约,35,available = { is_subject = no has_capitulated = no  },completion_reward = { sof20_AMI_policy2_2_grant = yes }
AMI,SOF20_AMI_pol2_4,交通防卫承诺,35,available = { is_subject = no has_capitulated = no  },completion_reward = { sof20_AMI_policy2_3_grant = yes add_war_support = 0.025 }
AMI,SOF20_AMI_pol2_5,交通防卫定案,35,available = { is_subject = no has_capitulated = no  },completion_reward = { sof20_AMI_policy2_3_grant = yes set_country_flag = sof20_AMI_constitution }
AMI,SOF20_AMI_eco0,农业财政会议,21,available = { is_subject = no has_capitulated = no  },completion_reward = { add_political_power = 25 }
AMI,SOF20_AMI_eco1,农户采购登记,21,available = { is_subject = no has_capitulated = no  },completion_reward = { add_political_power = 25 }
AMI,SOF20_AMI_eco2,地方信用协约,21,available = { is_subject = no has_capitulated = no  },completion_reward = { add_political_power = 25 }
AMI,SOF20_AMI_eco3,食品储运工坊,21,available = { is_subject = no has_capitulated = no  },completion_reward = { if = { limit = { any_owned_state = { is_fully_controlled_by = ROOT OR = { state = 67 state = 70 state = 73 state = 75 state = 76 state = 77 state = 83 state = 85 state = 89 state = 90 state = 97 state = 108 state = 114 } industrial_complex < 20 } } random_owned_controlled_state = { limit = { is_fully_controlled_by = ROOT OR = { state = 67 state = 70 state = 73 state = 75 state = 76 state = 77 state = 83 state = 85 state = 89 state = 90 state = 97 state = 108 state = 114 } industrial_complex < 20 } add_extra_state_shared_building_slots = 1 if = { limit = { free_building_slots = { building = industrial_complex size > 0 include_locked = yes } } add_building_construction = { type = industrial_complex level = 1 instant_build = yes } } else = { ROOT = { add_political_power = 35 } } } } else = { add_political_power = 35 } }
AMI,SOF20_AMI_eco4,纺织工场整备,35,available = { is_subject = no has_capitulated = no  },completion_reward = { sof20_AMI_industry_1_grant = yes }
AMI,SOF20_AMI_eco5,亚眠铁路协作,35,available = { is_subject = no has_capitulated = no  },completion_reward = { remove_ideas = sof20_AMI_bottleneck if = { limit = { any_owned_state = { is_fully_controlled_by = ROOT OR = { state = 67 state = 70 state = 73 state = 75 state = 76 state = 77 state = 83 state = 85 state = 89 state = 90 state = 97 state = 108 state = 114 } infrastructure < 5 } } random_owned_controlled_state = { limit = { is_fully_controlled_by = ROOT OR = { state = 67 state = 70 state = 73 state = 75 state = 76 state = 77 state = 83 state = 85 state = 89 state = 90 state = 97 state = 108 state = 114 } infrastructure < 5 } add_building_construction = { type = infrastructure level = 1 instant_build = yes } } } else = { add_political_power = 35 } }
AMI,SOF20_AMI_eco6,军粮供应订单,35,available = { is_subject = no has_capitulated = no  },completion_reward = { if = { limit = { any_owned_state = { is_fully_controlled_by = ROOT OR = { state = 67 state = 70 state = 73 state = 75 state = 76 state = 77 state = 83 state = 85 state = 89 state = 90 state = 97 state = 108 state = 114 } arms_factory < 20 } } random_owned_controlled_state = { limit = { is_fully_controlled_by = ROOT OR = { state = 67 state = 70 state = 73 state = 75 state = 76 state = 77 state = 83 state = 85 state = 89 state = 90 state = 97 state = 108 state = 114 } arms_factory < 20 } add_extra_state_shared_building_slots = 1 if = { limit = { free_building_slots = { building = arms_factory size > 0 include_locked = yes } } add_building_construction = { type = arms_factory level = 1 instant_build = yes } } else = { ROOT = { add_political_power = 35 } } } } else = { add_political_power = 35 } }
AMI,SOF20_AMI_eco7,工程机具标准,35,available = { is_subject = no has_capitulated = no  },completion_reward = { sof20_AMI_industry_2_grant = yes set_country_flag = sof20_AMI_specialist_project }
AMI,SOF20_AMI_eco8,农工技术学校,35,available = { is_subject = no has_capitulated = no  },completion_reward = { add_tech_bonus = { name = sof20_research_bonus bonus = 0.5 uses = 1 category = construction_tech } }
AMI,SOF20_AMI_eco9,地方生产研究,35,available = { is_subject = no has_capitulated = no  },completion_reward = { if = { limit = { num_research_slots < 5 NOT = { has_country_flag = sof20_AMI_research_slot } } add_research_slot = 1 set_country_flag = sof20_AMI_research_slot } else = { add_political_power = 50 } }
AMI,SOF20_AMI_eco10,交通军需转产,35,available = { is_subject = no has_capitulated = no  },completion_reward = { if = { limit = { any_owned_state = { is_fully_controlled_by = ROOT OR = { state = 67 state = 70 state = 73 state = 75 state = 76 state = 77 state = 83 state = 85 state = 89 state = 90 state = 97 state = 108 state = 114 } arms_factory < 20 } } random_owned_controlled_state = { limit = { is_fully_controlled_by = ROOT OR = { state = 67 state = 70 state = 73 state = 75 state = 76 state = 77 state = 83 state = 85 state = 89 state = 90 state = 97 state = 108 state = 114 } arms_factory < 20 } add_extra_state_shared_building_slots = 1 if = { limit = { free_building_slots = { building = arms_factory size > 0 include_locked = yes } } add_building_construction = { type = arms_factory level = 1 instant_build = yes } } else = { ROOT = { add_political_power = 35 } } } } else = { add_political_power = 35 } }
AMI,SOF20_AMI_eco11,皮卡第供给协约,35,available = { is_subject = no has_capitulated = no  },completion_reward = { sof20_AMI_industry_3_grant = yes }
AMI,SOF20_AMI_army0,亚眠地方守备,21,available = { is_subject = no has_capitulated = no  },completion_reward = { add_equipment_to_stockpile = { type = infantry_equipment_0 amount = 200 producer = ROOT } add_manpower = 1000 }
AMI,SOF20_AMI_army1,农村步兵训练,21,available = { is_subject = no has_capitulated = no  },completion_reward = { army_experience = 8 }
AMI,SOF20_AMI_army2,交通军官课程,21,available = { is_subject = no has_capitulated = no  },completion_reward = { sof20_AMI_army_1_grant = yes }
AMI,SOF20_AMI_army3,步枪保养标准,35,available = { is_subject = no has_capitulated = no  },completion_reward = { add_equipment_to_stockpile = { type = infantry_equipment_0 amount = 200 producer = ROOT } }
AMI,SOF20_AMI_army4,铁路工程连,35,available = { is_subject = no has_capitulated = no  },completion_reward = { add_doctrine_cost_reduction = { name = sof20_research_bonus cost_reduction = 0.25 uses = 1 category = land_doctrine } }
AMI,SOF20_AMI_army5,农产运输队,35,available = { is_subject = no has_capitulated = no  },completion_reward = { sof20_AMI_army_2_grant = yes }
AMI,SOF20_AMI_army6,北方工程兵,35,available = { is_subject = no has_capitulated = no  },completion_reward = { add_tech_bonus = { name = sof20_research_bonus bonus = 0.5 uses = 1 category = infantry_weapons } }
AMI,SOF20_AMI_army7,交通哨戒部队,35,available = { is_subject = no has_capitulated = no  },completion_reward = { add_equipment_to_stockpile = { type = support_equipment_1 amount = 50 producer = ROOT } }
AMI,SOF20_AMI_army8,平原战斗教范,35,available = { is_subject = no has_capitulated = no  },completion_reward = { sof20_learn_plain = yes custom_effect_tooltip = sof20_terrain_plain_tt }
AMI,SOF20_AMI_army9,皮卡第防卫军,35,available = { is_subject = no has_capitulated = no  },completion_reward = { sof20_AMI_army_3_grant = yes }
AMI,SOF20_AMI_dip0,地区合作信函,21,available = { is_subject = no has_capitulated = no  },completion_reward = { set_country_flag = sof20_AMI_diplomacy add_political_power = 25 }
AMI,SOF20_AMI_dip1,交通合作章程,21,available = { is_subject = no has_capitulated = no  },completion_reward = { set_country_flag = sof20_AMI_transport add_stability = 0.025 }
AMI,SOF20_AMI_dip2,伙伴往来协议,21,available = { is_subject = no has_capitulated = no  },completion_reward = { set_country_flag = sof20_AMI_integration_diplomacy add_political_power = 35 }
AMI,SOF20_AMI_dip3,地区防卫委任,21,available = { is_subject = no has_capitulated = no  },completion_reward = { set_country_flag = sofzh_unification_war_ready sofzh_unification_grant_border_goals = yes add_war_support = 0.025 }
AMI,SOF20_AMI_dip4,战地运输调度,21,available = { is_subject = no has_capitulated = no  },completion_reward = { add_equipment_to_stockpile = { type = train_equipment_1 amount = 15 producer = ROOT } add_equipment_to_stockpile = { type = motorized_equipment_1 amount = 30 producer = ROOT } }
AMI,SOF20_AMI_dip5,地区共同议会,21,available = { is_subject = no has_capitulated = no sof20_AMI_controlled = yes },completion_reward = { set_cosmetic_tag = PICARDIE set_country_flag = form_region_flag sof20_AMI_administration_2_grant = yes }
AMI,SOF20_AMI_nat0,全国协调会议,56,available = { is_subject = no has_capitulated = no num_of_controlled_states > 19 },completion_reward = { add_stability = 0.025 add_political_power = 50 }
AMI,SOF20_AMI_nat1,巴黎代表联络,35,available = { is_subject = no has_capitulated = no 143 = { is_controlled_by = ROOT } },completion_reward = { add_political_power = 50 }
AMI,SOF20_AMI_nat2,统一战争纲领,35,available = { is_subject = no has_capitulated = no  },completion_reward = { set_country_flag = sofzh_unification_war_ready sofzh_unification_grant_border_goals = yes }
AMI,SOF20_AMI_nat3,宣告法国统一,56,available = { is_subject = no has_capitulated = no sofzh_unification_all_france = yes has_war = no },completion_reward = { sofzh_unification_proclaim_france = yes }
AMI,SOF20_AMI_nat4,军工和平转产,35,available = { is_subject = no has_capitulated = no has_country_flag = sofzh_unification_complete },completion_reward = { add_stability = 0.04 add_political_power = 75 }
AMI,SOF20_AMI_nat5,全国公共重建,35,available = { is_subject = no has_capitulated = no has_country_flag = sofzh_unification_complete },completion_reward = { sof20_AMI_administration_3_grant = yes random_owned_controlled_state = { limit = { is_fully_controlled_by = ROOT OR = { state = 67 state = 70 state = 73 state = 75 state = 76 state = 77 state = 83 state = 85 state = 89 state = 90 state = 97 state = 108 state = 114 } industrial_complex < 20 } add_extra_state_shared_building_slots = 1 if = { limit = { free_building_slots = { building = industrial_complex size > 0 include_locked = yes } } add_building_construction = { type = industrial_complex level = 1 instant_build = yes } } else = { ROOT = { add_political_power = 35 } } } }
AMI,SOF20_AMI_nat6,地方整合授权,35,available = { is_subject = no has_capitulated = no has_country_flag = sofzh_unification_complete },completion_reward = { sofzh_unification_integrate_territories = yes }
AMI,SOF20_AMI_nat7,战后宪政定案,56,available = { is_subject = no has_capitulated = no has_country_flag = sofzh_unification_complete },completion_reward = { add_stability = 0.05 add_political_power = 100 }
CHL,SOF20_CHL_home0,地方共同会议,21,available = { is_subject = no has_capitulated = no  },completion_reward = { set_country_flag = sofzh_unification_started remove_ideas = sof20_CHL_fragmentation add_political_power = 35 country_event = { id = sof20_CHL.1 days = 1 } }
CHL,SOF20_CHL_home1,市镇登记章程,21,available = { is_subject = no has_capitulated = no  },completion_reward = { add_stability = 0.025 add_political_power = 30 sof20_CHL_administration_1_grant = yes }
CHL,SOF20_CHL_home2,省际行政网络,21,available = { is_subject = no has_capitulated = no num_of_controlled_states > 6 },completion_reward = { sof20_CHL_administration_1_grant = yes add_political_power = 30 }
CHL,SOF20_CHL_home3,大区共同服务,21,available = { is_subject = no has_capitulated = no num_of_controlled_states > 12 },completion_reward = { sof20_CHL_administration_2_grant = yes add_stability = 0.02 }
CHL,SOF20_CHL_home4,地方财政统筹,21,available = { is_subject = no has_capitulated = no num_of_controlled_states > 25 },completion_reward = { sof20_CHL_administration_2_grant = yes add_political_power = 40 }
CHL,SOF20_CHL_home5,国家公共机构,21,available = { is_subject = no has_capitulated = no num_of_controlled_states > 50 },completion_reward = { sof20_CHL_administration_3_grant = yes add_political_power = 50 }
CHL,SOF20_CHL_pol0_0,省议会,21,available = { is_subject = no has_capitulated = no  },completion_reward = { sof20_CHL_policy0_1_grant = yes set_country_flag = sof20_CHL_route0 country_event = { id = sof20_CHL.2 days = 1 } }
CHL,SOF20_CHL_pol0_1,省议会章程,21,available = { is_subject = no has_capitulated = no  },completion_reward = { sof20_CHL_policy0_1_grant = yes }
CHL,SOF20_CHL_pol0_2,省议会预算,35,available = { is_subject = no has_capitulated = no  },completion_reward = { sof20_CHL_policy0_2_grant = yes add_political_power = 35 }
CHL,SOF20_CHL_pol0_3,省议会契约,35,available = { is_subject = no has_capitulated = no  },completion_reward = { sof20_CHL_policy0_2_grant = yes }
CHL,SOF20_CHL_pol0_4,省议会承诺,35,available = { is_subject = no has_capitulated = no  },completion_reward = { sof20_CHL_policy0_3_grant = yes add_stability = 0.02 }
CHL,SOF20_CHL_pol0_5,省议会定案,35,available = { is_subject = no has_capitulated = no  },completion_reward = { sof20_CHL_policy0_3_grant = yes set_country_flag = sof20_CHL_constitution }
CHL,SOF20_CHL_pol1_0,生产合作,21,available = { is_subject = no has_capitulated = no  },completion_reward = { sof20_CHL_policy1_1_grant = yes set_country_flag = sof20_CHL_route1 country_event = { id = sof20_CHL.3 days = 1 } }
CHL,SOF20_CHL_pol1_1,生产合作章程,21,available = { is_subject = no has_capitulated = no  },completion_reward = { sof20_CHL_policy1_1_grant = yes }
CHL,SOF20_CHL_pol1_2,生产合作预算,35,available = { is_subject = no has_capitulated = no  },completion_reward = { sof20_CHL_policy1_2_grant = yes add_political_power = 35 }
CHL,SOF20_CHL_pol1_3,生产合作契约,35,available = { is_subject = no has_capitulated = no  },completion_reward = { sof20_CHL_policy1_2_grant = yes }
CHL,SOF20_CHL_pol1_4,生产合作承诺,35,available = { is_subject = no has_capitulated = no  },completion_reward = { sof20_CHL_policy1_3_grant = yes add_stability = 0.02 }
CHL,SOF20_CHL_pol1_5,生产合作定案,35,available = { is_subject = no has_capitulated = no  },completion_reward = { sof20_CHL_policy1_3_grant = yes set_country_flag = sof20_CHL_constitution }
CHL,SOF20_CHL_pol2_0,阿登军政,21,available = { is_subject = no has_capitulated = no  },completion_reward = { sof20_CHL_policy2_1_grant = yes set_country_flag = sof20_CHL_route2 country_event = { id = sof20_CHL.4 days = 1 } }
CHL,SOF20_CHL_pol2_1,阿登军政章程,21,available = { is_subject = no has_capitulated = no  },completion_reward = { sof20_CHL_policy2_1_grant = yes }
CHL,SOF20_CHL_pol2_2,阿登军政预算,35,available = { is_subject = no has_capitulated = no  },completion_reward = { sof20_CHL_policy2_2_grant = yes add_political_power = 35 }
CHL,SOF20_CHL_pol2_3,阿登军政契约,35,available = { is_subject = no has_capitulated = no  },completion_reward = { sof20_CHL_policy2_2_grant = yes }
CHL,SOF20_CHL_pol2_4,阿登军政承诺,35,available = { is_subject = no has_capitulated = no  },completion_reward = { sof20_CHL_policy2_3_grant = yes add_war_support = 0.025 }
CHL,SOF20_CHL_pol2_5,阿登军政定案,35,available = { is_subject = no has_capitulated = no  },completion_reward = { sof20_CHL_policy2_3_grant = yes set_country_flag = sof20_CHL_constitution }
CHL,SOF20_CHL_eco0,省际财政会议,21,available = { is_subject = no has_capitulated = no  },completion_reward = { add_political_power = 25 }
CHL,SOF20_CHL_eco1,农业收入登记,21,available = { is_subject = no has_capitulated = no  },completion_reward = { add_political_power = 25 }
CHL,SOF20_CHL_eco2,地方信用协约,21,available = { is_subject = no has_capitulated = no  },completion_reward = { add_political_power = 25 }
CHL,SOF20_CHL_eco3,食品加工工坊,21,available = { is_subject = no has_capitulated = no  },completion_reward = { if = { limit = { any_owned_state = { is_fully_controlled_by = ROOT OR = { state = 72 state = 81 state = 86 state = 93 state = 103 state = 110 state = 111 state = 120 state = 142 state = 163 state = 166 state = 169 state = 178 state = 190 state = 206 } industrial_complex < 20 } } random_owned_controlled_state = { limit = { is_fully_controlled_by = ROOT OR = { state = 72 state = 81 state = 86 state = 93 state = 103 state = 110 state = 111 state = 120 state = 142 state = 163 state = 166 state = 169 state = 178 state = 190 state = 206 } industrial_complex < 20 } add_extra_state_shared_building_slots = 1 if = { limit = { free_building_slots = { building = industrial_complex size > 0 include_locked = yes } } add_building_construction = { type = industrial_complex level = 1 instant_build = yes } } else = { ROOT = { add_political_power = 35 } } } } else = { add_political_power = 35 } }
CHL,SOF20_CHL_eco4,铁路维修计划,35,available = { is_subject = no has_capitulated = no  },completion_reward = { sof20_CHL_industry_1_grant = yes }
CHL,SOF20_CHL_eco5,东西联运协作,35,available = { is_subject = no has_capitulated = no  },completion_reward = { remove_ideas = sof20_CHL_bottleneck if = { limit = { any_owned_state = { is_fully_controlled_by = ROOT OR = { state = 72 state = 81 state = 86 state = 93 state = 103 state = 110 state = 111 state = 120 state = 142 state = 163 state = 166 state = 169 state = 178 state = 190 state = 206 } infrastructure < 5 } } random_owned_controlled_state = { limit = { is_fully_controlled_by = ROOT OR = { state = 72 state = 81 state = 86 state = 93 state = 103 state = 110 state = 111 state = 120 state = 142 state = 163 state = 166 state = 169 state = 178 state = 190 state = 206 } infrastructure < 5 } add_building_construction = { type = infrastructure level = 1 instant_build = yes } } } else = { add_political_power = 35 } }
CHL,SOF20_CHL_eco6,阿登军粮订单,35,available = { is_subject = no has_capitulated = no  },completion_reward = { if = { limit = { any_owned_state = { is_fully_controlled_by = ROOT OR = { state = 72 state = 81 state = 86 state = 93 state = 103 state = 110 state = 111 state = 120 state = 142 state = 163 state = 166 state = 169 state = 178 state = 190 state = 206 } arms_factory < 20 } } random_owned_controlled_state = { limit = { is_fully_controlled_by = ROOT OR = { state = 72 state = 81 state = 86 state = 93 state = 103 state = 110 state = 111 state = 120 state = 142 state = 163 state = 166 state = 169 state = 178 state = 190 state = 206 } arms_factory < 20 } add_extra_state_shared_building_slots = 1 if = { limit = { free_building_slots = { building = arms_factory size > 0 include_locked = yes } } add_building_construction = { type = arms_factory level = 1 instant_build = yes } } else = { ROOT = { add_political_power = 35 } } } } else = { add_political_power = 35 } }
CHL,SOF20_CHL_eco7,炮兵机具标准,35,available = { is_subject = no has_capitulated = no  },completion_reward = { sof20_CHL_industry_2_grant = yes set_country_flag = sof20_CHL_specialist_project }
CHL,SOF20_CHL_eco8,地方技术学校,35,available = { is_subject = no has_capitulated = no  },completion_reward = { add_tech_bonus = { name = sof20_research_bonus bonus = 0.5 uses = 1 category = construction_tech } }
CHL,SOF20_CHL_eco9,加工研究联合,35,available = { is_subject = no has_capitulated = no  },completion_reward = { if = { limit = { num_research_slots < 5 NOT = { has_country_flag = sof20_CHL_research_slot } } add_research_slot = 1 set_country_flag = sof20_CHL_research_slot } else = { add_political_power = 50 } }
CHL,SOF20_CHL_eco10,纵深军需转产,35,available = { is_subject = no has_capitulated = no  },completion_reward = { if = { limit = { any_owned_state = { is_fully_controlled_by = ROOT OR = { state = 72 state = 81 state = 86 state = 93 state = 103 state = 110 state = 111 state = 120 state = 142 state = 163 state = 166 state = 169 state = 178 state = 190 state = 206 } arms_factory < 20 } } random_owned_controlled_state = { limit = { is_fully_controlled_by = ROOT OR = { state = 72 state = 81 state = 86 state = 93 state = 103 state = 110 state = 111 state = 120 state = 142 state = 163 state = 166 state = 169 state = 178 state = 190 state = 206 } arms_factory < 20 } add_extra_state_shared_building_slots = 1 if = { limit = { free_building_slots = { building = arms_factory size > 0 include_locked = yes } } add_building_construction = { type = arms_factory level = 1 instant_build = yes } } else = { ROOT = { add_political_power = 35 } } } } else = { add_political_power = 35 } }
CHL,SOF20_CHL_eco11,香槟供给协约,35,available = { is_subject = no has_capitulated = no  },completion_reward = { sof20_CHL_industry_3_grant = yes }
CHL,SOF20_CHL_army0,沙隆地方守备,21,available = { is_subject = no has_capitulated = no  },completion_reward = { add_equipment_to_stockpile = { type = infantry_equipment_0 amount = 200 producer = ROOT } add_manpower = 1000 }
CHL,SOF20_CHL_army1,阿登步兵训练,21,available = { is_subject = no has_capitulated = no  },completion_reward = { army_experience = 8 }
CHL,SOF20_CHL_army2,纵深军官课程,21,available = { is_subject = no has_capitulated = no  },completion_reward = { sof20_CHL_army_1_grant = yes }
CHL,SOF20_CHL_army3,步枪保养标准,35,available = { is_subject = no has_capitulated = no  },completion_reward = { add_equipment_to_stockpile = { type = infantry_equipment_0 amount = 200 producer = ROOT } }
CHL,SOF20_CHL_army4,铁路工程队,35,available = { is_subject = no has_capitulated = no  },completion_reward = { add_doctrine_cost_reduction = { name = sof20_research_bonus cost_reduction = 0.25 uses = 1 category = land_doctrine } }
CHL,SOF20_CHL_army5,前线运输连,35,available = { is_subject = no has_capitulated = no  },completion_reward = { sof20_CHL_army_2_grant = yes }
CHL,SOF20_CHL_army6,观察炮兵编组,35,available = { is_subject = no has_capitulated = no  },completion_reward = { add_tech_bonus = { name = sof20_research_bonus bonus = 0.5 uses = 1 category = infantry_weapons } }
CHL,SOF20_CHL_army7,阿登侦察部队,35,available = { is_subject = no has_capitulated = no  },completion_reward = { add_equipment_to_stockpile = { type = support_equipment_1 amount = 50 producer = ROOT } }
CHL,SOF20_CHL_army8,林地战斗教范,35,available = { is_subject = no has_capitulated = no  },completion_reward = { sof20_learn_forest = yes custom_effect_tooltip = sof20_terrain_forest_tt }
CHL,SOF20_CHL_army9,阿登纵深防卫,35,available = { is_subject = no has_capitulated = no  },completion_reward = { sof20_CHL_army_3_grant = yes }
CHL,SOF20_CHL_dip0,地区合作信函,21,available = { is_subject = no has_capitulated = no  },completion_reward = { set_country_flag = sof20_CHL_diplomacy add_political_power = 25 }
CHL,SOF20_CHL_dip1,交通合作章程,21,available = { is_subject = no has_capitulated = no  },completion_reward = { set_country_flag = sof20_CHL_transport add_stability = 0.025 }
CHL,SOF20_CHL_dip2,伙伴往来协议,21,available = { is_subject = no has_capitulated = no  },completion_reward = { set_country_flag = sof20_CHL_integration_diplomacy add_political_power = 35 }
CHL,SOF20_CHL_dip3,地区防卫委任,21,available = { is_subject = no has_capitulated = no  },completion_reward = { set_country_flag = sofzh_unification_war_ready sofzh_unification_grant_border_goals = yes add_war_support = 0.025 }
CHL,SOF20_CHL_dip4,战地运输调度,21,available = { is_subject = no has_capitulated = no  },completion_reward = { add_equipment_to_stockpile = { type = train_equipment_1 amount = 15 producer = ROOT } add_equipment_to_stockpile = { type = motorized_equipment_1 amount = 30 producer = ROOT } }
CHL,SOF20_CHL_dip5,地区共同议会,21,available = { is_subject = no has_capitulated = no sof20_CHL_controlled = yes },completion_reward = { set_cosmetic_tag = CHAMPAGNE set_country_flag = form_region_flag sof20_CHL_administration_2_grant = yes }
CHL,SOF20_CHL_nat0,全国协调会议,56,available = { is_subject = no has_capitulated = no num_of_controlled_states > 19 },completion_reward = { add_stability = 0.025 add_political_power = 50 }
CHL,SOF20_CHL_nat1,巴黎代表联络,35,available = { is_subject = no has_capitulated = no 143 = { is_controlled_by = ROOT } },completion_reward = { add_political_power = 50 }
CHL,SOF20_CHL_nat2,统一战争纲领,35,available = { is_subject = no has_capitulated = no  },completion_reward = { set_country_flag = sofzh_unification_war_ready sofzh_unification_grant_border_goals = yes }
CHL,SOF20_CHL_nat3,宣告法国统一,56,available = { is_subject = no has_capitulated = no sofzh_unification_all_france = yes has_war = no },completion_reward = { sofzh_unification_proclaim_france = yes }
CHL,SOF20_CHL_nat4,军工和平转产,35,available = { is_subject = no has_capitulated = no has_country_flag = sofzh_unification_complete },completion_reward = { add_stability = 0.04 add_political_power = 75 }
CHL,SOF20_CHL_nat5,全国公共重建,35,available = { is_subject = no has_capitulated = no has_country_flag = sofzh_unification_complete },completion_reward = { sof20_CHL_administration_3_grant = yes random_owned_controlled_state = { limit = { is_fully_controlled_by = ROOT OR = { state = 72 state = 81 state = 86 state = 93 state = 103 state = 110 state = 111 state = 120 state = 142 state = 163 state = 166 state = 169 state = 178 state = 190 state = 206 } industrial_complex < 20 } add_extra_state_shared_building_slots = 1 if = { limit = { free_building_slots = { building = industrial_complex size > 0 include_locked = yes } } add_building_construction = { type = industrial_complex level = 1 instant_build = yes } } else = { ROOT = { add_political_power = 35 } } } }
CHL,SOF20_CHL_nat6,地方整合授权,35,available = { is_subject = no has_capitulated = no has_country_flag = sofzh_unification_complete },completion_reward = { sofzh_unification_integrate_territories = yes }
CHL,SOF20_CHL_nat7,战后宪政定案,56,available = { is_subject = no has_capitulated = no has_country_flag = sofzh_unification_complete },completion_reward = { add_stability = 0.05 add_political_power = 100 }
MOP,SOF20_MOP_home0,地方共同会议,21,available = { is_subject = no has_capitulated = no  },completion_reward = { set_country_flag = sofzh_unification_started remove_ideas = sof20_MOP_fragmentation add_political_power = 35 country_event = { id = sof20_MOP.1 days = 1 } }
MOP,SOF20_MOP_home1,市镇登记章程,21,available = { is_subject = no has_capitulated = no  },completion_reward = { add_stability = 0.025 add_political_power = 30 sof20_MOP_administration_1_grant = yes }
MOP,SOF20_MOP_home2,省际行政网络,21,available = { is_subject = no has_capitulated = no num_of_controlled_states > 6 },completion_reward = { sof20_MOP_administration_1_grant = yes add_political_power = 30 }
MOP,SOF20_MOP_home3,大区共同服务,21,available = { is_subject = no has_capitulated = no num_of_controlled_states > 12 },completion_reward = { sof20_MOP_administration_2_grant = yes add_stability = 0.02 }
MOP,SOF20_MOP_home4,地方财政统筹,21,available = { is_subject = no has_capitulated = no num_of_controlled_states > 25 },completion_reward = { sof20_MOP_administration_2_grant = yes add_political_power = 40 }
MOP,SOF20_MOP_home5,国家公共机构,21,available = { is_subject = no has_capitulated = no num_of_controlled_states > 50 },completion_reward = { sof20_MOP_administration_3_grant = yes add_political_power = 50 }
MOP,SOF20_MOP_pol0_0,大学共和,21,available = { is_subject = no has_capitulated = no  },completion_reward = { sof20_MOP_policy0_1_grant = yes set_country_flag = sof20_MOP_route0 country_event = { id = sof20_MOP.2 days = 1 } }
MOP,SOF20_MOP_pol0_1,大学共和章程,21,available = { is_subject = no has_capitulated = no  },completion_reward = { sof20_MOP_policy0_1_grant = yes }
MOP,SOF20_MOP_pol0_2,大学共和预算,35,available = { is_subject = no has_capitulated = no  },completion_reward = { sof20_MOP_policy0_2_grant = yes add_political_power = 35 }
MOP,SOF20_MOP_pol0_3,大学共和契约,35,available = { is_subject = no has_capitulated = no  },completion_reward = { sof20_MOP_policy0_2_grant = yes }
MOP,SOF20_MOP_pol0_4,大学共和承诺,35,available = { is_subject = no has_capitulated = no  },completion_reward = { sof20_MOP_policy0_3_grant = yes add_stability = 0.02 }
MOP,SOF20_MOP_pol0_5,大学共和定案,35,available = { is_subject = no has_capitulated = no  },completion_reward = { sof20_MOP_policy0_3_grant = yes set_country_flag = sof20_MOP_constitution }
MOP,SOF20_MOP_pol1_0,葡萄农合作,21,available = { is_subject = no has_capitulated = no  },completion_reward = { sof20_MOP_policy1_1_grant = yes set_country_flag = sof20_MOP_route1 country_event = { id = sof20_MOP.3 days = 1 } }
MOP,SOF20_MOP_pol1_1,葡萄农合章程,21,available = { is_subject = no has_capitulated = no  },completion_reward = { sof20_MOP_policy1_1_grant = yes }
MOP,SOF20_MOP_pol1_2,葡萄农合预算,35,available = { is_subject = no has_capitulated = no  },completion_reward = { sof20_MOP_policy1_2_grant = yes add_political_power = 35 }
MOP,SOF20_MOP_pol1_3,葡萄农合契约,35,available = { is_subject = no has_capitulated = no  },completion_reward = { sof20_MOP_policy1_2_grant = yes }
MOP,SOF20_MOP_pol1_4,葡萄农合承诺,35,available = { is_subject = no has_capitulated = no  },completion_reward = { sof20_MOP_policy1_3_grant = yes add_stability = 0.02 }
MOP,SOF20_MOP_pol1_5,葡萄农合定案,35,available = { is_subject = no has_capitulated = no  },completion_reward = { sof20_MOP_policy1_3_grant = yes set_country_flag = sof20_MOP_constitution }
MOP,SOF20_MOP_pol2_0,南岸防卫,21,available = { is_subject = no has_capitulated = no  },completion_reward = { sof20_MOP_policy2_1_grant = yes set_country_flag = sof20_MOP_route2 country_event = { id = sof20_MOP.4 days = 1 } }
MOP,SOF20_MOP_pol2_1,南岸防卫章程,21,available = { is_subject = no has_capitulated = no  },completion_reward = { sof20_MOP_policy2_1_grant = yes }
MOP,SOF20_MOP_pol2_2,南岸防卫预算,35,available = { is_subject = no has_capitulated = no  },completion_reward = { sof20_MOP_policy2_2_grant = yes add_political_power = 35 }
MOP,SOF20_MOP_pol2_3,南岸防卫契约,35,available = { is_subject = no has_capitulated = no  },completion_reward = { sof20_MOP_policy2_2_grant = yes }
MOP,SOF20_MOP_pol2_4,南岸防卫承诺,35,available = { is_subject = no has_capitulated = no  },completion_reward = { sof20_MOP_policy2_3_grant = yes add_war_support = 0.025 }
MOP,SOF20_MOP_pol2_5,南岸防卫定案,35,available = { is_subject = no has_capitulated = no  },completion_reward = { sof20_MOP_policy2_3_grant = yes set_country_flag = sof20_MOP_constitution }
MOP,SOF20_MOP_eco0,大学市镇会议,21,available = { is_subject = no has_capitulated = no  },completion_reward = { add_political_power = 25 }
MOP,SOF20_MOP_eco1,合作农业登记,21,available = { is_subject = no has_capitulated = no  },completion_reward = { add_political_power = 25 }
MOP,SOF20_MOP_eco2,地方信用协约,21,available = { is_subject = no has_capitulated = no  },completion_reward = { add_political_power = 25 }
MOP,SOF20_MOP_eco3,食品加工工坊,21,available = { is_subject = no has_capitulated = no  },completion_reward = { if = { limit = { any_owned_state = { is_fully_controlled_by = ROOT OR = { state = 392 state = 414 state = 415 state = 423 state = 431 state = 437 state = 441 state = 449 state = 462 state = 468 state = 476 state = 487 state = 490 state = 497 } industrial_complex < 20 } } random_owned_controlled_state = { limit = { is_fully_controlled_by = ROOT OR = { state = 392 state = 414 state = 415 state = 423 state = 431 state = 437 state = 441 state = 449 state = 462 state = 468 state = 476 state = 487 state = 490 state = 497 } industrial_complex < 20 } add_extra_state_shared_building_slots = 1 if = { limit = { free_building_slots = { building = industrial_complex size > 0 include_locked = yes } } add_building_construction = { type = industrial_complex level = 1 instant_build = yes } } else = { ROOT = { add_political_power = 35 } } } } else = { add_political_power = 35 } }
MOP,SOF20_MOP_eco4,沿岸道路施工,35,available = { is_subject = no has_capitulated = no  },completion_reward = { sof20_MOP_industry_1_grant = yes }
MOP,SOF20_MOP_eco5,市镇交通协作,35,available = { is_subject = no has_capitulated = no  },completion_reward = { remove_ideas = sof20_MOP_bottleneck if = { limit = { any_owned_state = { is_fully_controlled_by = ROOT OR = { state = 392 state = 414 state = 415 state = 423 state = 431 state = 437 state = 441 state = 449 state = 462 state = 468 state = 476 state = 487 state = 490 state = 497 } infrastructure < 5 } } random_owned_controlled_state = { limit = { is_fully_controlled_by = ROOT OR = { state = 392 state = 414 state = 415 state = 423 state = 431 state = 437 state = 441 state = 449 state = 462 state = 468 state = 476 state = 487 state = 490 state = 497 } infrastructure < 5 } add_building_construction = { type = infrastructure level = 1 instant_build = yes } } } else = { add_political_power = 35 } }
MOP,SOF20_MOP_eco6,南岸供应订单,35,available = { is_subject = no has_capitulated = no  },completion_reward = { if = { limit = { any_owned_state = { is_fully_controlled_by = ROOT OR = { state = 392 state = 414 state = 415 state = 423 state = 431 state = 437 state = 441 state = 449 state = 462 state = 468 state = 476 state = 487 state = 490 state = 497 } arms_factory < 20 } } random_owned_controlled_state = { limit = { is_fully_controlled_by = ROOT OR = { state = 392 state = 414 state = 415 state = 423 state = 431 state = 437 state = 441 state = 449 state = 462 state = 468 state = 476 state = 487 state = 490 state = 497 } arms_factory < 20 } add_extra_state_shared_building_slots = 1 if = { limit = { free_building_slots = { building = arms_factory size > 0 include_locked = yes } } add_building_construction = { type = arms_factory level = 1 instant_build = yes } } else = { ROOT = { add_political_power = 35 } } } } else = { add_political_power = 35 } }
MOP,SOF20_MOP_eco7,地方机具标准,35,available = { is_subject = no has_capitulated = no  },completion_reward = { sof20_MOP_industry_2_grant = yes }
MOP,SOF20_MOP_eco8,大学技术课程,35,available = { is_subject = no has_capitulated = no  },completion_reward = { add_tech_bonus = { name = sof20_research_bonus bonus = 0.5 uses = 1 category = construction_tech } }
MOP,SOF20_MOP_eco9,农工研究联合,35,available = { is_subject = no has_capitulated = no  },completion_reward = { if = { limit = { num_research_slots < 5 NOT = { has_country_flag = sof20_MOP_research_slot } } add_research_slot = 1 set_country_flag = sof20_MOP_research_slot } else = { add_political_power = 50 } }
MOP,SOF20_MOP_eco10,海岸军需转产,35,available = { is_subject = no has_capitulated = no  },completion_reward = { if = { limit = { any_owned_state = { is_fully_controlled_by = ROOT OR = { state = 392 state = 414 state = 415 state = 423 state = 431 state = 437 state = 441 state = 449 state = 462 state = 468 state = 476 state = 487 state = 490 state = 497 } arms_factory < 20 } } random_owned_controlled_state = { limit = { is_fully_controlled_by = ROOT OR = { state = 392 state = 414 state = 415 state = 423 state = 431 state = 437 state = 441 state = 449 state = 462 state = 468 state = 476 state = 487 state = 490 state = 497 } arms_factory < 20 } add_extra_state_shared_building_slots = 1 if = { limit = { free_building_slots = { building = arms_factory size > 0 include_locked = yes } } add_building_construction = { type = arms_factory level = 1 instant_build = yes } } else = { ROOT = { add_political_power = 35 } } } } else = { add_political_power = 35 } }
MOP,SOF20_MOP_eco11,南岸产业协约,35,available = { is_subject = no has_capitulated = no  },completion_reward = { sof20_MOP_industry_3_grant = yes }
MOP,SOF20_MOP_army0,蒙彼利埃守备,21,available = { is_subject = no has_capitulated = no  },completion_reward = { add_equipment_to_stockpile = { type = infantry_equipment_0 amount = 200 producer = ROOT } add_manpower = 1000 }
MOP,SOF20_MOP_army1,市镇步兵训练,21,available = { is_subject = no has_capitulated = no  },completion_reward = { army_experience = 8 }
MOP,SOF20_MOP_army2,大学军官课程,21,available = { is_subject = no has_capitulated = no  },completion_reward = { sof20_MOP_army_1_grant = yes }
MOP,SOF20_MOP_army3,步枪维护标准,35,available = { is_subject = no has_capitulated = no  },completion_reward = { add_equipment_to_stockpile = { type = infantry_equipment_0 amount = 200 producer = ROOT } }
MOP,SOF20_MOP_army4,南岸工程队,35,available = { is_subject = no has_capitulated = no  },completion_reward = { add_doctrine_cost_reduction = { name = sof20_research_bonus cost_reduction = 0.25 uses = 1 category = land_doctrine } }
MOP,SOF20_MOP_army5,沿岸运输连,35,available = { is_subject = no has_capitulated = no  },completion_reward = { sof20_MOP_army_2_grant = yes }
MOP,SOF20_MOP_army6,山地侦察编组,35,available = { is_subject = no has_capitulated = no  },completion_reward = { add_tech_bonus = { name = sof20_research_bonus bonus = 0.5 uses = 1 category = infantry_weapons } }
MOP,SOF20_MOP_army7,海岸守备部队,35,available = { is_subject = no has_capitulated = no  },completion_reward = { add_equipment_to_stockpile = { type = support_equipment_1 amount = 50 producer = ROOT } }
MOP,SOF20_MOP_army8,南岸战斗教范,35,available = { is_subject = no has_capitulated = no  },completion_reward = { sof20_learn_mountain = yes custom_effect_tooltip = sof20_terrain_mountain_tt }
MOP,SOF20_MOP_army9,南方联防军,35,available = { is_subject = no has_capitulated = no  },completion_reward = { sof20_MOP_army_3_grant = yes }
MOP,SOF20_MOP_dip0,地区合作信函,21,available = { is_subject = no has_capitulated = no  },completion_reward = { set_country_flag = sof20_MOP_diplomacy add_political_power = 25 }
MOP,SOF20_MOP_dip1,交通合作章程,21,available = { is_subject = no has_capitulated = no  },completion_reward = { set_country_flag = sof20_MOP_transport add_stability = 0.025 }
MOP,SOF20_MOP_dip2,伙伴往来协议,21,available = { is_subject = no has_capitulated = no  },completion_reward = { set_country_flag = sof20_MOP_integration_diplomacy add_political_power = 35 }
MOP,SOF20_MOP_dip3,地区防卫委任,21,available = { is_subject = no has_capitulated = no  },completion_reward = { set_country_flag = sofzh_unification_war_ready sofzh_unification_grant_border_goals = yes add_war_support = 0.025 }
MOP,SOF20_MOP_dip4,战地运输调度,21,available = { is_subject = no has_capitulated = no  },completion_reward = { add_equipment_to_stockpile = { type = train_equipment_1 amount = 15 producer = ROOT } add_equipment_to_stockpile = { type = motorized_equipment_1 amount = 30 producer = ROOT } }
MOP,SOF20_MOP_dip5,地区共同议会,21,available = { is_subject = no has_capitulated = no sof20_MOP_controlled = yes },completion_reward = { set_cosmetic_tag = LANGUEDOC set_country_flag = form_region_flag sof20_MOP_administration_2_grant = yes }
MOP,SOF20_MOP_nat0,全国协调会议,56,available = { is_subject = no has_capitulated = no num_of_controlled_states > 19 },completion_reward = { add_stability = 0.025 add_political_power = 50 }
MOP,SOF20_MOP_nat1,巴黎代表联络,35,available = { is_subject = no has_capitulated = no 143 = { is_controlled_by = ROOT } },completion_reward = { add_political_power = 50 }
MOP,SOF20_MOP_nat2,统一战争纲领,35,available = { is_subject = no has_capitulated = no  },completion_reward = { set_country_flag = sofzh_unification_war_ready sofzh_unification_grant_border_goals = yes }
MOP,SOF20_MOP_nat3,宣告法国统一,56,available = { is_subject = no has_capitulated = no sofzh_unification_all_france = yes has_war = no },completion_reward = { sofzh_unification_proclaim_france = yes }
MOP,SOF20_MOP_nat4,军工和平转产,35,available = { is_subject = no has_capitulated = no has_country_flag = sofzh_unification_complete },completion_reward = { add_stability = 0.04 add_political_power = 75 }
MOP,SOF20_MOP_nat5,全国公共重建,35,available = { is_subject = no has_capitulated = no has_country_flag = sofzh_unification_complete },completion_reward = { sof20_MOP_administration_3_grant = yes random_owned_controlled_state = { limit = { is_fully_controlled_by = ROOT OR = { state = 392 state = 414 state = 415 state = 423 state = 431 state = 437 state = 441 state = 449 state = 462 state = 468 state = 476 state = 487 state = 490 state = 497 } industrial_complex < 20 } add_extra_state_shared_building_slots = 1 if = { limit = { free_building_slots = { building = industrial_complex size > 0 include_locked = yes } } add_building_construction = { type = industrial_complex level = 1 instant_build = yes } } else = { ROOT = { add_political_power = 35 } } } }
MOP,SOF20_MOP_nat6,地方整合授权,35,available = { is_subject = no has_capitulated = no has_country_flag = sofzh_unification_complete },completion_reward = { sofzh_unification_integrate_territories = yes }
MOP,SOF20_MOP_nat7,战后宪政定案,56,available = { is_subject = no has_capitulated = no has_country_flag = sofzh_unification_complete },completion_reward = { add_stability = 0.05 add_political_power = 100 }
MOP,SOF20_MOP_extra0,蒙彼利预算协定,21,available = { is_subject = no has_capitulated = no  },completion_reward = { add_political_power = 35 set_country_flag = sof20_MOP_specialist_project }
MOP,SOF20_MOP_extra1,朗格多订单协调,21,available = { is_subject = no has_capitulated = no  },completion_reward = { add_tech_bonus = { name = sof20_research_bonus bonus = 0.35 uses = 1 category = construction_tech } }
MOP,SOF20_MOP_extra2,公共投资议案,21,available = { is_subject = no has_capitulated = no  },completion_reward = { add_stability = 0.02 }
MOP,SOF20_MOP_extra3,本地机具整备,21,available = { is_subject = no has_capitulated = no  },completion_reward = { add_equipment_to_stockpile = { type = support_equipment_1 amount = 40 producer = ROOT } }
POI,SOF20_POI_home0,地方共同会议,21,available = { is_subject = no has_capitulated = no  },completion_reward = { set_country_flag = sofzh_unification_started remove_ideas = sof20_POI_fragmentation add_political_power = 35 country_event = { id = sof20_POI.1 days = 1 } }
POI,SOF20_POI_home1,市镇登记章程,21,available = { is_subject = no has_capitulated = no  },completion_reward = { add_stability = 0.025 add_political_power = 30 sof20_POI_administration_1_grant = yes }
POI,SOF20_POI_home2,省际行政网络,21,available = { is_subject = no has_capitulated = no num_of_controlled_states > 6 },completion_reward = { sof20_POI_administration_1_grant = yes add_political_power = 30 }
POI,SOF20_POI_home3,大区共同服务,21,available = { is_subject = no has_capitulated = no num_of_controlled_states > 12 },completion_reward = { sof20_POI_administration_2_grant = yes add_stability = 0.02 }
POI,SOF20_POI_home4,地方财政统筹,21,available = { is_subject = no has_capitulated = no num_of_controlled_states > 25 },completion_reward = { sof20_POI_administration_2_grant = yes add_political_power = 40 }
POI,SOF20_POI_home5,国家公共机构,21,available = { is_subject = no has_capitulated = no num_of_controlled_states > 50 },completion_reward = { sof20_POI_administration_3_grant = yes add_political_power = 50 }
POI,SOF20_POI_pol0_0,农业议会,21,available = { is_subject = no has_capitulated = no  },completion_reward = { sof20_POI_policy0_1_grant = yes set_country_flag = sof20_POI_route0 country_event = { id = sof20_POI.2 days = 1 } }
POI,SOF20_POI_pol0_1,农业议会章程,21,available = { is_subject = no has_capitulated = no  },completion_reward = { sof20_POI_policy0_1_grant = yes }
POI,SOF20_POI_pol0_2,农业议会预算,35,available = { is_subject = no has_capitulated = no  },completion_reward = { sof20_POI_policy0_2_grant = yes add_political_power = 35 }
POI,SOF20_POI_pol0_3,农业议会契约,35,available = { is_subject = no has_capitulated = no  },completion_reward = { sof20_POI_policy0_2_grant = yes }
POI,SOF20_POI_pol0_4,农业议会承诺,35,available = { is_subject = no has_capitulated = no  },completion_reward = { sof20_POI_policy0_3_grant = yes add_stability = 0.02 }
POI,SOF20_POI_pol0_5,农业议会定案,35,available = { is_subject = no has_capitulated = no  },completion_reward = { sof20_POI_policy0_3_grant = yes set_country_flag = sof20_POI_constitution }
POI,SOF20_POI_pol1_0,市镇联邦,21,available = { is_subject = no has_capitulated = no  },completion_reward = { sof20_POI_policy1_1_grant = yes set_country_flag = sof20_POI_route1 country_event = { id = sof20_POI.3 days = 1 } }
POI,SOF20_POI_pol1_1,市镇联邦章程,21,available = { is_subject = no has_capitulated = no  },completion_reward = { sof20_POI_policy1_1_grant = yes }
POI,SOF20_POI_pol1_2,市镇联邦预算,35,available = { is_subject = no has_capitulated = no  },completion_reward = { sof20_POI_policy1_2_grant = yes add_political_power = 35 }
POI,SOF20_POI_pol1_3,市镇联邦契约,35,available = { is_subject = no has_capitulated = no  },completion_reward = { sof20_POI_policy1_2_grant = yes }
POI,SOF20_POI_pol1_4,市镇联邦承诺,35,available = { is_subject = no has_capitulated = no  },completion_reward = { sof20_POI_policy1_3_grant = yes add_stability = 0.02 }
POI,SOF20_POI_pol1_5,市镇联邦定案,35,available = { is_subject = no has_capitulated = no  },completion_reward = { sof20_POI_policy1_3_grant = yes set_country_flag = sof20_POI_constitution }
POI,SOF20_POI_pol2_0,交通统筹,21,available = { is_subject = no has_capitulated = no  },completion_reward = { sof20_POI_policy2_1_grant = yes set_country_flag = sof20_POI_route2 country_event = { id = sof20_POI.4 days = 1 } }
POI,SOF20_POI_pol2_1,交通统筹章程,21,available = { is_subject = no has_capitulated = no  },completion_reward = { sof20_POI_policy2_1_grant = yes }
POI,SOF20_POI_pol2_2,交通统筹预算,35,available = { is_subject = no has_capitulated = no  },completion_reward = { sof20_POI_policy2_2_grant = yes add_political_power = 35 }
POI,SOF20_POI_pol2_3,交通统筹契约,35,available = { is_subject = no has_capitulated = no  },completion_reward = { sof20_POI_policy2_2_grant = yes }
POI,SOF20_POI_pol2_4,交通统筹承诺,35,available = { is_subject = no has_capitulated = no  },completion_reward = { sof20_POI_policy2_3_grant = yes add_war_support = 0.025 }
POI,SOF20_POI_pol2_5,交通统筹定案,35,available = { is_subject = no has_capitulated = no  },completion_reward = { sof20_POI_policy2_3_grant = yes set_country_flag = sof20_POI_constitution }
POI,SOF20_POI_eco0,农产供应会议,21,available = { is_subject = no has_capitulated = no  },completion_reward = { add_political_power = 25 }
POI,SOF20_POI_eco1,地方财政登记,21,available = { is_subject = no has_capitulated = no  },completion_reward = { add_political_power = 25 }
POI,SOF20_POI_eco2,市镇信用协约,21,available = { is_subject = no has_capitulated = no  },completion_reward = { add_political_power = 25 }
POI,SOF20_POI_eco3,食品加工工坊,21,available = { is_subject = no has_capitulated = no  },completion_reward = { if = { limit = { any_owned_state = { is_fully_controlled_by = ROOT OR = { state = 263 state = 267 state = 284 state = 288 state = 294 state = 299 state = 310 state = 317 state = 321 state = 322 state = 324 state = 325 state = 331 state = 338 state = 340 state = 343 state = 348 state = 358 } industrial_complex < 20 } } random_owned_controlled_state = { limit = { is_fully_controlled_by = ROOT OR = { state = 263 state = 267 state = 284 state = 288 state = 294 state = 299 state = 310 state = 317 state = 321 state = 322 state = 324 state = 325 state = 331 state = 338 state = 340 state = 343 state = 348 state = 358 } industrial_complex < 20 } add_extra_state_shared_building_slots = 1 if = { limit = { free_building_slots = { building = industrial_complex size > 0 include_locked = yes } } add_building_construction = { type = industrial_complex level = 1 instant_build = yes } } else = { ROOT = { add_political_power = 35 } } } } else = { add_political_power = 35 } }
POI,SOF20_POI_eco4,轻工业整备,35,available = { is_subject = no has_capitulated = no  },completion_reward = { sof20_POI_industry_1_grant = yes }
POI,SOF20_POI_eco5,夏朗德交通协作,35,available = { is_subject = no has_capitulated = no  },completion_reward = { remove_ideas = sof20_POI_bottleneck if = { limit = { any_owned_state = { is_fully_controlled_by = ROOT OR = { state = 263 state = 267 state = 284 state = 288 state = 294 state = 299 state = 310 state = 317 state = 321 state = 322 state = 324 state = 325 state = 331 state = 338 state = 340 state = 343 state = 348 state = 358 } infrastructure < 5 } } random_owned_controlled_state = { limit = { is_fully_controlled_by = ROOT OR = { state = 263 state = 267 state = 284 state = 288 state = 294 state = 299 state = 310 state = 317 state = 321 state = 322 state = 324 state = 325 state = 331 state = 338 state = 340 state = 343 state = 348 state = 358 } infrastructure < 5 } add_building_construction = { type = infrastructure level = 1 instant_build = yes } } } else = { add_political_power = 35 } }
POI,SOF20_POI_eco6,拉罗谢尔联营,35,available = { is_subject = no has_capitulated = no  },completion_reward = { if = { limit = { any_owned_state = { is_fully_controlled_by = ROOT OR = { state = 263 state = 267 state = 284 state = 288 state = 294 state = 299 state = 310 state = 317 state = 321 state = 322 state = 324 state = 325 state = 331 state = 338 state = 340 state = 343 state = 348 state = 358 } arms_factory < 20 } } random_owned_controlled_state = { limit = { is_fully_controlled_by = ROOT OR = { state = 263 state = 267 state = 284 state = 288 state = 294 state = 299 state = 310 state = 317 state = 321 state = 322 state = 324 state = 325 state = 331 state = 338 state = 340 state = 343 state = 348 state = 358 } arms_factory < 20 } add_extra_state_shared_building_slots = 1 if = { limit = { free_building_slots = { building = arms_factory size > 0 include_locked = yes } } add_building_construction = { type = arms_factory level = 1 instant_build = yes } } else = { ROOT = { add_political_power = 35 } } } } else = { add_political_power = 35 } }
POI,SOF20_POI_eco7,轻工军需标准,35,available = { is_subject = no has_capitulated = no  },completion_reward = { sof20_POI_industry_2_grant = yes }
POI,SOF20_POI_eco8,农业技术学校,35,available = { is_subject = no has_capitulated = no  },completion_reward = { add_tech_bonus = { name = sof20_research_bonus bonus = 0.5 uses = 1 category = construction_tech } }
POI,SOF20_POI_eco9,轻工研究联合,35,available = { is_subject = no has_capitulated = no  },completion_reward = { if = { limit = { num_research_slots < 5 NOT = { has_country_flag = sof20_POI_research_slot } } add_research_slot = 1 set_country_flag = sof20_POI_research_slot } else = { add_political_power = 50 } }
POI,SOF20_POI_eco10,沿海军需转产,35,available = { is_subject = no has_capitulated = no  },completion_reward = { if = { limit = { any_owned_state = { is_fully_controlled_by = ROOT OR = { state = 263 state = 267 state = 284 state = 288 state = 294 state = 299 state = 310 state = 317 state = 321 state = 322 state = 324 state = 325 state = 331 state = 338 state = 340 state = 343 state = 348 state = 358 } arms_factory < 20 } } random_owned_controlled_state = { limit = { is_fully_controlled_by = ROOT OR = { state = 263 state = 267 state = 284 state = 288 state = 294 state = 299 state = 310 state = 317 state = 321 state = 322 state = 324 state = 325 state = 331 state = 338 state = 340 state = 343 state = 348 state = 358 } arms_factory < 20 } add_extra_state_shared_building_slots = 1 if = { limit = { free_building_slots = { building = arms_factory size > 0 include_locked = yes } } add_building_construction = { type = arms_factory level = 1 instant_build = yes } } else = { ROOT = { add_political_power = 35 } } } } else = { add_political_power = 35 } }
POI,SOF20_POI_eco11,大西洋供应协约,35,available = { is_subject = no has_capitulated = no  },completion_reward = { sof20_POI_industry_3_grant = yes }
POI,SOF20_POI_army0,普瓦捷地方守备,21,available = { is_subject = no has_capitulated = no  },completion_reward = { add_equipment_to_stockpile = { type = infantry_equipment_0 amount = 200 producer = ROOT } add_manpower = 1000 }
POI,SOF20_POI_army1,农业步兵训练,21,available = { is_subject = no has_capitulated = no  },completion_reward = { army_experience = 8 }
POI,SOF20_POI_army2,交通军官课程,21,available = { is_subject = no has_capitulated = no  },completion_reward = { sof20_POI_army_1_grant = yes }
POI,SOF20_POI_army3,守备装备标准,35,available = { is_subject = no has_capitulated = no  },completion_reward = { add_equipment_to_stockpile = { type = infantry_equipment_0 amount = 200 producer = ROOT } }
POI,SOF20_POI_army4,道路工程连,35,available = { is_subject = no has_capitulated = no  },completion_reward = { add_doctrine_cost_reduction = { name = sof20_research_bonus cost_reduction = 0.25 uses = 1 category = land_doctrine } }
POI,SOF20_POI_army5,夏朗德运输队,35,available = { is_subject = no has_capitulated = no  },completion_reward = { sof20_POI_army_2_grant = yes }
POI,SOF20_POI_army6,港口联络编组,35,available = { is_subject = no has_capitulated = no  },completion_reward = { add_tech_bonus = { name = sof20_research_bonus bonus = 0.5 uses = 1 category = infantry_weapons } }
POI,SOF20_POI_army7,海岸守备部队,35,available = { is_subject = no has_capitulated = no  },completion_reward = { add_equipment_to_stockpile = { type = support_equipment_1 amount = 50 producer = ROOT } }
POI,SOF20_POI_army8,平原战斗教范,35,available = { is_subject = no has_capitulated = no  },completion_reward = { sof20_learn_plain = yes custom_effect_tooltip = sof20_terrain_plain_tt }
POI,SOF20_POI_army9,西部交通防卫,35,available = { is_subject = no has_capitulated = no  },completion_reward = { sof20_POI_army_3_grant = yes }
POI,SOF20_POI_dip0,地区合作信函,21,available = { is_subject = no has_capitulated = no  },completion_reward = { set_country_flag = sof20_POI_diplomacy add_political_power = 25 }
POI,SOF20_POI_dip1,交通合作章程,21,available = { is_subject = no has_capitulated = no  },completion_reward = { set_country_flag = sof20_POI_transport add_stability = 0.025 }
POI,SOF20_POI_dip2,伙伴往来协议,21,available = { is_subject = no has_capitulated = no  },completion_reward = { set_country_flag = sof20_POI_integration_diplomacy add_political_power = 35 }
POI,SOF20_POI_dip3,地区防卫委任,21,available = { is_subject = no has_capitulated = no  },completion_reward = { set_country_flag = sofzh_unification_war_ready sofzh_unification_grant_border_goals = yes add_war_support = 0.025 }
POI,SOF20_POI_dip4,战地运输调度,21,available = { is_subject = no has_capitulated = no  },completion_reward = { add_equipment_to_stockpile = { type = train_equipment_1 amount = 15 producer = ROOT } add_equipment_to_stockpile = { type = motorized_equipment_1 amount = 30 producer = ROOT } }
POI,SOF20_POI_dip5,地区共同议会,21,available = { is_subject = no has_capitulated = no sof20_POI_controlled = yes },completion_reward = { set_cosmetic_tag = POITOU set_country_flag = form_region_flag sof20_POI_administration_2_grant = yes }
POI,SOF20_POI_nat0,全国协调会议,56,available = { is_subject = no has_capitulated = no num_of_controlled_states > 19 },completion_reward = { add_stability = 0.025 add_political_power = 50 }
POI,SOF20_POI_nat1,巴黎代表联络,35,available = { is_subject = no has_capitulated = no 143 = { is_controlled_by = ROOT } },completion_reward = { add_political_power = 50 }
POI,SOF20_POI_nat2,统一战争纲领,35,available = { is_subject = no has_capitulated = no  },completion_reward = { set_country_flag = sofzh_unification_war_ready sofzh_unification_grant_border_goals = yes }
POI,SOF20_POI_nat3,宣告法国统一,56,available = { is_subject = no has_capitulated = no sofzh_unification_all_france = yes has_war = no },completion_reward = { sofzh_unification_proclaim_france = yes }
POI,SOF20_POI_nat4,军工和平转产,35,available = { is_subject = no has_capitulated = no has_country_flag = sofzh_unification_complete },completion_reward = { add_stability = 0.04 add_political_power = 75 }
POI,SOF20_POI_nat5,全国公共重建,35,available = { is_subject = no has_capitulated = no has_country_flag = sofzh_unification_complete },completion_reward = { sof20_POI_administration_3_grant = yes random_owned_controlled_state = { limit = { is_fully_controlled_by = ROOT OR = { state = 263 state = 267 state = 284 state = 288 state = 294 state = 299 state = 310 state = 317 state = 321 state = 322 state = 324 state = 325 state = 331 state = 338 state = 340 state = 343 state = 348 state = 358 } industrial_complex < 20 } add_extra_state_shared_building_slots = 1 if = { limit = { free_building_slots = { building = industrial_complex size > 0 include_locked = yes } } add_building_construction = { type = industrial_complex level = 1 instant_build = yes } } else = { ROOT = { add_political_power = 35 } } } }
POI,SOF20_POI_nat6,地方整合授权,35,available = { is_subject = no has_capitulated = no has_country_flag = sofzh_unification_complete },completion_reward = { sofzh_unification_integrate_territories = yes }
POI,SOF20_POI_nat7,战后宪政定案,56,available = { is_subject = no has_capitulated = no has_country_flag = sofzh_unification_complete },completion_reward = { add_stability = 0.05 add_political_power = 100 }
POI,SOF20_POI_extra0,普瓦捷预算协定,21,available = { is_subject = no has_capitulated = no  },completion_reward = { add_political_power = 35 set_country_flag = sof20_POI_specialist_project }
POI,SOF20_POI_extra1,普瓦图订单协调,21,available = { is_subject = no has_capitulated = no  },completion_reward = { add_tech_bonus = { name = sof20_research_bonus bonus = 0.35 uses = 1 category = construction_tech } }
POI,SOF20_POI_extra2,公共投资议案,21,available = { is_subject = no has_capitulated = no  },completion_reward = { add_stability = 0.02 }
POI,SOF20_POI_extra3,本地机具整备,21,available = { is_subject = no has_capitulated = no  },completion_reward = { add_equipment_to_stockpile = { type = support_equipment_1 amount = 40 producer = ROOT } }
PRS,SOF_PRS_assembly,市政厅的全国使命,21,available = { is_subject = no has_capitulated = no   },completion_reward = { set_country_flag = sofzh_paris_origin set_country_flag = sofzh_unification_started add_stability = 0.05 add_ideas = sofzh_prs_capital country_event = { id = sofzh_paris.1 days = 1 } }
PRS,SOF_PRS_municipal_ledger,重新打开市政总账,21,available = { is_subject = no has_capitulated = no   },completion_reward = { add_ideas = sofzh_prs_registry add_stability = 0.04 }
PRS,SOF_PRS_capital_guard,整编首都守备旅,21,available = { is_subject = no has_capitulated = no    143 = { is_controlled_by = ROOT } },completion_reward = { sofzh_paris_guard = yes army_experience = 15  sofzh_dedicated_infantry_1 = yes }
PRS,SOF_PRS_prefectural_letters,给各地的第一封公函,21,available = { is_subject = no has_capitulated = no   },completion_reward = { add_ideas = sofzh_prs_prefects country_event = { id = sofzh_paris.2 days = 1 } }
PRS,SOF_PRS_ile_mandate,恢复法兰西岛通行,21,available = { is_subject = no has_capitulated = no   },completion_reward = { set_country_flag = sofzh_unification_war_ready sofzh_paris_ile_goals = yes add_war_support = 0.06 sofzh_paris_campaign_maneuver = yes }
PRS,SOF_PRS_ile_union,首都与郊区共同行政,21,available = { is_subject = no has_capitulated = no  sofzh_paris_ile_united = yes },completion_reward = { sofzh_paris_integrate_ile = yes set_cosmetic_tag = ILE_DE_FRANCE set_country_flag = form_region_flag add_stability = 0.08 }
PRS,SOF_PRS_war_authority,全国统一战争授权,35,available = { is_subject = no has_capitulated = no   },completion_reward = { add_ideas = sofzh_prs_war_mandate sofzh_unification_grant_border_goals = yes add_war_support = 0.08 }
PRS,SOF_PRS_regional_administration,省际共同政务,21,available = { is_subject = no has_capitulated = no  num_of_controlled_states > 24 },completion_reward = { sofzh_unification_integrate_territories = yes add_stability = 0.04 }
PRS,SOF_PRS_national_congress,在巴黎召开全国会议,35,available = { is_subject = no has_capitulated = no  sofzh_paris_congress_ready = yes },completion_reward = { add_ideas = sofzh_prs_congress country_event = { id = sofzh_paris.5 days = 1 } }
PRS,SOF_PRS_national_proclamation,从巴黎重建法兰西,21,available = { is_subject = no has_capitulated = no  sofzh_unification_all_france = yes has_war = no },completion_reward = { sofzh_unification_proclaim_france = yes country_event = { id = sofzh_paris.6 days = 1 } }
PRS,SOF_PRS_national_market,从首都账本到全国市场,35,available = { is_subject = no has_capitulated = no  has_country_flag = sofzh_unification_complete },completion_reward = { add_ideas = sofzh_prs_market random_controlled_state = { limit = { sofzh_unification_french_state = yes } add_extra_state_shared_building_slots = 2 add_building_construction = { type = industrial_complex level = 2 instant_build = yes } } }
PRS,SOF_PRS_national_reconstruction,让军需转向重建,35,available = { is_subject = no has_capitulated = no  has_country_flag = sofzh_unification_complete has_war = no },completion_reward = { sofzh_paris_end_war_mandate = yes add_ideas = sofzh_prs_reconstruction random_controlled_state = { limit = { sofzh_unification_french_state = yes } add_building_construction = { type = infrastructure level = 1 instant_build = yes } } random_controlled_state = { limit = { sofzh_unification_french_state = yes } add_extra_state_shared_building_slots = 1 add_building_construction = { type = industrial_complex level = 1 instant_build = yes } } }
PRS,SOF_PRS_republican_mandate,波旁宫的公民授权,35,available = { is_subject = no has_capitulated = no   },completion_reward = { add_ideas = sofzh_prs_parliament country_event = { id = sofzh_paris.3 days = 1 } }
PRS,SOF_PRS_budget_committee,把战时预算交给议会,35,available = { is_subject = no has_capitulated = no   },completion_reward = { add_ideas = sofzh_prs_budget add_stability = 0.04 }
PRS,SOF_PRS_civic_compact,首都与各省的公民协约,35,available = { is_subject = no has_capitulated = no   },completion_reward = { add_ideas = sofzh_prs_civic_compact add_war_support = 0.05 }
PRS,SOF_PRS_directorate,建立统一督政机构,35,available = { is_subject = no has_capitulated = no   },completion_reward = { add_ideas = sofzh_prs_directorate country_event = { id = sofzh_paris.4 days = 1 } }
PRS,SOF_PRS_unified_executive,一份命令一种程序,35,available = { is_subject = no has_capitulated = no   },completion_reward = { add_ideas = sofzh_prs_executive army_experience = 20 }
PRS,SOF_PRS_prefect_service,建立全国行政预备队,35,available = { is_subject = no has_capitulated = no   },completion_reward = { add_ideas = sofzh_prs_civil_service add_stability = 0.04 }
PRS,SOF_PRS_national_charter,为统一规定权力与责任,35,available = { is_subject = no has_capitulated = no   },completion_reward = { add_ideas = sofzh_prs_charter add_stability = 0.05 }
PRS,SOF_PRS_seine_industry,塞纳两岸的工场,35,available = { is_subject = no has_capitulated = no   },completion_reward = { random_controlled_state = { prioritize = { 115 119 121 123 130 131 132 135 137 138 140 141 143 144 147 149 150 152 153 155 157 158 161 175 182 }  limit = {  } add_extra_state_shared_building_slots = 1 add_building_construction = { type = industrial_complex level = 1 instant_build = yes } } add_ideas = sofzh_prs_workshops  sofzh_specialist_civil_industry_1 = yes }
PRS,SOF_PRS_factory_orders,统一工场订单,35,available = { is_subject = no has_capitulated = no   },completion_reward = { random_controlled_state = { prioritize = { 115 119 121 123 130 131 132 135 137 138 140 141 143 144 147 149 150 152 153 155 157 158 161 175 182 }  limit = {  } add_extra_state_shared_building_slots = 1 add_building_construction = { type = arms_factory level = 1 instant_build = yes } } add_tech_bonus = { name = sofzh_paris_research_bonus bonus = 0.5 uses = 1 category = industry }  sofzh_specialist_mil_industry_1 = yes }
PRS,SOF_PRS_research_college,让索邦重新服务全国,35,available = { is_subject = no has_capitulated = no   },completion_reward = { add_research_slot = 1 add_ideas = sofzh_prs_academy }
PRS,SOF_PRS_engineering_school,培养全国工程技术人员,35,available = { is_subject = no has_capitulated = no   },completion_reward = { add_tech_bonus = { name = sofzh_paris_research_bonus bonus = 0.5 uses = 2 category = industry } add_tech_bonus = { name = sofzh_paris_research_bonus bonus = 0.5 uses = 1 category = electronics } }
PRS,SOF_PRS_suburb_arsenals,联通郊区兵工厂,35,available = { is_subject = no has_capitulated = no    has_completed_focus = SOF_PRS_development_department },completion_reward = { random_controlled_state = { prioritize = { 115 119 121 123 130 131 132 135 137 138 140 141 143 144 147 149 150 152 153 155 157 158 161 175 182 }  limit = {  } add_extra_state_shared_building_slots = 1 add_building_construction = { type = arms_factory level = 1 instant_build = yes } } add_ideas = sofzh_prs_industrial_network  sofzh_specialist_mil_industry_2 = yes }
PRS,SOF_PRS_rail_dispatch,巴黎车站的共同调度,35,available = { is_subject = no has_capitulated = no   },completion_reward = { random_controlled_state = { prioritize = { 115 119 121 123 130 131 132 135 137 138 140 141 143 144 147 149 150 152 153 155 157 158 161 175 182 }  limit = {  } add_building_construction = { type = infrastructure level = 1 instant_build = yes } } add_ideas = sofzh_prs_railways  sofzh_specialist_engineering_1 = yes }
PRS,SOF_PRS_logistics_depots,在交通节点建立军需仓,35,available = { is_subject = no has_capitulated = no    has_completed_focus = SOF_PRS_development_department },completion_reward = { random_controlled_state = { prioritize = { 115 119 121 123 130 131 132 135 137 138 140 141 143 144 147 149 150 152 153 155 157 158 161 175 182 }  limit = {  } add_building_construction = { type = infrastructure level = 1 instant_build = yes } } add_equipment_to_stockpile = { type = motorized_equipment amount = 150 producer = ROOT } add_ideas = sofzh_prs_depots  sofzh_specialist_engineering_2 = yes }
PRS,SOF_PRS_electric_grid,接通共同电力与维修网,35,available = { is_subject = no has_capitulated = no    has_completed_focus = SOF_PRS_development_state },completion_reward = { random_controlled_state = { prioritize = { 115 119 121 123 130 131 132 135 137 138 140 141 143 144 147 149 150 152 153 155 157 158 161 175 182 }  limit = {  } add_building_construction = { type = infrastructure level = 1 instant_build = yes } } add_tech_bonus = { name = sofzh_paris_research_bonus bonus = 0.5 uses = 1 category = industry }  sofzh_specialist_engineering_3 = yes }
PRS,SOF_PRS_war_bonds,发行有用途的建设公债,35,available = { is_subject = no has_capitulated = no    has_completed_focus = SOF_PRS_development_department },completion_reward = { random_controlled_state = { prioritize = { 115 119 121 123 130 131 132 135 137 138 140 141 143 144 147 149 150 152 153 155 157 158 161 175 182 }  limit = {  } add_extra_state_shared_building_slots = 1 add_building_construction = { type = industrial_complex level = 1 instant_build = yes } } add_stability = 0.03  sofzh_specialist_civil_industry_2 = yes }
PRS,SOF_PRS_industrial_plan,首都与各省的工业计划,35,available = { is_subject = no has_capitulated = no    has_completed_focus = SOF_PRS_development_state },completion_reward = { random_controlled_state = { prioritize = { 115 119 121 123 130 131 132 135 137 138 140 141 143 144 147 149 150 152 153 155 157 158 161 175 182 }  limit = {  } add_extra_state_shared_building_slots = 1 add_building_construction = { type = industrial_complex level = 1 instant_build = yes } } random_controlled_state = { prioritize = { 115 119 121 123 130 131 132 135 137 138 140 141 143 144 147 149 150 152 153 155 157 158 161 175 182 }  limit = {  } add_extra_state_shared_building_slots = 1 add_building_construction = { type = arms_factory level = 1 instant_build = yes } }  sofzh_specialist_civil_industry_3 = yes }
PRS,SOF_PRS_laboratories,组成国家联合实验室,35,available = { is_subject = no has_capitulated = no   },completion_reward = { add_research_slot = 1 add_tech_bonus = { name = sofzh_paris_research_bonus bonus = 0.5 uses = 1 category = electronics } }
PRS,SOF_PRS_staff_school,重建巴黎参谋学堂,35,available = { is_subject = no has_capitulated = no   },completion_reward = { add_doctrine_cost_reduction = { name = sofzh_paris_research_bonus cost_reduction = 0.5 uses = 1 category = land_doctrine } army_experience = 20  sofzh_dedicated_staff_1 = yes }
PRS,SOF_PRS_reserve,首都与郊区共同征募,21,available = { is_subject = no has_capitulated = no    143 = { is_controlled_by = ROOT } },completion_reward = { sofzh_paris_reserve = yes add_manpower = 4000  sofzh_dedicated_recruitment_1 = yes }
PRS,SOF_PRS_rifle_standard,统一步枪与备件标准,35,available = { is_subject = no has_capitulated = no   },completion_reward = { add_tech_bonus = { name = sofzh_paris_research_bonus bonus = 0.5 uses = 2 category = infantry_weapons } add_equipment_to_stockpile = { type = infantry_equipment_0 amount = 1800 producer = ROOT }  sofzh_dedicated_infantry_2 = yes }
PRS,SOF_PRS_artillery,建立共同炮兵训练场,35,available = { is_subject = no has_capitulated = no   },completion_reward = { set_technology = { gw_artillery = 1 } add_tech_bonus = { name = sofzh_paris_research_bonus bonus = 0.5 uses = 1 category = artillery } army_experience = 20  sofzh_dedicated_artillery_1 = yes add_equipment_to_stockpile = { type = artillery_equipment_1 amount = 180 producer = ROOT } add_equipment_to_stockpile = { type = anti_tank_equipment_1 amount = 60 producer = ROOT } }
PRS,SOF_PRS_truck_pool,组织全国军用汽车队,35,available = { is_subject = no has_capitulated = no   },completion_reward = { set_technology = { motorised_infantry = 1 } add_equipment_to_stockpile = { type = motorized_equipment amount = 200 producer = ROOT } add_tech_bonus = { name = sofzh_paris_research_bonus bonus = 0.5 uses = 1 category = motorized_equipment }  sofzh_dedicated_motorized_1 = yes }
PRS,SOF_PRS_army_doctrine,把统一战役写进教范,35,available = { is_subject = no has_capitulated = no   },completion_reward = { add_doctrine_cost_reduction = { name = sofzh_paris_research_bonus cost_reduction = 0.5 uses = 2 category = land_doctrine } add_ideas = sofzh_prs_army_school  sofzh_dedicated_staff_2 = yes }
PRS,SOF_PRS_combined_operations,步炮与机动部队协同,35,available = { is_subject = no has_capitulated = no   },completion_reward = { add_tech_bonus = { name = sofzh_paris_research_bonus bonus = 0.5 uses = 1 category = armor } add_ideas = sofzh_prs_combined_arms  sofzh_dedicated_infantry_3 = yes sofzh_dedicated_armor_2 = yes sofzh_dedicated_artillery_2 = yes }
PRS,SOF_PRS_medical_services,让伤员与老兵回到队伍,35,available = { is_subject = no has_capitulated = no   },completion_reward = { add_tech_bonus = { name = sofzh_paris_research_bonus bonus = 0.5 uses = 1 category = support_tech } add_ideas = sofzh_prs_medical  sofzh_dedicated_recovery_2 = yes }
PRS,SOF_PRS_unified_command,设立统一战争总参谋部,35,available = { is_subject = no has_capitulated = no   },completion_reward = { add_ideas = sofzh_prs_command army_experience = 25  sofzh_dedicated_staff_3 = yes sofzh_dedicated_recruitment_3 = yes }
PRS,SOF_PRS_normandy_links,接通巴黎与诺曼底,35,available = { is_subject = no has_capitulated = no   },completion_reward = { sofzh_paris_goal_normandie = yes sofzh_paris_campaign_maneuver = yes army_experience = 10 }
PRS,SOF_PRS_northern_coal,北方工业通道,35,available = { is_subject = no has_capitulated = no   },completion_reward = { sofzh_paris_goal_nord = yes sofzh_paris_campaign_industrial = yes army_experience = 10 }
PRS,SOF_PRS_lorraine_link,向洛林工业带推进,35,available = { is_subject = no has_capitulated = no   },completion_reward = { sofzh_paris_goal_lorraine = yes sofzh_paris_campaign_industrial = yes army_experience = 15 }
PRS,SOF_PRS_alsace_cooperation,让阿尔萨斯进入共同计划,35,available = { is_subject = no has_capitulated = no   },completion_reward = { sofzh_paris_goal_alsace = yes sofzh_paris_campaign_industrial = yes add_stability = 0.03 }
PRS,SOF_PRS_rhone_corridor,贯通通向罗讷河的道路,35,available = { is_subject = no has_capitulated = no   },completion_reward = { sofzh_paris_goal_rhone_alpes = yes sofzh_paris_campaign_maneuver = yes add_tech_bonus = { name = sofzh_paris_research_bonus bonus = 0.5 uses = 1 category = motorized_equipment } }
PRS,SOF_PRS_atlantic_ports,接入大西洋港务网络,35,available = { is_subject = no has_capitulated = no  sofzh_paris_has_coast = yes },completion_reward = { random_controlled_state = { limit = { sofzh_unification_french_state = yes is_coastal = yes } add_extra_state_shared_building_slots = 2 add_building_construction = { type = dockyard level = 2 instant_build = yes } } add_equipment_to_stockpile = { type = convoy amount = 40 producer = ROOT } add_tech_bonus = { name = sofzh_paris_research_bonus bonus = 0.5 uses = 1 category = naval_equipment }  sofzh_dedicated_dockyards_2 = yes sofzh_dedicated_surface_navy_2 = yes }
PRS,SOF_PRS_mediterranean_ports,筹建共同护航舰队,49,available = { is_subject = no has_capitulated = no  sofzh_paris_has_coast = yes },completion_reward = { sofzh_paris_fleet = yes set_technology = { transport = 1 } add_equipment_to_stockpile = { type = convoy amount = 40 producer = ROOT }  sofzh_dedicated_surface_navy_3 = yes }
PRS,SOF_PRS_corsican_mission,最后一道海上边界,35,available = { is_subject = no has_capitulated = no  sofzh_paris_has_coast = yes has_navy_size = { size > 3 } },completion_reward = { sofzh_paris_corsican_goal = yes sofzh_paris_campaign_landing = yes navy_experience = 20  sofzh_dedicated_landing_2 = yes }
PRS,SOF_PRS_national_logistics,共同军需沿交通网运转,35,available = { is_subject = no has_capitulated = no   },completion_reward = { add_ideas = sofzh_prs_national_logistics random_controlled_state = { limit = { sofzh_unification_french_state = yes } add_building_construction = { type = infrastructure level = 1 instant_build = yes } }  sofzh_dedicated_motorized_3 = yes }
PRS,SOF_PRS_strategic_materials,为战略原料建立采购标准,35,available = { is_subject = no has_capitulated = no   },completion_reward = { add_tech_bonus = { name = sofzh_paris_research_bonus bonus = 0.5 uses = 2 category = industry } add_stability = 0.03 }
PRS,SOF_PRS_lorraine_foundry,洛林原料与首都兵工,35,available = { is_subject = no has_capitulated = no  sofzh_paris_lorraine_control = yes  has_completed_focus = SOF_PRS_development_state },completion_reward = { add_ideas = sofzh_prs_lorraine_contract random_controlled_state = { limit = { OR = { state = 94 state = 98 state = 116 } } add_extra_state_shared_building_slots = 1 add_building_construction = { type = arms_factory level = 1 instant_build = yes } }  sofzh_specialist_mil_industry_3 = yes }
PRS,SOF_PRS_north_coal_grid,北方煤业与国家订单,35,available = { is_subject = no has_capitulated = no  sofzh_paris_north_control = yes },completion_reward = { add_ideas = sofzh_prs_north_contract random_controlled_state = { limit = { OR = { state = 55 state = 61 state = 62 state = 63 } } add_extra_state_shared_building_slots = 1 add_building_construction = { type = industrial_complex level = 1 instant_build = yes } } }
PRS,SOF_PRS_alsace_chemistry,阿尔萨斯精炼与民用化工,35,available = { is_subject = no has_capitulated = no  sofzh_paris_alsace_control = yes },completion_reward = { add_ideas = sofzh_prs_alsace_contract add_tech_bonus = { name = sofzh_paris_research_bonus bonus = 0.5 uses = 1 category = industry } }
PRS,SOF_PRS_bauxite_chain,瓦尔铝材进入全国工业,35,available = { is_subject = no has_capitulated = no  sofzh_paris_bauxite_control = yes },completion_reward = { add_ideas = sofzh_prs_bauxite_contract add_tech_bonus = { name = sofzh_paris_research_bonus bonus = 0.5 uses = 1 category = air_equipment } }
PRS,SOF_PRS_national_arsenal,建立跨矿区的国家兵工体系,35,available = { is_subject = no has_capitulated = no   },completion_reward = { add_ideas = sofzh_prs_national_arsenal add_tech_bonus = { name = sofzh_paris_research_bonus bonus = 0.5 uses = 1 category = industry }  sofzh_dedicated_armor_3 = yes sofzh_dedicated_artillery_3 = yes }
PRS,SOF_PRS_civic_amnesty,给统一后的生活留下位置,35,available = { is_subject = no has_capitulated = no   },completion_reward = { add_ideas = sofzh_prs_amnesty add_stability = 0.04 }
PRS,SOF_PRS_constitutional_settlement,把共同宪章变成国家制度,35,available = { is_subject = no has_capitulated = no  has_country_flag = sofzh_unification_complete },completion_reward = { add_ideas = sofzh_prs_constitution add_stability = 0.04 }
PRS,SOF_PRS_regional_elections,恢复各地的公共代表机构,35,available = { is_subject = no has_capitulated = no  has_country_flag = sofzh_unification_complete },completion_reward = { add_ideas = sofzh_prs_local_services add_stability = 0.04 }
PRS,SOF_PRS_seine_to_provinces,把首都的工程师派往各省,35,available = { is_subject = no has_capitulated = no  has_country_flag = sofzh_unification_complete },completion_reward = { random_controlled_state = { limit = { sofzh_unification_french_state = yes } add_extra_state_shared_building_slots = 2 add_building_construction = { type = industrial_complex level = 2 instant_build = yes } } add_tech_bonus = { name = sofzh_paris_research_bonus bonus = 0.5 uses = 1 category = industry } }
PRS,SOF_PRS_public_services,从军需保障走向公共服务,35,available = { is_subject = no has_capitulated = no  has_country_flag = sofzh_unification_complete has_war = no },completion_reward = { random_controlled_state = { limit = { sofzh_unification_french_state = yes } add_building_construction = { type = infrastructure level = 1 instant_build = yes } } add_stability = 0.05 }
PRS,SOF_PRS_national_science,让全国成为共同的研究网络,35,available = { is_subject = no has_capitulated = no  has_country_flag = sofzh_unification_complete has_war = no },completion_reward = { add_ideas = sofzh_prs_national_science add_tech_bonus = { name = sofzh_paris_research_bonus bonus = 0.5 uses = 2 category = electronics }  sofzh_dedicated_air_defence_2 = yes sofzh_dedicated_air_support_2 = yes }
PRS,SOF_PRS_development_arrondissement,区级行政,35,available = { is_subject = no has_capitulated = no sofzh_development_1_states = yes },completion_reward = { add_political_power = 150 sofzh_specialist_administration_1 = yes set_country_flag = sofzh_development_arrondissement }
PRS,SOF_PRS_development_department,省级组织,35,available = { is_subject = no has_capitulated = no sofzh_development_4_states = yes },completion_reward = { add_political_power = 150 sofzh_specialist_administration_1 = yes set_country_flag = sofzh_development_department }
PRS,SOF_PRS_development_province,行省体系,35,available = { is_subject = no has_capitulated = no sofzh_development_7_states = yes },completion_reward = { add_political_power = 150 sofzh_specialist_administration_2 = yes set_country_flag = sofzh_development_province }
PRS,SOF_PRS_development_region,大区协约,35,available = { is_subject = no has_capitulated = no sofzh_development_13_states = yes },completion_reward = { add_political_power = 150 sofzh_specialist_administration_2 = yes set_country_flag = sofzh_development_region }
PRS,SOF_PRS_development_state,邦国机构,35,available = { is_subject = no has_capitulated = no sofzh_development_26_states = yes },completion_reward = { add_political_power = 150 sofzh_specialist_administration_3 = yes set_country_flag = sofzh_development_state }
PRS,SOF_PRS_development_nation,国家制度,35,available = { is_subject = no has_capitulated = no sofzh_development_51_states = yes },completion_reward = { add_political_power = 150 sofzh_specialist_administration_3 = yes set_country_flag = sofzh_development_nation }
PRS,SOF20_PRS_addition0,地区财政听证,21,available = { is_subject = no has_capitulated = no  },completion_reward = { add_political_power = 35 }
PRS,SOF20_PRS_addition1,社会契约登记,21,available = { is_subject = no has_capitulated = no  },completion_reward = { add_stability = 0.02 }
PRS,SOF20_PRS_addition2,公共服务预算,21,available = { is_subject = no has_capitulated = no  },completion_reward = { army_experience = 8 }
PRS,SOF20_PRS_addition3,地方合作章程,21,available = { is_subject = no has_capitulated = no  },completion_reward = { add_political_power = 35 }
PRS,SOF20_PRS_addition4,运输保障议案,21,available = { is_subject = no has_capitulated = no  },completion_reward = { add_stability = 0.02 }
PRS,SOF20_PRS_addition5,军需采购审查,21,available = { is_subject = no has_capitulated = no  },completion_reward = { army_experience = 8 }
PRS,SOF20_PRS_addition6,人员轮换计划,21,available = { is_subject = no has_capitulated = no  },completion_reward = { add_political_power = 35 }
PRS,SOF20_PRS_addition7,训练经验汇编,21,available = { is_subject = no has_capitulated = no  },completion_reward = { sof20_learn_urban = yes custom_effect_tooltip = sof20_terrain_urban_tt }
PRS,SOF20_PRS_addition8,地方调解授权,21,available = { is_subject = no has_capitulated = no  },completion_reward = { army_experience = 8 }
PRS,SOF20_PRS_addition9,产业信用协约,21,available = { is_subject = no has_capitulated = no  },completion_reward = { add_political_power = 35 }
PRS,SOF20_PRS_addition10,复兴工程审计,21,available = { is_subject = no has_capitulated = no  },completion_reward = { add_stability = 0.02 }
PRS,SOF20_PRS_addition11,战后服务联络,21,available = { is_subject = no has_capitulated = no  },completion_reward = { army_experience = 8 }
PRS,SOF20_PRS_addition12,地区代表议案,21,available = { is_subject = no has_capitulated = no  },completion_reward = { add_political_power = 35 }
PRS,SOF20_PRS_addition13,共同制度检验,21,available = { is_subject = no has_capitulated = no  },completion_reward = { add_stability = 0.02 }
AJC,SOF_COR_consulta,重召开岛民议会,35,available = { is_subject = no has_capitulated = no  },"completion_reward = { set_country_flag = sofzh_corsica_origin set_country_flag = sofzh_unification_started add_political_power = 100 add_ideas = sofzh_cor_solidarity country_event = { id = sofzh_corsica.1 days = 1 } 
				sofzh_reward_sof_cor_consulta = yes}"
AJC,SOF_COR_pieve_compacts,缔结皮耶韦协约,21,available = { is_subject = no has_capitulated = no  },"completion_reward = { add_stability = 0.08 add_political_power = 75 
				sofzh_reward_sof_cor_pieve_compacts = yes}"
AJC,SOF_COR_island_mandate,争取全岛统一授权,21,available = { is_subject = no has_capitulated = no  },"completion_reward = { set_country_flag = sofzh_unification_war_ready add_ideas = sofzh_unify_mobilization sofzh_corsica_island_goals = yes army_experience = 15 
				sofzh_reward_sof_cor_island_mandate = yes}"
AJC,SOF_COR_island_union,五地归于同一议会,21,available = { is_subject = no has_capitulated = no sofzh_corsica_island_united = yes },"completion_reward = { sofzh_corsica_integrate_island = yes set_cosmetic_tag = CORSICA add_stability = 0.10 country_event = { id = sofzh_corsica.2 days = 1 } 
				sofzh_reward_sof_cor_island_union = yes}"
AJC,SOF_COR_ajaccio_memory,阿雅克肖的遗产,35,available = { is_subject = no has_capitulated = no  },"completion_reward = { add_political_power = 75 country_event = { id = sofzh_corsica.3 days = 1 } 
				sofzh_reward_sof_cor_ajaccio_memory = yes}"
AJC,SOF_COR_bonaparte_council,成立波拿巴派议政会,35,available = { is_subject = no has_capitulated = no  },"completion_reward = { add_ideas = sofzh_cor_bonaparte add_political_power = 100 
				sofzh_reward_sof_cor_bonaparte_council = yes}"
AJC,SOF_COR_imperial_staff,复兴远征参谋传统,35,available = { is_subject = no has_capitulated = no  },"completion_reward = { army_experience = 30 add_doctrine_cost_reduction = { name = sofzh_corsica_research_bonus cost_reduction = 0.5 uses = 1 category = land_doctrine } 
				sofzh_reward_sof_cor_imperial_staff = yes}"
AJC,SOF_COR_corte_republic,科尔特的共和国,35,available = { is_subject = no has_capitulated = no  },"completion_reward = { add_political_power = 75 country_event = { id = sofzh_corsica.4 days = 1 } 
				sofzh_reward_sof_cor_corte_republic = yes}"
AJC,SOF_COR_consulta_charter,颁布岛民议会宪章,35,available = { is_subject = no has_capitulated = no  },"completion_reward = { add_ideas = sofzh_cor_paoli add_stability = 0.05 
				sofzh_reward_sof_cor_consulta_charter = yes}"
AJC,SOF_COR_civil_officers,培育公民军官,35,available = { is_subject = no has_capitulated = no  },"completion_reward = { army_experience = 25 add_political_power = 75 
				sofzh_reward_sof_cor_civil_officers = yes}"
AJC,SOF_COR_french_mission,从岛屿走向法兰西,35,available = { is_subject = no has_capitulated = no  },"completion_reward = { add_war_support = 0.10 add_political_power = 100 
				sofzh_reward_sof_cor_french_mission = yes}"
AJC,SOF_COR_terraces,修复梯田与村道,35,available = { is_subject = no has_capitulated = no  },"completion_reward = { random_controlled_state = { prioritize = { 485 491 499 504 509 }  limit = {  }  add_building_construction = { type = infrastructure level = 1 instant_build = yes } } 
				sofzh_reward_sof_cor_terraces = yes}"
AJC,SOF_COR_cooperatives,组织岛内合作社,35,available = { is_subject = no has_capitulated = no  },"completion_reward = { random_controlled_state = { prioritize = { 485 491 499 504 509 }  limit = {  } add_extra_state_shared_building_slots = 1 add_building_construction = { type = industrial_complex level = 1 instant_build = yes } } 
				sofzh_reward_sof_cor_cooperatives = yes}"
AJC,SOF_COR_corte_school,设立科尔特技术学堂,35,available = { is_subject = no has_capitulated = no  },"completion_reward = { add_research_slot = 1 
				sofzh_reward_sof_cor_corte_school = yes}"
AJC,SOF_COR_island_arsenals,联通岛内兵工作坊,35,available = { is_subject = no has_capitulated = no  },"completion_reward = { random_controlled_state = { prioritize = { 485 491 499 504 509 }  limit = {  } add_extra_state_shared_building_slots = 1 add_building_construction = { type = arms_factory level = 1 instant_build = yes } } add_ideas = sofzh_cor_arsenals 
				sofzh_reward_sof_cor_island_arsenals = yes}"
AJC,SOF_COR_hydropower,整修山地水力设施,35,available = { is_subject = no has_capitulated = no  },"completion_reward = { random_controlled_state = { prioritize = { 485 491 499 504 509 }  limit = {  }  add_building_construction = { type = infrastructure level = 1 instant_build = yes } } add_tech_bonus = { name = sofzh_corsica_research_bonus bonus = 0.5 uses = 1 category = industry } 
				sofzh_reward_sof_cor_hydropower = yes}"
AJC,SOF_COR_workshop_mobilization,统一军需订单,35,available = { is_subject = no has_capitulated = no  },"completion_reward = { random_controlled_state = { prioritize = { 485 491 499 504 509 }  limit = {  } add_extra_state_shared_building_slots = 1 add_building_construction = { type = arms_factory level = 1 instant_build = yes } } add_political_power = 50 
				sofzh_reward_sof_cor_workshop_mobilization = yes}"
AJC,SOF_COR_capital_works,完善岛内公共工程,35,available = { is_subject = no has_capitulated = no  },"completion_reward = { random_controlled_state = { prioritize = { 485 491 499 504 509 }  limit = {  } add_extra_state_shared_building_slots = 1 add_building_construction = { type = industrial_complex level = 1 instant_build = yes } } add_stability = 0.05 
				sofzh_reward_sof_cor_capital_works = yes}"
AJC,SOF_COR_island_labs,建立海陆联合实验室,35,available = { is_subject = no has_capitulated = no  },"completion_reward = { add_research_slot = 1 
				sofzh_reward_sof_cor_island_labs = yes}"
AJC,SOF_COR_harbours,整顿岛屿港务,35,available = { is_subject = no has_capitulated = no  },"completion_reward = { navy_experience = 15 add_tech_bonus = { name = sofzh_corsica_research_bonus bonus = 0.5 uses = 1 category = naval_equipment } 
				sofzh_reward_sof_cor_harbours = yes}"
AJC,SOF_COR_convoy_office,设立海运统筹署,35,available = { is_subject = no has_capitulated = no  },"completion_reward = { add_equipment_to_stockpile = { type = convoy amount = 40 producer = ROOT } 
				sofzh_reward_sof_cor_convoy_office = yes}"
AJC,SOF_COR_dockyards,扩建岛屿修造船厂,35,available = { is_subject = no has_capitulated = no  },"completion_reward = { random_controlled_state = { prioritize = { 485 491 499 504 509 }  limit = {  is_coastal = yes } add_extra_state_shared_building_slots = 2 add_building_construction = { type = dockyard level = 2 instant_build = yes } } add_ideas = sofzh_cor_maritime 
				sofzh_reward_sof_cor_dockyards = yes}"
AJC,SOF_COR_patrol_flotilla,组建四舰护航队,49,available = { is_subject = no has_capitulated = no  },"completion_reward = { sofzh_corsica_patrol_flotilla = yes navy_experience = 20 
				sofzh_reward_sof_cor_patrol_flotilla = yes}"
AJC,SOF_COR_naval_school,培育地中海海军军官,35,available = { is_subject = no has_capitulated = no  },"completion_reward = { navy_experience = 35 add_doctrine_cost_reduction = { name = sofzh_corsica_research_bonus cost_reduction = 0.5 uses = 1 category = naval_doctrine } 
				sofzh_reward_sof_cor_naval_school = yes}"
AJC,SOF_COR_transport_training,编练跨海运输队,21,available = { is_subject = no has_capitulated = no  },"completion_reward = { set_technology = { transport = 1 } add_equipment_to_stockpile = { type = convoy amount = 30 producer = ROOT } 
				sofzh_reward_sof_cor_transport_training = yes}"
AJC,SOF_COR_marine_routes,勘测大陆补给航线,35,available = { is_subject = no has_capitulated = no  },"completion_reward = { navy_experience = 20 add_tech_bonus = { name = sofzh_corsica_research_bonus bonus = 0.5 uses = 1 category = naval_equipment } 
				sofzh_reward_sof_cor_marine_routes = yes}"
AJC,SOF_COR_air_sea_coordination,协调海空侦察,35,available = { is_subject = no has_capitulated = no  },"completion_reward = { air_experience = 25 add_tech_bonus = { name = sofzh_corsica_research_bonus bonus = 0.5 uses = 1 category = naval_bomber } 
				sofzh_reward_sof_cor_air_sea_coordination = yes}"
AJC,SOF_COR_island_airfields,保卫岛屿天空,35,available = { is_subject = no has_capitulated = no  },"completion_reward = { random_controlled_state = { prioritize = { 485 491 499 504 509 }  limit = {  }  add_building_construction = { type = air_base level = 2 instant_build = yes } } air_experience = 25 
				sofzh_reward_sof_cor_island_airfields = yes}"
AJC,SOF_COR_mediterranean_screen,维持地中海护航体系,35,available = { is_subject = no has_capitulated = no  },"completion_reward = { add_equipment_to_stockpile = { type = convoy amount = 30 producer = ROOT } navy_experience = 25 
				sofzh_reward_sof_cor_mediterranean_screen = yes}"
AJC,SOF_COR_mountain_militia,整编山地守备队,35,available = { is_subject = no has_capitulated = no  },"completion_reward = { army_experience = 20 add_tech_bonus = { name = sofzh_corsica_research_bonus bonus = 0.5 uses = 1 category = infantry_weapons } 
				sofzh_reward_sof_cor_mountain_militia = yes}"
AJC,SOF_COR_island_recruitment,建立共同征募名册,21,available = { is_subject = no has_capitulated = no  },"completion_reward = { add_manpower = 4000 add_war_support = 0.05 
				sofzh_reward_sof_cor_island_recruitment = yes}"
AJC,SOF_COR_small_arms,保障远征轻武器,35,available = { is_subject = no has_capitulated = no  },"completion_reward = { set_technology = { infantry_weapons = 1 } add_equipment_to_stockpile = { type = infantry_equipment_0 amount = 1500 producer = ROOT } 
				sofzh_reward_sof_cor_small_arms = yes}"
AJC,SOF_COR_marine_cadres,编成两支登陆团,35,available = { is_subject = no has_capitulated = no  },"completion_reward = { sofzh_corsica_marine_cadres = yes 
				sofzh_reward_sof_cor_marine_cadres = yes}"
AJC,SOF_COR_artillery_school,组织野战炮兵训练,35,available = { is_subject = no has_capitulated = no  },"completion_reward = { army_experience = 20 add_tech_bonus = { name = sofzh_corsica_research_bonus bonus = 0.5 uses = 1 category = artillery } 
				sofzh_reward_sof_cor_artillery_school = yes sofzh_dedicated_artillery_2 = yes }"
AJC,SOF_COR_landing_drills,反复演练抢滩行动,35,available = { is_subject = no has_capitulated = no  },"completion_reward = { add_ideas = sofzh_cor_landing army_experience = 25 
				sofzh_reward_sof_cor_landing_drills = yes}"
AJC,SOF_COR_field_logistics,统一野战补给标准,35,available = { is_subject = no has_capitulated = no  },"completion_reward = { add_ideas = sofzh_unify_logistics army_experience = 15 
				sofzh_reward_sof_cor_field_logistics = yes sofzh_dedicated_recovery_2 = yes }"
AJC,SOF_COR_expeditionary_corps,成立科西嘉远征军,35,available = { is_subject = no has_capitulated = no  },"completion_reward = { add_ideas = sofzh_cor_expedition army_experience = 30 
				sofzh_reward_sof_cor_expeditionary_corps = yes sofzh_dedicated_staff_3 = yes sofzh_dedicated_artillery_3 = yes sofzh_dedicated_recruitment_3 = yes sofzh_dedicated_infantry_3 = yes sofzh_dedicated_motorized_3 = yes sofzh_dedicated_recovery_3 = yes }"
AJC,SOF_COR_mountain_tactics,推广山地机动经验,35,available = { is_subject = no has_capitulated = no  },"completion_reward = { army_experience = 30 add_doctrine_cost_reduction = { name = sofzh_corsica_research_bonus cost_reduction = 0.5 uses = 1 category = land_doctrine } 
				sofzh_reward_sof_cor_mountain_tactics = yes}"
AJC,SOF_COR_cross_mediterranean,向大陆发出统一宣言,21,available = { is_subject = no has_capitulated = no sofzh_corsica_island_united = yes has_navy_size = { size > 3 } },"completion_reward = { add_political_power = 100 add_war_support = 0.08 
				sofzh_reward_sof_cor_cross_mediterranean = yes}"
AJC,SOF_COR_provence_landing,选择普罗旺斯航路,21,available = { is_subject = no has_capitulated = no has_war = no },"completion_reward = { sofzh_corsica_provence_goal = yes navy_experience = 15 
				sofzh_reward_sof_cor_provence_landing = yes}"
AJC,SOF_COR_riviera_landing,选择蔚蓝海岸航路,21,available = { is_subject = no has_capitulated = no has_war = no },"completion_reward = { sofzh_corsica_riviera_goal = yes navy_experience = 15 
				sofzh_reward_sof_cor_riviera_landing = yes}"
AJC,SOF_COR_bridgehead,巩固大陆桥头堡,21,available = { is_subject = no has_capitulated = no sofzh_corsica_has_bridgehead = yes },"completion_reward = { add_stability = 0.05 country_event = { id = sofzh_corsica.5 days = 1 } 
				sofzh_reward_sof_cor_bridgehead = yes}"
AJC,SOF_COR_civil_administration,建立大陆共同政务,35,available = { is_subject = no has_capitulated = no  },"completion_reward = { set_country_flag = sofzh_unification_integrated sofzh_unification_integrate_territories = yes add_political_power = 100 
				sofzh_reward_sof_cor_civil_administration = yes}"
AJC,SOF_COR_supply_spine,打通港口军需干线,35,available = { is_subject = no has_capitulated = no  },"completion_reward = { add_ideas = sofzh_unify_logistics add_tech_bonus = { name = sofzh_corsica_research_bonus bonus = 0.5 uses = 1 category = industry } 
				sofzh_reward_sof_cor_supply_spine = yes}"
AJC,SOF_COR_rhone_advance,沿罗讷河走向内陆,21,available = { is_subject = no has_capitulated = no  },"completion_reward = { sofzh_unification_grant_border_goals = yes army_experience = 25 
				sofzh_reward_sof_cor_rhone_advance = yes}"
AJC,SOF_COR_lorraine_arsenals,联接洛林兵工体系,35,available = { is_subject = no has_capitulated = no sofzh_corsica_lorraine_control = yes },"completion_reward = { random_controlled_state = { limit = { OR = { state = 94 state = 98 state = 116 } } add_extra_state_shared_building_slots = 1 add_building_construction = { type = arms_factory level = 1 instant_build = yes } } add_ideas = sofzh_cor_continental 
				sofzh_reward_sof_cor_lorraine_arsenals = yes}"
AJC,SOF_COR_alsace_granaries,组织阿尔萨斯民生协作,35,available = { is_subject = no has_capitulated = no sofzh_corsica_alsace_control = yes },"completion_reward = { add_ideas = sofzh_cor_granaries add_stability = 0.05 
				sofzh_reward_sof_cor_alsace_granaries = yes}"
AJC,SOF_COR_northern_coal,恢复北方工业运输,35,available = { is_subject = no has_capitulated = no sofzh_corsica_northern_control = yes },"completion_reward = { random_controlled_state = { limit = { OR = { state = 55 state = 61 state = 62 state = 63 } } add_extra_state_shared_building_slots = 1 add_building_construction = { type = industrial_complex level = 1 instant_build = yes } } add_political_power = 75 
				sofzh_reward_sof_cor_northern_coal = yes}"
AJC,SOF_COR_paris_mandate,争取巴黎的全国委任,35,available = { is_subject = no has_capitulated = no 143 = { is_controlled_by = ROOT } num_of_controlled_states > 20 },"completion_reward = { add_ideas = sofzh_cor_legitimacy add_political_power = 150 country_event = { id = sofzh_corsica.6 days = 1 } 
				sofzh_reward_sof_cor_paris_mandate = yes}"
AJC,SOF_COR_national_congress,召开全国重建会议,21,available = { is_subject = no has_capitulated = no 143 = { is_controlled_by = ROOT } num_of_controlled_states > 100 },"completion_reward = { add_stability = 0.10 add_political_power = 100 
				sofzh_reward_sof_cor_national_congress = yes}"
AJC,SOF_COR_proclaim_france,由科西嘉重建法兰西,21,available = { is_subject = no has_capitulated = no sofzh_unification_all_france = yes is_subject = no has_war = no },"completion_reward = { sofzh_unification_proclaim_france = yes country_event = { id = sofzh_corsica.7 days = 1 } 
				sofzh_reward_sof_cor_proclaim_france = yes}"
AJC,SOF_COR_reconstruction,岛屿与大陆共同重建,35,available = { is_subject = no has_capitulated = no has_country_flag = sofzh_unification_complete },"completion_reward = { add_ideas = sofzh_unify_national_market add_ideas = sofzh_cor_reconstruction 
				sofzh_reward_sof_cor_reconstruction = yes}"
AJC,SOF_COR_development_arrondissement,区级行政,35,available = { is_subject = no has_capitulated = no sofzh_development_1_states = yes },completion_reward = { add_political_power = 150 sofzh_specialist_administration_1 = yes set_country_flag = sofzh_development_arrondissement }
AJC,SOF_COR_development_department,省级组织,35,available = { is_subject = no has_capitulated = no sofzh_development_4_states = yes },completion_reward = { add_political_power = 150 sofzh_specialist_administration_1 = yes set_country_flag = sofzh_development_department }
AJC,SOF_COR_development_province,行省体系,35,available = { is_subject = no has_capitulated = no sofzh_development_7_states = yes },completion_reward = { add_political_power = 150 sofzh_specialist_administration_2 = yes set_country_flag = sofzh_development_province }
AJC,SOF_COR_development_region,大区协约,35,available = { is_subject = no has_capitulated = no sofzh_development_13_states = yes },completion_reward = { add_political_power = 150 sofzh_specialist_administration_2 = yes set_country_flag = sofzh_development_region }
AJC,SOF_COR_development_state,邦国机构,35,available = { is_subject = no has_capitulated = no sofzh_development_26_states = yes },completion_reward = { add_political_power = 150 sofzh_specialist_administration_3 = yes set_country_flag = sofzh_development_state }
AJC,SOF_COR_development_nation,国家制度,35,available = { is_subject = no has_capitulated = no sofzh_development_51_states = yes },completion_reward = { add_political_power = 150 sofzh_specialist_administration_3 = yes set_country_flag = sofzh_development_nation }
AJC,SOF20_AJC_addition0,岛内财政会议,21,available = { is_subject = no has_capitulated = no  },completion_reward = { add_political_power = 35 }
AJC,SOF20_AJC_addition1,山地道路审查,21,available = { is_subject = no has_capitulated = no  },completion_reward = { add_stability = 0.02 }
AJC,SOF20_AJC_addition2,共和代表协约,21,available = { is_subject = no has_capitulated = no  },completion_reward = { army_experience = 8 }
AJC,SOF20_AJC_addition3,岛内生产合同,21,available = { is_subject = no has_capitulated = no  },completion_reward = { add_political_power = 35 }
AJC,SOF20_AJC_addition4,港务信用计划,21,available = { is_subject = no has_capitulated = no  },completion_reward = { add_stability = 0.02 }
AJC,SOF20_AJC_addition5,运输保障议案,21,available = { is_subject = no has_capitulated = no  },completion_reward = { army_experience = 8 }
AJC,SOF20_AJC_addition6,远征军需审查,21,available = { is_subject = no has_capitulated = no  },completion_reward = { add_political_power = 35 }
AJC,SOF20_AJC_addition7,登陆经验汇编,21,available = { is_subject = no has_capitulated = no  },completion_reward = { sof20_learn_coast = yes custom_effect_tooltip = sof20_terrain_coast_tt }
AJC,SOF20_AJC_addition8,岛内服务登记,21,available = { is_subject = no has_capitulated = no  },completion_reward = { army_experience = 8 }
AJC,SOF20_AJC_addition9,大陆伙伴协议,21,available = { is_subject = no has_capitulated = no  },completion_reward = { add_political_power = 35 }
AJC,SOF20_AJC_addition10,桥头堡医疗网,21,available = { is_subject = no has_capitulated = no  },completion_reward = { add_stability = 0.02 }
AJC,SOF20_AJC_addition11,港区复兴规划,21,available = { is_subject = no has_capitulated = no  },completion_reward = { army_experience = 8 }
AJC,SOF20_AJC_addition12,岛屿代表议案,21,available = { is_subject = no has_capitulated = no  },completion_reward = { add_political_power = 35 }
AJC,SOF20_AJC_addition13,海陆制度检验,21,available = { is_subject = no has_capitulated = no  },completion_reward = { add_stability = 0.02 }
